"","p_val","avg_log2FC","pct.1","pct.2","p_val_adj"
"XIST",0,3.46041302217117,0.794,0.001,0
"USP9Y",0,-1.57865649384058,0.002,0.484,0
"UTY",0,-2.14650879508466,0.002,0.658,0
"NLGN4Y",0,-2.27971169643723,0.004,0.579,0
"TTTY14",0,-2.07423665691846,0.003,0.539,0
"KDM5D",5.80136782596717e-249,-0.687554418504587,0,0.263,2.12335863798224e-244
"TTTY10",7.08267142354984e-214,-0.689983848647566,0.003,0.236,2.59232856773348e-209
"PCDH11Y",8.06195051962684e-201,-1.44570306152681,0.015,0.246,2.95075450968862e-196
"ZFY",3.75675887605744e-165,-0.538285785990392,0.002,0.188,1.37501131622578e-160
"POLR2J3",6.43866229124284e-142,-0.588096786185961,0.299,0.567,2.35661478521779e-137
"NBPF26",2.35497198567734e-136,0.427595463433428,0.123,0.005,8.61943296477764e-132
"RPS4Y1",1.95846208338374e-131,-0.413787821229109,0.001,0.15,7.16816707139284e-127
"LINC00499",9.89003057959702e-130,1.16718678309002,0.2,0.043,3.6198500924383e-125
"RYR2",3.37136094690339e-117,-1.16500068217001,0.129,0.34,1.23395182017611e-112
"ARL17A",1.66011171897741e-115,-0.435621157559897,0.045,0.22,6.07617490262923e-111
"GRIN2A",3.60030766253308e-113,-1.01816511119813,0.105,0.304,1.31774860756373e-108
"DDX3Y",1.54849105986037e-104,-0.331925277790321,0,0.119,5.66763212819495e-100
"FRAS1",1.67694118526018e-93,-0.712944713256097,0.059,0.216,6.13777243217078e-89
"MICAL2",1.33097997130798e-92,-0.381230624462841,0.068,0.233,4.87151979298435e-88
"DGCR9",2.59692227191699e-90,-0.693506386415527,0.063,0.218,9.50499520744336e-86
"PLCG2",1.77573891454908e-89,0.776625860120812,0.656,0.596,6.49938200114109e-85
"FTH1",4.37718089881483e-89,-0.584960230084066,0.441,0.669,1.60209198077522e-84
"SYT1",2.36368192423356e-88,-1.05050595399017,0.136,0.317,8.65131221088725e-84
"KANSL1",3.56819019774971e-85,-0.45297117097668,0.503,0.7,1.30599329427837e-80
"ATP1B1",8.99374496813007e-85,-0.526065147828394,0.226,0.43,3.29180059578529e-80
"STMN2",3.50298031905572e-84,-0.380675432857523,0.061,0.21,1.28212582657758e-79
"VSNL1",2.15306276899184e-82,-0.438752105880983,0.082,0.24,7.88042504078703e-78
"XRRA1",9.47839689541956e-80,-0.397916425099195,0.159,0.344,3.46918804769251e-75
"APIP",4.77639466609948e-79,-0.415226488296316,0.088,0.246,1.74820821173907e-74
"PWRN1",2.77651335543383e-78,-0.418293785023198,0.099,0.267,1.01623165322234e-73
"FMN1",7.33150553600916e-78,-0.516999720155741,0.092,0.25,2.68340434123471e-73
"RPS27A",2.42485113785945e-77,-0.372221242763532,0.159,0.344,8.87519764967938e-73
"DLGAP2",1.63184112130434e-76,-1.03677448423652,0.097,0.25,5.97270168808603e-72
"SVOP",5.54367123746785e-76,-0.298563687512392,0.048,0.18,2.02903910962561e-71
"PTPRR",3.62381566959631e-75,-0.690069429451063,0.06,0.196,1.32635277322895e-70
"FAU",8.71651206629637e-74,-0.395853629314516,0.125,0.295,3.19033058138513e-69
"FRMPD4",2.12054222231268e-73,-0.929095616864388,0.102,0.255,7.76139658788663e-69
"SRRM4",1.08435330664838e-72,-0.50067894495368,0.086,0.234,3.96884153766372e-68
"CAMK2N1",4.40826807430935e-71,-0.439644276416336,0.208,0.385,1.61347019787796e-66
"GABRG3",9.34240731380077e-70,-0.565318123789492,0.078,0.22,3.41941450092422e-65
"AGT",9.45345651105816e-70,0.63386009307377,0.191,0.071,3.4600596176124e-65
"RPL13A",1.77353761985558e-68,-0.387631726601037,0.211,0.395,6.49132504243343e-64
"BEX1",1.95733766091932e-68,-0.254396088798501,0.055,0.183,7.16405157273082e-64
"PRKCB",3.38424591774532e-68,-0.535578176930754,0.278,0.458,1.23866784835396e-63
"KLKB1",2.16445211912075e-67,0.426192149359717,0.141,0.041,7.92211120119386e-63
"ANKUB1",7.41554801925136e-67,-0.353543717183219,0.099,0.246,2.71416473052619e-62
"VEGFA",1.06978105756396e-66,0.695977374301326,0.256,0.124,3.91550564878986e-62
"ADD2",4.00651849826241e-66,-0.261047426775869,0.082,0.221,1.46642583554902e-61
"SRRM3",5.95188382465334e-66,-0.324464533540373,0.094,0.238,2.17844899866137e-61
"CRLF3",1.76421550415256e-65,-0.277234798078758,0.168,0.337,6.45720516674877e-61
"SUMF1",5.57698644681921e-65,-0.32505939369275,0.356,0.551,2.0412328094003e-60
"FRRS1L",5.77629699947829e-65,-0.370905322225841,0.13,0.281,2.11418246477905e-60
"CACNA1B",6.68226297476249e-65,-0.631493009522876,0.139,0.287,2.44577507139282e-60
"ADGRL2",7.34705889587007e-65,-0.652871607138055,0.106,0.249,2.6890970264774e-60
"MPPED1",7.44087535631532e-65,-0.26151216755836,0.05,0.172,2.72343478916497e-60
"NEK10",2.45584290769785e-64,-0.345687931375982,0.09,0.228,8.98863062646488e-60
"SNX19",2.62497930634015e-64,-0.335186231078717,0.141,0.299,9.60768675913558e-60
"C8orf34",2.10902123452089e-63,-0.438369410090308,0.069,0.199,7.71922862046991e-59
"CACNG3",2.89860522115277e-63,-0.339299841029355,0.057,0.18,1.06091849699413e-58
"HCN1",3.21299836268997e-63,-0.577525627759365,0.098,0.239,1.17598953072816e-58
"PTPRB",2.36495485885899e-62,-0.380635717436784,0.061,0.185,8.65597127890978e-58
"CHD5",4.08288776262073e-62,-0.259441065247711,0.063,0.189,1.49437774999681e-57
"COL26A1",5.93362281697051e-62,-0.378517679998671,0.043,0.154,2.17176528723938e-57
"ZMAT4",7.56222496235349e-62,-0.491500103743938,0.056,0.176,2.767849958471e-57
"RPL18A",7.87767843260467e-62,-0.287207145312964,0.095,0.236,2.88330908311764e-57
"RBFOX3",1.65129147715135e-61,-0.43798113085099,0.084,0.218,6.04389193552166e-57
"FTL",2.15356639921338e-61,-0.450155530030461,0.302,0.494,7.88226837776089e-57
"BCL11A",6.5171849404891e-61,-0.374863045153648,0.058,0.177,2.38535486006841e-56
"SH3GL3",7.10232452104039e-61,-0.504804852808069,0.274,0.456,2.59952179794599e-56
"RPS15",7.15025402313533e-61,-0.376360483410759,0.187,0.357,2.61706447500776e-56
"NRGN",6.08330327551428e-59,-0.489541735174262,0.057,0.172,2.22654983187098e-54
"RPL19",6.73693634635667e-59,-0.35398999258198,0.139,0.292,2.46578607213e-54
"CABP1",2.12962103625962e-58,-0.384213676584562,0.066,0.184,7.79462595481385e-54
"CCDC122",2.78008736045752e-58,-0.297793179981932,0.06,0.178,1.01753977480106e-53
"RPS18",3.96618575327123e-58,-0.259957554214085,0.149,0.305,1.4516636475548e-53
"RIMBP2",1.05898674908416e-57,-0.301406737932637,0.088,0.22,3.87599740032294e-53
"RAP1GAP2",1.20806423889474e-57,-0.343949949915327,0.089,0.219,4.42163592077862e-53
"KLHL29",1.75582974107612e-57,-0.287189181239093,0.068,0.188,6.42651243531269e-53
"ZNF385B",2.38208801558429e-57,-0.484656055716197,0.095,0.227,8.71868034584006e-53
"SLC35F3",5.77989016745962e-57,-0.351558976521468,0.121,0.263,2.1154976001919e-52
"KCNC2",3.85153702665363e-56,-0.733919188692499,0.09,0.218,1.4097010671255e-51
"CELF4",7.41539550301025e-56,-0.470107538538319,0.136,0.275,2.71410890805678e-51
"TIAM1",1.137745804653e-55,-0.331993105034227,0.325,0.495,4.16426341961044e-51
"RPL6",4.20048782103618e-55,-0.288620146384701,0.133,0.276,1.53742054737745e-50
"MTRNR2L12",4.38322417338959e-55,0.512764756793417,0.116,0.035,1.60430387970232e-50
"NYAP2",5.24420938651915e-55,-0.286203712426051,0.048,0.155,1.91943307755987e-50
"EPHA3",5.57063230062607e-55,-0.42207091820087,0.056,0.166,2.03890712835215e-50
"MIAT",8.63464482984281e-55,-0.758691901087306,0.173,0.302,3.16036635417077e-50
"MFGE8",3.18872662137888e-54,0.43728367038113,0.247,0.121,1.16710583069088e-49
"FSTL4",3.35460113093611e-54,-0.463421272362157,0.041,0.142,1.22781755993392e-49
"PLCXD3",4.04528337498717e-54,-0.454960139997226,0.02,0.106,1.48061416807905e-49
"ITPR1",4.76690458825287e-54,-0.342990968199735,0.116,0.252,1.74473474834643e-49
"GABBR2",6.37148665450617e-54,-0.577451247621102,0.154,0.288,2.3320278304158e-49
"GABRB2",6.66813929780063e-54,-0.6009563792769,0.136,0.268,2.44060566438801e-49
"LINGO2",1.08582557591657e-53,-0.90591192970514,0.086,0.206,3.97423019041225e-49
"SLIT2",1.37154277341014e-53,-0.570347561058231,0.1,0.225,5.01998370495846e-49
"PAK5",1.40114957812958e-53,-0.38846343593332,0.168,0.312,5.12834757091209e-49
"HINT1",1.47337841592721e-53,-0.273608755290515,0.086,0.209,5.39271234013519e-49
"PAK1",3.56400832586345e-53,-0.295611553151089,0.151,0.298,1.30446268734928e-48
"RASGRF2",3.57444081449811e-53,-0.291350731797957,0.227,0.396,1.30828108251445e-48
"MTCL1",3.633035228894e-53,-0.281353921335294,0.105,0.235,1.32972722412749e-48
"GABRA1",4.58934509723449e-53,-0.252419475689947,0.067,0.183,1.6797461990388e-48
"TENM3",5.43426133525866e-53,-0.610111393183502,0.116,0.245,1.98899399131802e-48
"MTUS2",1.41878256182355e-52,-0.387905426045813,0.099,0.228,5.19288605453036e-48
"BACH1",1.6470195250802e-52,-0.467404465212263,0.222,0.372,6.02825616374603e-48
"FABP7",2.08170413384429e-52,0.440460165436211,0.174,0.072,7.61924530028348e-48
"RHOBTB1",5.81029023897174e-52,-0.371133162650667,0.118,0.25,2.12662433036605e-47
"CCK",1.06822999342929e-51,-0.358696083060724,0.035,0.129,3.90982859895056e-47
"FGF13",1.32985312718134e-51,-0.568455040034098,0.079,0.196,4.86739543079644e-47
"CHRM3",2.9639148971642e-51,-0.605993070941804,0.156,0.291,1.08482249151107e-46
"VAMP2",3.26591272908061e-51,-0.283530900344693,0.204,0.353,1.1953567179708e-46
"NTM",5.64861116484212e-51,0.426205890022879,0.796,0.771,2.06744817244387e-46
"STMN1",7.22797673595203e-51,-0.323278654670627,0.132,0.268,2.6455117651258e-46
"HECW2",3.42827830663128e-50,-0.400306473393171,0.338,0.491,1.25478414301011e-45
"CDH8",5.74934735009887e-50,-0.300194563751948,0.102,0.228,2.10431862360969e-45
"OLFM3",8.20947252107641e-50,-0.491656569584773,0.045,0.141,3.00474903743918e-45
"KCNQ5",8.4174793942901e-50,-0.530571375956318,0.126,0.254,3.08088163310412e-45
"KCNJ3",1.64310750603443e-49,-0.445648271546877,0.144,0.273,6.01393778283663e-45
"PLEKHA5",2.13918811253329e-49,-0.430276232612939,0.372,0.522,7.82964241068309e-45
"RPS9",2.92860992740958e-49,-0.251626567139755,0.135,0.271,1.07190051953118e-44
"DCLK1",3.14769625801324e-49,-0.629537312195967,0.139,0.267,1.15208830739543e-44
"CDH9",3.86915352720778e-49,-0.524384117876103,0.074,0.185,1.41614888249332e-44
"ELL2",4.81072485998482e-49,-0.269989463632686,0.253,0.412,1.76077340600304e-44
"RPS8",4.84570068810839e-49,-0.351833344575137,0.186,0.335,1.77357490885455e-44
"PTPRZ1",5.15359317892264e-49,0.823702199756732,0.527,0.428,1.88626663941747e-44
"DNM1",5.93135954148515e-49,-0.290189642723972,0.166,0.303,2.17093690577898e-44
"ZBTB16",9.18934627844413e-49,-0.285686356679618,0.167,0.307,3.36339263137333e-44
"CBWD5",3.62100606753734e-48,-0.262089168477167,0.128,0.261,1.32532443077934e-43
"TTLL11",4.0687947285988e-48,-0.273261271238388,0.228,0.387,1.48921955861445e-43
"RUNDC3B",1.02209916640662e-47,-0.348012448859294,0.112,0.238,3.74098515896488e-43
"KIAA1211L",2.28578642499786e-47,-0.25299173385564,0.038,0.128,8.36620689413468e-43
"WIF1",4.17062610506807e-47,1.00312433500094,0.213,0.113,1.52649086071596e-42
"LSAMP",4.88660368878979e-47,0.479576587936838,0.809,0.805,1.78854581613395e-42
"RPH3A",1.17816261311707e-46,-0.261112919718713,0.108,0.229,4.31219298026978e-42
"ELAVL2",1.37289748228043e-46,-0.270741793757386,0.054,0.153,5.02494207489459e-42
"FRMD4A",1.91226257732518e-46,-0.260904782968308,0.572,0.68,6.99907225926788e-42
"ATP2B2",2.1990971790859e-46,-0.469613180381602,0.239,0.37,8.0489155851723e-42
"ZBTB20",2.53298256386929e-46,0.367174954407442,0.829,0.8,9.27096948201797e-42
"CAP2",4.15656162636841e-46,-0.259156151156842,0.11,0.231,1.5213431208671e-41
"AQP4",7.75572430961887e-46,0.668011348955779,0.233,0.124,2.8386726545636e-41
"HGSNAT",1.02415808210927e-45,-0.251329930521306,0.212,0.36,3.74852099632814e-41
"GPR37L1",1.78857845155131e-45,0.508905350485451,0.307,0.185,6.54637599052296e-41
"ARHGAP44",2.0272232219337e-45,-0.384493572356814,0.157,0.283,7.41983971459954e-41
"RBFOX1",2.20740429486879e-45,-0.818746141102583,0.386,0.505,8.07932045964927e-41
"CCDC85A",2.28162639940505e-45,-0.404569844916514,0.088,0.197,8.35098078446243e-41
"PTCHD4",3.01266222555963e-45,-0.472025918103737,0.052,0.147,1.10266450117708e-40
"SPHKAP",5.52205900863914e-45,-0.329063535396802,0.03,0.112,2.02112881775201e-40
"KSR2",5.67964211411282e-45,-0.302057686891463,0.155,0.285,2.07880581018643e-40
"DENND3",5.75251975194363e-45,-0.26220867637306,0.049,0.143,2.10547975440889e-40
"GARNL3",9.42687770341606e-45,-0.261405734909427,0.321,0.477,3.45033150822731e-40
"ADAMTS19",1.25312716416728e-44,-0.350526303890159,0.136,0.265,4.58657073356866e-40
"CDH7",1.51522671716392e-44,-0.325878734436056,0.052,0.145,5.54588130749167e-40
"LINC01250",1.70415757171015e-44,-0.263194221162217,0.058,0.156,6.2373871282163e-40
"PALM2-AKAP2",2.00787259160636e-44,-0.265751478326148,0.24,0.402,7.34901447253845e-40
"NRG1",2.00995561456394e-44,-0.717790839174561,0.06,0.155,7.35663854486547e-40
"RASAL2",2.75069125065933e-44,-0.33113881315947,0.416,0.56,1.00678050465382e-39
"NDST3",2.86645368993586e-44,-0.325685271937281,0.058,0.154,1.04915071505343e-39
"AEBP2",6.97494091510462e-44,-0.296321603820165,0.282,0.422,2.55289812433744e-39
"DANT2",8.60645258045914e-44,-0.34640053524214,0.427,0.571,3.15004770897385e-39
"FBXO34",1.05005545364279e-43,-0.258426950419173,0.162,0.292,3.84330796587798e-39
"NETO2",1.16650991070736e-43,-0.392175018562349,0.173,0.302,4.26954292417999e-39
"TBC1D4",1.46157175866553e-43,-0.350673911353713,0.178,0.312,5.34949879389172e-39
"KCNH1",1.80136546164763e-43,-0.37441506875009,0.158,0.283,6.5931777261765e-39
"HS3ST4",2.73384683074818e-43,-0.405159196170267,0.071,0.173,1.00061527852214e-38
"MIR137HG",3.6179397937664e-43,-0.25259406684957,0.08,0.187,1.32420214391644e-38
"SPON1",6.85078035411005e-43,0.587574878535253,0.349,0.23,2.50745411740782e-38
"EML1",7.17122839564022e-43,-0.254072808676467,0.127,0.248,2.62474130508828e-38
"KCNH7",9.05856011167437e-43,-0.512697868124129,0.141,0.261,3.31552358647394e-38
"DYNC1I1",1.81235645547967e-42,-0.275475432409495,0.197,0.335,6.63340586270114e-38
"ELOVL7",1.90839547635813e-42,-0.270085050994534,0.075,0.178,6.98491828301839e-38
"CACNA1A",2.29633129782952e-42,-0.394004625512542,0.333,0.464,8.40480218318582e-38
"ARHGAP20",2.34761761062001e-42,-0.274478128617255,0.144,0.267,8.59251521663031e-38
"PTPRN2",4.38723347364846e-42,-0.451772822266834,0.249,0.372,1.60577132369007e-37
"SH3RF3",4.53942956367274e-42,-0.312093693834471,0.204,0.339,1.66147661459986e-37
"SV2B",8.90121178257538e-42,-0.253996328667932,0.033,0.113,3.25793252454042e-37
"GRIN2B",1.54709589465048e-41,-0.502231050063838,0.224,0.346,5.66252568401023e-37
"SHANK2",2.0594239588449e-41,-0.379112989054461,0.155,0.274,7.53769763176822e-37
"NRXN3",2.31375535701351e-41,-0.567409423948231,0.497,0.6,8.46857598220516e-37
"MYT1L",2.63179423314271e-41,-0.557450179410881,0.17,0.286,9.63263007272562e-37
"DBNDD2",3.64485408215296e-41,-0.302297069357539,0.119,0.238,1.33405304260881e-36
"BEX3",4.24147823320089e-41,-0.254031159459763,0.166,0.295,1.55242344813386e-36
"BASP1",7.82072616379951e-41,-0.302736773163819,0.18,0.306,2.86246398321226e-36
"GRK3",1.1254515414362e-40,-0.286197657110691,0.202,0.332,4.11926518681063e-36
"MLIP",1.24516923885412e-40,-0.327979370957099,0.028,0.103,4.55744393112998e-36
"LARGE1",2.91633917981842e-40,-0.373636849214113,0.451,0.571,1.06740930320534e-35
"ATP2B1",5.67270796553062e-40,-0.33270444915606,0.3,0.429,2.07626784246386e-35
"SH3GL2",1.11383614321515e-39,-0.319651260228881,0.12,0.231,4.07675166778178e-35
"RPL24",1.34864695445589e-39,-0.25090001358913,0.168,0.298,4.93618271800401e-35
"KCNQ3",1.93690641194595e-39,-0.341397848881613,0.27,0.409,7.08927115836337e-35
"PLPPR4",2.03704223771388e-39,-0.277662585784183,0.174,0.299,7.45577829425658e-35
"HDAC9",2.60057811963336e-39,-0.386846842865688,0.393,0.535,9.51837597567005e-35
"TRHDE",2.86848301267862e-39,-0.670110549575309,0.063,0.151,1.0498934674705e-34
"R3HDM1",3.65861763145632e-39,-0.512601437683686,0.463,0.578,1.33909063928933e-34
"SCN2A",3.92098839566913e-39,-0.374861521523164,0.223,0.346,1.43512096269886e-34
"DPYSL5",4.09408399402722e-39,-0.268656754016319,0.196,0.33,1.4984756826539e-34
"ARHGAP26",7.6025761474289e-39,-0.288167168099336,0.302,0.444,2.78261889572045e-34
"TLN2",1.68753088342e-38,-0.250698516229492,0.32,0.461,6.17653178640554e-34
"RTTN",2.28296127328199e-38,-0.513934709989971,0.189,0.313,8.3558665563394e-34
"FHIT",2.67234247867326e-38,0.493740269075002,0.716,0.714,9.78104070619202e-34
"MIR99AHG",2.86886277036849e-38,0.511813448923584,0.735,0.782,1.05003246258257e-33
"SATB2",2.91730428957862e-38,-0.440690753420592,0.068,0.157,1.06776254302867e-33
"CIT",3.3437624475592e-38,-0.265301791979286,0.159,0.28,1.22385049343114e-33
"RAPH1",3.36627041140393e-38,-0.257564092405605,0.223,0.361,1.23208863327795e-33
"C2CD5",3.94710902160959e-38,-0.257585973748088,0.345,0.482,1.44468137299933e-33
"SNRPN",4.04655245853564e-38,-0.309046555896411,0.147,0.262,1.48107866534863e-33
"GLS",4.98877594677665e-38,-0.283319646766613,0.375,0.509,1.82594188427972e-33
"ZNF98",6.95111137783331e-38,0.964684615047659,0.214,0.119,2.54417627540077e-33
"COL16A1",1.3081669624463e-37,0.350702434573117,0.201,0.107,4.78802189924968e-33
"GJA1",1.47722309344671e-37,0.576966184476955,0.218,0.121,5.40678424432429e-33
"NEDD4L",1.51118306468728e-37,-0.286690207458113,0.271,0.404,5.53108113506192e-33
"SRGAP2C",1.52155731848962e-37,-0.253969677056733,0.186,0.317,5.56905194140386e-33
"PCLO",2.00141291133861e-37,-0.569422443624554,0.198,0.307,7.32537139679045e-33
"ANKFY1",2.0657250352515e-37,-0.257258171672366,0.194,0.324,7.560760201524e-33
"AGBL4",2.12124067488959e-37,-0.500800529326804,0.218,0.334,7.76395299416338e-33
"SND1",3.22062750163391e-37,-0.257292213634027,0.263,0.403,1.17878187187303e-32
"RPL41",3.74904600282247e-37,-0.251937189063687,0.288,0.433,1.37218832749305e-32
"RTN1",4.05815108370146e-37,-0.285340426350398,0.302,0.432,1.48532387814557e-32
"MYRIP",4.75797772180932e-37,-0.365406966238937,0.178,0.297,1.74146742595943e-32
"SPTBN4",8.35559779802774e-37,-0.373928420253556,0.23,0.35,3.05823235005613e-32
"QKI",8.77048098108355e-37,0.250051444039276,0.891,0.871,3.21008374388639e-32
"MEG3",1.10766480565871e-36,-0.745993121878481,0.308,0.41,4.05416395519145e-32
"SCAI",1.18589803446893e-36,-0.317424893041201,0.274,0.397,4.34050539595975e-32
"SLIT1",3.62240080938461e-36,-0.284382055224638,0.073,0.161,1.32583492024286e-31
"MALRD1",4.28942757235603e-36,0.375616389797973,0.139,0.063,1.56997338575803e-31
"LRRK1",1.47965423072206e-35,-0.451820526493288,0.088,0.183,5.41568244986581e-31
"NWD2",3.31530659188558e-35,-0.265717756974144,0.054,0.134,1.21343536569604e-30
"GRIK2",5.22980825361785e-35,-0.354240286350472,0.418,0.582,1.91416211890667e-30
"EDNRB",7.66910307909102e-35,0.397002904667108,0.229,0.132,2.80696841797811e-30
"SNAP25",1.23883317670666e-34,-0.390997175052003,0.255,0.366,4.53425331006405e-30
"SLC39A10",1.84687787728761e-34,-0.412302664220737,0.198,0.32,6.75975771866039e-30
"TENM2",4.26232921243919e-34,-0.74618045649142,0.256,0.36,1.56005511504487e-29
"CHSY3",5.83232026947675e-34,-0.281757545594126,0.18,0.297,2.13468754183119e-29
"IQCJ-SCHIP1",5.94443174436541e-34,-0.456971757692156,0.223,0.34,2.17572146275518e-29
"ERC2",6.958960558961e-34,-0.527402476388901,0.292,0.404,2.54704915418532e-29
"ZFPM2-AS1",6.97361487291727e-34,-0.29404148989169,0.088,0.179,2.55241277963645e-29
"ATP1A2",7.13972331989929e-34,0.335161672629824,0.409,0.285,2.61321013231634e-29
"NFIA",1.02639621197599e-33,0.453696232574566,0.687,0.657,3.75671277545333e-29
"NMNAT2",1.06626460559129e-33,-0.296315813455296,0.167,0.281,3.9026350829247e-29
"MKNK1",1.43792069123404e-33,-0.278396785534046,0.169,0.286,5.26293352198571e-29
"VIM",3.07119088080853e-33,0.313931828585124,0.114,0.047,1.12408657428473e-28
"SPOCK1",5.63610777635484e-33,-0.256927293051768,0.396,0.522,2.06287180722364e-28
"CPNE4",5.91487784036101e-33,-0.269098027355126,0.06,0.14,2.16490443835053e-28
"PLSCR4",6.34719433864693e-33,0.356802836236591,0.201,0.112,2.32313659988816e-28
"AFF3",8.32383752629266e-33,-0.458948799215833,0.354,0.473,3.04660777299838e-28
"RGS6",1.15415637312821e-32,-0.440719019043353,0.125,0.226,4.22432774128658e-28
"CYFIP1",1.50359037759383e-32,-0.25424595133185,0.207,0.329,5.50329114103119e-28
"TENM4",1.77976526002239e-32,-0.328358455066977,0.271,0.387,6.51411882820796e-28
"ROBO2",2.17880680884556e-32,-0.53256748349386,0.214,0.323,7.97465080105562e-28
"SLC39A12",2.36054766937778e-32,0.415100277678813,0.19,0.103,8.6398405246896e-28
"RTN3",6.50785602028851e-32,-0.250710684372312,0.41,0.526,2.3819403819858e-27
"CUX2",2.89616635220845e-31,-0.423518290843252,0.068,0.147,1.06002584657181e-26
"UNC13C",5.51199588642675e-31,-0.399412466628552,0.132,0.229,2.01744561439105e-26
"SGCZ",7.23985639824814e-31,-0.353897556116999,0.38,0.523,2.6498598403228e-26
"GPC5",1.36676413354342e-30,0.527486213985572,0.499,0.394,5.00249340518229e-26
"ATP8A2",1.68348632300465e-30,-0.439657273555627,0.171,0.271,6.16172829082933e-26
"NKAIN4",2.09293594366326e-30,0.268918179348572,0.222,0.13,7.6603548474019e-26
"NPAS3",2.25836165898934e-30,0.431333860694672,0.745,0.765,8.26582950806687e-26
"VAV3",4.28304876669916e-30,0.532887829569965,0.258,0.169,1.56763867909956e-25
"CADPS",4.33313682769062e-30,-0.488071776864461,0.361,0.46,1.58597141030304e-25
"CDH12",7.07295535745442e-30,-0.254291414135258,0.103,0.195,2.58877239038189e-25
"SLC4A10",1.94256262145856e-29,-0.442544330715277,0.219,0.314,7.10997345080047e-25
"SOCS6",1.99947006090557e-29,-0.397232188015137,0.117,0.209,7.31826036992048e-25
"PDE3A",2.16181316681692e-29,0.461243470173143,0.323,0.227,7.9124523718666e-25
"FBXW7",2.87238355745653e-29,-0.284956783304392,0.323,0.438,1.05132110586467e-24
"OXR1",3.06546527145106e-29,-0.389426242699196,0.414,0.517,1.1219909440038e-24
"ATP13A4",3.34076391556493e-29,0.418212741817199,0.392,0.292,1.22275300073592e-24
"PLXNA4",3.52053958988715e-29,-0.440587909989367,0.144,0.236,1.2885526952946e-24
"GRIN3A",4.03367266329521e-29,-0.449217527849008,0.057,0.128,1.47636453149268e-24
"LINC01182",5.05856208079014e-29,0.294793909385024,0.114,0.052,1.85148430719e-24
"ABCB1",6.94562287904003e-29,-0.367868328735272,0.042,0.109,2.54216742995744e-24
"PTPRD",7.78733347008968e-29,-0.642872691349985,0.643,0.732,2.85024192338752e-24
"EPHA5",1.76750543410665e-28,-0.35676710729203,0.144,0.238,6.46924663937373e-24
"ZFHX4",1.77176182108507e-28,0.418700929652527,0.452,0.356,6.48482544135347e-24
"PHACTR1",2.36413337285648e-28,-0.497705677771021,0.529,0.618,8.65296455799201e-24
"CLDN10",5.51915891746901e-28,0.300786937115784,0.161,0.086,2.02006735538283e-23
"F3",8.74749361159334e-28,0.349168285396273,0.245,0.154,3.20167013677928e-23
"SDK1",9.19354271499515e-28,-0.344504876678663,0.238,0.349,3.36492856911537e-23
"PTPRJ",1.03054755536088e-27,-0.315602201568683,0.423,0.552,3.77190710737634e-23
"RHOJ",1.51529153686236e-27,0.35998956655714,0.262,0.17,5.54611855406993e-23
"NETO1",2.15328440261121e-27,-0.350753208975375,0.167,0.264,7.88123624199728e-23
"ARHGAP42",2.4572180173066e-27,0.471124644838549,0.344,0.255,8.9936636651439e-23
"NKAIN3",3.32197973192839e-27,0.487550094415156,0.52,0.441,1.21587780168311e-22
"GPR158",5.47244791431997e-27,-0.254670233710744,0.322,0.458,2.00297066112025e-22
"HLA-B",8.07761286239979e-27,0.395453668065331,0.118,0.056,2.95648708376695e-22
"RAPGEF3",8.51993960713633e-27,0.378107315698882,0.158,0.085,3.11838309560797e-22
"CSPG5",1.1622612078184e-26,0.521956993581636,0.376,0.303,4.25399224673613e-22
"RALYL",1.30091142543775e-26,-0.949814397254105,0.229,0.318,4.76146590824471e-22
"SLCO1C1",1.3833216164342e-26,0.498664219191373,0.258,0.171,5.06309544831082e-22
"SYN2",2.19483890356719e-26,-0.250402431023256,0.203,0.304,8.03332987094627e-22
"GRIA4",2.76055172170874e-26,-0.477803574155413,0.354,0.456,1.01038953566262e-21
"PRRX1",3.19173075489431e-26,0.293562519696518,0.279,0.185,1.16820537359887e-21
"DST",3.59748130715851e-26,0.504503690491789,0.768,0.772,1.31671413323309e-21
"SLC1A2",3.85897256036383e-26,0.596667071450316,0.547,0.484,1.41242254681877e-21
"ST6GALNAC5",4.92003695802967e-26,-0.32430296633192,0.119,0.205,1.80078272700844e-21
"NKAIN2",7.12648605414007e-26,-0.518682941783391,0.36,0.462,2.60836516067581e-21
"MT1E",1.00916854831666e-25,0.255067431506289,0.115,0.054,3.6936578036938e-21
"GABRB3",1.1475957547654e-25,-0.301975033700934,0.24,0.337,4.20031522201684e-21
"NELL1",3.42441351386804e-25,-0.465130691654018,0.179,0.269,1.25336959021084e-20
"CLU",4.9973843670471e-25,0.942217359686364,0.376,0.311,1.82909265218291e-20
"STK33",6.26840069753662e-25,0.348725553593418,0.286,0.195,2.29429733930538e-20
"APOE",6.50138426433696e-25,0.580684218008542,0.357,0.263,2.37957165458997e-20
"GALNT13",7.81529701039227e-25,-0.285193924996507,0.38,0.515,2.86047685877367e-20
"MT2A",1.70053481572209e-24,0.2768892875898,0.184,0.109,6.22412747902443e-20
"PPM1E",1.71190943044199e-24,-0.31092213358314,0.239,0.337,6.26575970636072e-20
"CACNB4",1.8753916940812e-24,-0.285165279803058,0.357,0.45,6.86412113950661e-20
"NELL2",3.19397591889868e-24,-0.519822747686957,0.148,0.228,1.16902712607611e-19
"IPCEF1",4.36838907502414e-24,-0.408259365982416,0.117,0.199,1.59887408534958e-19
"SYNPR",5.03400520108731e-24,-0.338971328096352,0.068,0.137,1.84249624364996e-19
"NREP",5.13654141388271e-24,-0.482828447660505,0.154,0.239,1.88002552289521e-19
"FAM107B",1.07812008445911e-23,-0.398064447401392,0.154,0.237,3.94602732112881e-19
"PLPP3",1.20589344868318e-23,0.41108948915141,0.386,0.298,4.41369061152529e-19
"SOX6",2.25305704006749e-23,0.368674068661826,0.522,0.421,8.24641407235104e-19
"KCNJ10",2.40399838326219e-23,0.312092938264788,0.232,0.151,8.79887448257795e-19
"FOXP2",2.5832627993094e-23,-0.267961391065891,0.092,0.166,9.45500017175232e-19
"CACNA1C",2.61100152176685e-23,-0.378867981158018,0.285,0.374,9.55652666981884e-19
"ALDH1A1",3.16852846237318e-23,0.548324125193738,0.208,0.134,1.15971310251321e-18
"PAQR8",6.35364069897409e-23,0.374679178252021,0.189,0.118,2.32549603223151e-18
"ATP1B2",7.66131393302698e-23,0.549252836638439,0.356,0.282,2.8041175126272e-18
"TUBB2B",8.32378933755473e-23,0.323447629636542,0.189,0.12,3.04659013543841e-18
"ADGRV1",9.97085267655105e-23,0.686016961881331,0.32,0.242,3.64943178814445e-18
"DDAH1",1.06032520437477e-22,0.462706934329469,0.363,0.292,3.88089628053208e-18
"OLIG1",1.18961827077142e-22,0.447114739056318,0.302,0.22,4.35412183285046e-18
"LDLRAD4",3.39928663282762e-22,-0.270472643758042,0.529,0.643,1.24417290048124e-17
"PDE10A",3.46368457641272e-22,-0.531250097763144,0.28,0.365,1.26774319181282e-17
"FGFR3",4.39134204881955e-22,0.268865569464004,0.253,0.169,1.60727510328844e-17
"PMP2",6.31219067195054e-22,0.255492839623399,0.2,0.125,2.31032490784062e-17
"OLFM1",8.06924283979563e-22,-0.318214764090633,0.21,0.299,2.9534235717936e-17
"C1orf61",1.57629206729199e-21,0.335177583987665,0.509,0.451,5.76938659549542e-17
"SLC7A11",1.82920016655157e-21,0.299234519780483,0.241,0.161,6.69505552959541e-17
"GLI3",2.23605603898301e-21,0.335697099488327,0.211,0.135,8.18418870828171e-17
"JPX",3.05438288370102e-21,0.478068161257643,0.557,0.528,1.11793467926341e-16
"PDE1C",3.26669276075157e-21,-0.2760025448098,0.354,0.463,1.19564221736268e-16
"DGKI",3.33876553457337e-21,-0.256064753502443,0.289,0.391,1.2220215733092e-16
"OLIG2",3.35348178389375e-21,0.297069010099513,0.161,0.097,1.22740786772295e-16
"UNC5D",3.67218765813551e-21,-0.474559139423331,0.25,0.336,1.34405740475418e-16
"RGS20",3.95380596846073e-21,0.481508719175186,0.23,0.158,1.44713252251631e-16
"SOX5",4.37160844957943e-21,0.504804110906354,0.587,0.575,1.60005240863057e-16
"SNHG25",5.41176164136019e-21,0.341390926893414,0.178,0.114,1.98075887835424e-16
"CDH20",8.19371812670446e-21,0.428990328521415,0.592,0.546,2.9989827715551e-16
"PTN",9.87188239386431e-21,0.404433050492434,0.557,0.501,3.61320767497828e-16
"CACHD1",1.15579130461809e-20,0.36949234148659,0.298,0.221,4.23031175403268e-16
"ESYT2",1.22366026142597e-20,-0.251644146271237,0.246,0.354,4.47871892284518e-16
"KHDRBS2",1.70637962882837e-20,-0.801754666699718,0.204,0.276,6.2455200794747e-16
"SPARCL1",2.02191838929988e-20,0.710241665799635,0.431,0.373,7.40042349667649e-16
"SLC16A9",2.36133039977592e-20,0.290760588907868,0.117,0.063,8.64270539621985e-16
"SOX9",2.4878906090543e-20,0.299179416577805,0.168,0.103,9.10592841819964e-16
"PDLIM5",2.95697186195307e-20,0.296039626415892,0.383,0.291,1.08228127119344e-15
"KIAA1217",5.01211341454006e-20,-0.524081520090092,0.23,0.314,1.83448363085581e-15
"NHSL1",6.77566805135071e-20,0.411015049192682,0.368,0.289,2.47996226347487e-15
"CNKSR2",6.99619465314239e-20,-0.253621089736378,0.258,0.346,2.56067720499665e-15
"RARB",1.3351127923961e-19,-0.288118180611927,0.096,0.162,4.88664633144898e-15
"NBEA",2.32721255567126e-19,-0.27729094272873,0.532,0.603,8.51783067501239e-15
"BMPR1B",2.68447596364069e-19,0.489024648310789,0.239,0.17,9.82545047452128e-15
"KALRN",3.03331171316464e-19,-0.452099622015777,0.414,0.478,1.11022242013539e-14
"RIMS2",3.67516719000068e-19,-0.321764899844505,0.32,0.41,1.34514794321215e-14
"BCAN",3.68923948717946e-19,0.34521231143213,0.301,0.225,1.35029854470255e-14
"HECW1",4.12419018382077e-19,-0.339499599285788,0.244,0.329,1.50949484918024e-14
"RMST",4.83490114187863e-19,0.258033433887658,0.164,0.1,1.769622166939e-14
"CALN1",6.93295448234269e-19,-0.285548801069158,0.233,0.322,2.53753067008225e-14
"S100B",7.00430989023292e-19,0.296477299394174,0.312,0.228,2.56364746292415e-14
"GALNTL6",8.0926669409034e-19,-0.434490260848954,0.168,0.244,2.96199702704005e-14
"SORBS2",1.47389500422515e-18,-0.285453594680394,0.271,0.357,5.39460310496446e-14
"CNTNAP5",3.1665490396553e-18,-0.32192214744977,0.3,0.387,1.15898861400424e-13
"SERPINE2",3.65270447613608e-18,0.358702497165183,0.346,0.278,1.33692636531057e-13
"GRM5",5.83192742478431e-18,-0.278969993064982,0.318,0.407,2.1345437567453e-13
"MCTP1",5.90726581603912e-18,-0.271812441731511,0.207,0.293,2.16211836132848e-13
"ADGRA3",6.83194437598171e-18,0.418720376250557,0.289,0.225,2.50055996105307e-13
"FIGN",8.28450499572416e-18,0.354630246753713,0.446,0.374,3.032211673485e-13
"LINC01374",8.99407379758997e-18,-0.469383224258221,0.079,0.137,3.29192095065591e-13
"NFIB",1.03512938539726e-17,0.343626481875325,0.57,0.53,3.78867706349249e-13
"RBMS3",1.1420504965957e-17,0.310305141973978,0.551,0.478,4.18001902258993e-13
"NDRG2",1.86747649898932e-17,0.271952124557293,0.311,0.234,6.83515073395081e-13
"NRXN1",3.51334082382189e-17,0.449167953882604,0.643,0.724,1.28591787492705e-12
"PPP1R14A",3.72051084184713e-17,-0.26239591789943,0.118,0.183,1.36174417322447e-12
"ARHGEF26-AS1",5.0834074091646e-17,0.350971469685758,0.241,0.175,1.86057794582833e-12
"PRKD1",6.77300993317562e-17,0.383782409195228,0.528,0.487,2.47898936564161e-12
"ADGRL3",2.25869532057418e-16,0.326064878002564,0.704,0.708,8.26705074283356e-12
"CCSER1",2.58731993163943e-16,-0.436156929486762,0.275,0.34,9.46984968179348e-12
"WWOX",3.15692785416148e-16,0.314573095058011,0.715,0.722,1.15546716390164e-11
"INPP4B",3.27378948290181e-16,0.459006060400591,0.353,0.278,1.19823968863689e-11
"CDC14A",4.39858622969981e-16,0.263409023472937,0.26,0.187,1.60992654593243e-11
"CTNND2",4.4826910958464e-16,0.347206722625211,0.725,0.753,1.64070976799074e-11
"CNTNAP2",5.02430603210665e-16,-0.610528639208701,0.341,0.401,1.83894625081135e-11
"PAMR1",5.72417202152723e-16,0.398125195903306,0.222,0.16,2.09510420159918e-11
"SFMBT2",6.52678951326864e-16,-0.259355115259223,0.385,0.482,2.38887022975146e-11
"MT3",7.9986615451007e-16,0.505603912597213,0.364,0.312,2.92759011212231e-11
"DTNA",1.20185676037771e-15,0.536438770095971,0.653,0.685,4.39891592865847e-11
"CNTNAP3B",1.84660681202606e-15,0.294447677089225,0.215,0.154,6.75876559269659e-11
"KCNIP4",1.94211920181725e-15,-0.296966008703917,0.352,0.435,7.10835049057133e-11
"LINC00299",4.57216692849295e-15,0.646480757504828,0.287,0.235,1.6734588174977e-10
"PREX2",4.85029686022623e-15,0.387553021173734,0.575,0.54,1.7752571538114e-10
"CDH13",5.93999052828845e-15,-0.382928462308971,0.287,0.362,2.17409593325886e-10
"SAMD4A",6.29303852066185e-15,0.459179969017026,0.454,0.417,2.30331502894744e-10
"SNHG14",9.38410990484373e-15,-0.324669927258307,0.676,0.734,3.43467806627185e-10
"DDX3X",2.4988061408105e-14,0.338927589044415,0.231,0.178,9.14588035598052e-10
"KAZN",3.81037485498438e-14,-0.320422811297154,0.442,0.513,1.39463530067283e-09
"ARHGEF26",4.32145610127092e-14,0.276233627062731,0.234,0.174,1.58169614762617e-09
"RGS7",6.0102820463373e-14,-0.509003887767797,0.489,0.528,2.19982333177992e-09
"ZNF804B",7.15512263409364e-14,-0.301558579152443,0.1,0.155,2.61884643530461e-09
"SAMSN1",9.03872671027431e-14,-0.271013066361484,0.073,0.122,3.3082643632275e-09
"SLC1A3",1.02985394096277e-13,0.546074242069492,0.564,0.518,3.76936840931785e-09
"CRB1",1.234048320328e-13,0.379639815147916,0.412,0.363,4.51674025723253e-09
"CELF2",1.87612082425128e-13,-0.367326187571232,0.579,0.645,6.8667898288421e-09
"LINC00320",2.05868866101443e-13,-0.263687746205965,0.146,0.204,7.5350063681789e-09
"PTPN13",2.28721233598759e-13,0.45372355268762,0.345,0.296,8.37142587094816e-09
"GPM6A",2.29966802637263e-13,0.466289182283316,0.616,0.619,8.41701494332647e-09
"A2M",3.00243915385646e-13,-0.282512850882171,0.119,0.176,1.098922754703e-08
"TMEM132D",3.5867348412797e-13,-0.365266960726826,0.29,0.362,1.31278081925678e-08
"NOTCH2",4.32602060321871e-13,0.279266490761107,0.252,0.198,1.58336680098408e-08
"TMEM144",4.3630418366783e-13,-0.347235125232152,0.209,0.275,1.59691694264262e-08
"NAV1",4.36684491494132e-13,0.465773659230335,0.571,0.59,1.59830890731767e-08
"ATP2B4",4.42374921685299e-13,0.30207517350204,0.35,0.293,1.61913645086036e-08
"RORA",4.89227090839966e-13,0.260853876275707,0.653,0.644,1.79062007518336e-08
"SLC4A4",7.03621198365533e-13,0.720716463887763,0.383,0.345,2.57532394813769e-08
"RANBP3L",7.30329816080023e-13,0.317607440037288,0.209,0.153,2.67308015983449e-08
"NCKAP5",7.64842070453122e-13,0.298025139373071,0.672,0.637,2.79939846206547e-08
"CPE",9.21467226518775e-13,0.577939980063843,0.459,0.438,3.37266219578137e-08
"COL9A1",9.64121094136777e-13,0.453127126528786,0.241,0.188,3.52877961665002e-08
"ADRA1A",1.0830446192855e-12,0.25834850859953,0.289,0.23,3.96405161104684e-08
"TCF7L2",1.16840924994341e-12,0.256226751587477,0.451,0.389,4.27649469571788e-08
"LDB2",1.97311766763249e-12,-0.331724731893025,0.248,0.306,7.22180797530169e-08
"NEGR1",2.0176124202312e-12,-0.268865745856045,0.533,0.594,7.3846632192882e-08
"KCTD16",2.2104812652978e-12,-0.314373439699978,0.284,0.35,8.09058247911649e-08
"STXBP5L",2.47391101770064e-12,-0.31559917188285,0.331,0.394,9.05476171588611e-08
"GPM6B",2.62187852270034e-12,0.400038797285376,0.616,0.634,9.59633758093552e-08
"CX3CR1",2.97462069824066e-12,-0.352567173918402,0.069,0.112,1.08874092176307e-07
"MIR3681HG",3.12122789369639e-12,0.481147762977189,0.168,0.121,1.14240062137182e-07
"BCHE",3.36437869076808e-12,0.308257473550854,0.21,0.158,1.23139624460803e-07
"DLGAP1",3.56413450676127e-12,-0.356715889701434,0.439,0.481,1.30450887081969e-07
"LINC01266",3.7149883645811e-12,0.291654979457131,0.121,0.079,1.35972289132033e-07
"VCAN",4.46176373806108e-12,0.285468769489931,0.277,0.218,1.63305014576774e-07
"THSD4",4.55326867327419e-12,-0.344053798862287,0.074,0.12,1.66654186710509e-07
"PLEKHH2",4.60282112351428e-12,0.309499232408153,0.198,0.147,1.68467855941746e-07
"SGCD",7.59624484764377e-12,0.365540284510113,0.543,0.535,2.7803015766861e-07
"SPATA6",1.40917273611655e-11,0.327941102686243,0.474,0.422,5.15771313146019e-07
"CST3",2.07358021545815e-11,0.280743930516373,0.41,0.355,7.58951094659839e-07
"PDE7B",2.68559022093783e-11,0.376462370444214,0.457,0.414,9.82952876765454e-07
"TBXAS1",3.1851984660405e-11,-0.27035484687549,0.094,0.14,1.16581449055548e-06
"EPHA6",3.5738342058212e-11,-0.312148753404364,0.171,0.225,1.30805905767262e-06
"CACNB2",3.60639460353487e-11,0.657522223435482,0.445,0.42,1.3199764888398e-06
"ZNF804A",3.61595292861854e-11,-0.439707744391206,0.217,0.277,1.32347493140367e-06
"MPPED2",3.8380703589931e-11,0.324162182182429,0.396,0.35,1.40477213209507e-06
"ADD3",4.18718916413986e-11,0.339459266652209,0.538,0.532,1.53255310596683e-06
"MYO15B",5.24001841451524e-11,0.301638735180216,0.177,0.127,1.91789913989672e-06
"DOCK8",7.22931778617823e-11,-0.521239623612983,0.106,0.152,2.64600260291909e-06
"ZHX2",8.01473294736907e-11,0.319746166697411,0.451,0.398,2.93347240606656e-06
"FAM155A",1.06039275498453e-10,0.278318607926927,0.613,0.574,3.88114352251889e-06
"SLC35F1",1.3653493506373e-10,0.361458297528219,0.534,0.521,4.99731515826759e-06
"ZEB1",1.43843626790115e-10,0.448009201045333,0.528,0.516,5.26482058414499e-06
"LRRC4C",1.85260277480672e-10,0.355480818361205,0.658,0.649,6.78071141607006e-06
"SLC15A2",2.28291550113807e-10,0.260372402690458,0.198,0.15,8.35569902571544e-06
"MROH7",3.6613840826924e-10,0.258893214419249,0.199,0.154,1.34010318810625e-05
"ESRRG",3.87760334518492e-10,0.351900075273621,0.499,0.481,1.41924160037113e-05
"GLUL",4.26852527040472e-10,0.431120047439473,0.389,0.349,1.56232293422083e-05
"MEIS2",4.87390910759164e-10,0.269949826562169,0.5,0.454,1.78389947246962e-05
"ITM2C",4.9634081796986e-10,0.337261683165292,0.302,0.263,1.81665702785148e-05
"PCSK5",5.01244759088574e-10,0.284955141332784,0.358,0.307,1.83460594274009e-05
"ROR1",5.86582529454798e-10,0.400330006580055,0.217,0.171,2.14695071605751e-05
"GPRC5B",7.83570293281289e-10,0.321877748973734,0.429,0.391,2.86794563043885e-05
"SEMA5A",8.69376605973912e-10,0.392330630558637,0.377,0.337,3.18200531552512e-05
"PARD3B",1.59193863235357e-09,0.378429490347427,0.392,0.351,5.82665458827728e-05
"CHL1",1.88499242365108e-09,0.401239325205591,0.455,0.449,6.89926076980533e-05
"SLC38A1",2.57238708563951e-09,0.310056165936537,0.178,0.245,9.41519397214917e-05
"PDGFRA",2.69894729327773e-09,0.43715004201396,0.239,0.194,9.87841698812581e-05
"PARD3",5.80108786571883e-09,0.309967945241112,0.472,0.442,0.000212325616973175
"ZMAT3",7.10432589097547e-09,0.311383706374786,0.284,0.25,0.000260025431935593
"BCKDHB",1.01144780470625e-08,0.413365044400769,0.404,0.386,0.000370200011000534
"PITPNC1",1.23293745659092e-08,0.369121300683676,0.548,0.539,0.000451267438486841
"PLCB1",1.60886343633495e-08,-0.292529545383921,0.525,0.552,0.000588860106332956
"B3GAT2",1.610045907854e-08,0.271073069772731,0.155,0.119,0.000589292902733642
"ACTB",1.90369086747189e-08,0.384933800161362,0.488,0.486,0.000696769894403387
"ENO1",2.24671660346537e-08,0.336856020298884,0.241,0.207,0.00082232074403436
"LHFPL2",2.76399194598317e-08,-0.309298943860086,0.197,0.244,0.0010116486921493
"TPD52L1",3.0386973711621e-08,0.293562277087734,0.154,0.118,0.00111219362481904
"HS6ST3",3.99134935989537e-08,-0.259559922133197,0.302,0.362,0.0014608737792153
"GRM3",4.18633274646111e-08,0.625553298643083,0.444,0.463,0.00153223964853223
"BBS9",4.38186098785752e-08,0.278576711498142,0.533,0.531,0.00160380494016573
"BRINP3",4.40215562087361e-08,0.339132071864392,0.47,0.439,0.00161123297879595
"AC012494.1",4.60567226890307e-08,-0.388974559804091,0.19,0.234,0.00168572210714121
"TRPS1",8.27058841019853e-08,0.344512790344266,0.537,0.544,0.00302711806401676
"RFX4",8.6510996513529e-08,0.290491233789575,0.307,0.269,0.00316638898339167
"PXK",8.65127996630077e-08,0.258298886922231,0.333,0.422,0.00316645498046574
"SLC24A2",1.11277698902677e-07,0.316537215770479,0.399,0.495,0.00407287505753687
"RFTN2",1.30238014312574e-07,0.287492396049875,0.435,0.375,0.0047668415618545
"SCD5",1.4210653955884e-07,0.258431882874519,0.633,0.649,0.00520124145439309
"SLC5A11",1.78941355282176e-07,0.610983525458528,0.139,0.107,0.00654943254468292
"CEP85L",1.87705879793389e-07,0.377600385740321,0.518,0.535,0.00687022290631782
"LHFPL3",2.02221553531955e-07,0.698644263270847,0.318,0.295,0.00740151108082308
"AATK",2.84617531541826e-07,0.270810742468756,0.281,0.356,0.0104172862719624
"GLIS3",7.50523644955089e-07,0.312568092516751,0.274,0.237,0.0274699159290012
"GRIP1",7.53389536996257e-07,-0.464496757647499,0.233,0.274,0.0275748104436
"DLC1",9.30080262786614e-07,0.364642972191713,0.537,0.5,0.0340418676982528
