"","motif","observed","background","percent.observed","percent.background","fold.enrichment","pvalue","motif.name","p.adjust","logp"
"MA0162.4","MA0162.4",79,3762,19.0361445783133,9.405,2.02404514389296,1.12088014807631e-09,"EGR1",8.36176590464928e-07,8.95044082256276
"MA1650.1","MA1650.1",49,1881,11.8072289156626,4.7025,2.51084081141152,3.91658000087162e-09,"ZBTB14",1.46088434032511e-06,8.40709299804203
"MA1514.1","MA1514.1",86,5008,20.7228915662651,12.52,1.65518303244929,1.59687584525251e-06,"KLF17",0.000397089793519457,5.79672884830596
"MA0753.2","MA0753.2",73,4094,17.5903614457831,10.235,1.71864791849371,3.17305665709043e-06,"ZNF740",0.000591775066547365,5.49852217320622
"MA1513.1","MA1513.1",72,4055,17.3493975903614,10.1375,1.71140790040557,4.35724092523114e-06,"KLF15",0.000643552311907195,5.36078842592478
"MA0103.3","MA0103.3",66,3624,15.9036144578313,9.06,1.75536583419772,5.17602395635813e-06,"ZEB1",0.000643552311907195,5.28600372227559
"MA1564.1","MA1564.1",77,4491,18.5542168674699,11.2275,1.65256885927142,6.80229616667144e-06,"SP9",0.000724930420048128,5.16734446314852
"MA0732.1","MA0732.1",49,2452,11.8072289156626,6.13,1.92613848542621,9.35942508474971e-06,"EGR3",0.000777840734534219,5.02875082756415
"MA1548.1","MA1548.1",46,2243,11.0843373493976,5.6075,1.97669859106511,9.38413754799996e-06,"PLAGL2",0.000777840734534219,5.02760563517433
"MA0747.1","MA0747.1",82,4966,19.7590361445783,12.415,1.59154540028823,1.30371288179765e-05,"SP8",0.00097256980982105,4.88481804325184
"MA0632.2","MA0632.2",31,1311,7.46987951807229,3.2775,2.27913944105943,2.18284458087922e-05,"TCFL5",0.00146719559380808,4.66097718507391
"MA0733.1","MA0733.1",49,2541,11.8072289156626,6.3525,1.85867436688904,2.36010015089772e-05,"EGR4",0.00146719559380808,4.62706956734372
"MA0506.1","MA0506.1",39,1868,9.39759036144578,4.67,2.01233198317897,3.1671802580979e-05,"NRF1",0.00181747420964695,4.49932721832388
"MA0471.2","MA0471.2",81,5113,19.5180722891566,12.7825,1.52693700677932,6.38661266122911e-05,"E2F6",0.00317777532063735,4.19472942237213
"MA1102.2","MA1102.2",73,4476,17.5903614457831,11.19,1.57197153224157,6.41880559889187e-05,"CTCFL",0.00317777532063735,4.19254577723783
"MA0472.2","MA0472.2",34,1596,8.19277108433735,3.99,2.05332608630009,7.0155560147826e-05,"EGR2",0.00317777532063735,4.15393790345491
"MA0872.1","MA0872.1",41,2082,9.87951807228916,5.205,1.89808224251473,7.2415791489055e-05,"TFAP2A(var.3)",0.00317777532063735,4.14016671821259
"MA0815.1","MA0815.1",38,1901,9.1566265060241,4.7525,1.92669679243011,9.90371338554562e-05,"TFAP2C(var.3)",0.00410453899200946,4.00420193666777
"MA0810.1","MA0810.1",50,2782,12.0481927710843,6.955,1.7323066529237,0.000113348946164279,"TFAP2A(var.2)",0.00445043757045012,3.94558251327161
"MA0131.2","MA0131.2",22,869,5.30120481927711,2.1725,2.44014030806771,0.000132814408240943,"HINFP",0.00495397742738716,3.87675480840092
"MA0461.2","MA0461.2",30,1386,7.2289156626506,3.465,2.08626714650811,0.000142781679090975,"Atoh1",0.0050721491715175,3.8453275151099
"MA1627.1","MA1627.1",107,7484,25.7831325301205,18.71,1.37804022074401,0.000219476370252658,"Wt1",0.00744224419129469,3.65861223087197
"MA1648.1","MA1648.1",68,4281,16.3855421686747,10.7025,1.53100137058395,0.000255847892106127,"TCF12(var.2)",0.00829837076135526,3.59201815676671
"MA0695.1","MA0695.1",27,1240,6.50602409638554,3.1,2.09871745044695,0.000278615540917391,"ZBTB7C",0.00835463207111866,3.55499466269157
"MA1155.1","MA1155.1",70,4455,16.8674698795181,11.1375,1.51447541005774,0.00028009126784517,"ZSCAN4",0.00835463207111866,3.55270043057583
"MA0694.1","MA0694.1",23,983,5.54216867469879,2.4575,2.2552059713932,0.000291180206232018,"ZBTB7B",0.00835463207111866,3.53583815070647
"MA1511.1","MA1511.1",67,4244,16.144578313253,10.61,1.52163791830848,0.000338882786559174,"KLF10",0.00936320588048681,3.46995049044921
"MA1596.1","MA1596.1",129,9501,31.0843373493976,23.7525,1.3086764487695,0.000368261549258195,"ZNF460",0.00981153984809334,3.4338436241175
"MA1558.1","MA1558.1",61,3785,14.6987951807229,9.4625,1.5533733348188,0.000382012412084491,"SNAI1",0.00982693997982863,3.41792252606151
"MA0522.3","MA0522.3",66,4196,15.9036144578313,10.49,1.51607382820127,0.000416910858108601,"TCF3",0.0103671833383005,3.37995679387528
"MA0741.1","MA0741.1",83,5596,20,13.99,1.42959256611866,0.000448402434140393,"KLF16",0.0107905876086688,3.34833203851491
"MA1512.1","MA1512.1",69,4462,16.6265060240964,11.155,1.49049807477332,0.000486413361877572,"KLF11",0.0108139041017167,3.3129945034105
"MA1515.1","MA1515.1",77,5116,18.5542168674699,12.79,1.45068153772243,0.000490484392406378,"KLF2",0.0108139041017167,3.30937480765127
"MA1107.2","MA1107.2",105,7474,25.3012048192771,18.685,1.35409177518208,0.000492858900078239,"KLF9",0.0108139041017167,3.30727739652056
"MA1137.1","MA1137.1",53,3225,12.7710843373494,8.0625,1.58401046044644,0.000611735464595901,"FOSL1::JUNB",0.0130387044739583,3.21343634109475
"MA1099.2","MA1099.2",28,1400,6.74698795180723,3.5,1.92771084337349,0.000811257125250966,"HES1",0.0168110504288117,3.09084147577729
"MA1135.1","MA1135.1",48,2889,11.566265060241,7.2225,1.60142126136947,0.000890157600652882,"FOSB::JUNB",0.0179475018942446,3.05053309556352
"MA1138.1","MA1138.1",50,3070,12.0481927710843,7.675,1.56979710372434,0.00106682505018255,"FOSL2::JUNB",0.020420346198184,2.97190679516783
"MA1570.1","MA1570.1",28,1426,6.74698795180723,3.565,1.89256324033863,0.00106755161089702,"TFAP4(var.2)",0.020420346198184,2.97161111978213
"MA0491.2","MA0491.2",51,3157,12.289156626506,7.8925,1.55706767519874,0.00113210371057147,"JUND",0.021113734202158,2.94611378616385
"MA1517.1","MA1517.1",55,3483,13.2530120481928,8.7075,1.52202262970919,0.00120756971844616,"KLF6",0.0213987545901037,2.91808778607344
"MA0490.2","MA0490.2",54,3407,13.0120481927711,8.5175,1.52768396745184,0.00123510398522386,"JUNB",0.0213987545901037,2.90829647697288
"MA0697.1","MA0697.1",41,2396,9.87951807228916,5.99,1.64933523744393,0.00123555677487415,"ZIC3",0.0213987545901037,2.90813729360626
"MA1134.1","MA1134.1",47,2861,11.3253012048193,7.1525,1.58340457250182,0.00127036927341627,"FOS::JUNB",0.0213987545901037,2.896070019126
"MA1522.1","MA1522.1",101,7334,24.3373493975904,18.335,1.32737111522173,0.00129080959323682,"MAZ",0.0213987545901037,2.88913781559976
"MA0057.1","MA0057.1",62,4097,14.9397590361446,10.2425,1.45860473870096,0.00163943689140814,"MZF1(var.2)",0.0260972336252837,2.7853052964333
"MA0740.1","MA0740.1",49,3055,11.8072289156626,7.6375,1.54595468617514,0.00164419568416667,"KLF14",0.0260972336252837,2.78404649610475
"MA0006.1","MA0006.1",76,5270,18.3132530120482,13.175,1.39000022861846,0.00177762094616216,"Ahr::Arnt",0.0276271922049369,2.75016084097012
"MA1142.1","MA1142.1",52,3313,12.5301204819277,8.2825,1.51284279890464,0.00187617625304187,"FOSL1::JUND",0.0285638262197803,2.7267263652491
"MA1516.1","MA1516.1",46,2859,11.0843373493976,7.1475,1.55079920942953,0.00214964406328569,"KLF3",0.0315952347065278,2.66763344433926
"MA0818.1","MA0818.1",20,940,4.81927710843374,2.35,2.05075621635478,0.00218874074617983,"BHLHE22",0.0315952347065278,2.65980567706682
"MA1559.1","MA1559.1",54,3499,13.0120481927711,8.7475,1.48751622666717,0.00220234879991883,"SNAI3",0.0315952347065278,2.65711389795108
"MA0751.1","MA0751.1",40,2399,9.63855421686747,5.9975,1.60709532586369,0.00225141047817653,"ZIC4",0.0316896644664093,2.64754531701412
"MA0527.1","MA0527.1",18,820,4.33734939759036,2.05,2.11578019394652,0.00257617268441691,"ZBTB33",0.035505466891444,2.58902502897691
"MA1654.1","MA1654.1",73,5095,17.5903614457831,12.7375,1.38099010369249,0.0026176952802003,"ZNF16",0.035505466891444,2.58208091005028
"MA1529.1","MA1529.1",52,3376,12.5301204819277,8.44,1.48461143150802,0.0027706397548032,"NHLH2",0.0369088795907712,2.5574199385526
"MA0039.4","MA0039.4",104,7788,25.0602409638554,19.47,1.28712074801517,0.00295735504185649,"KLF4",0.0385587164510052,2.52909653361963
"MA0528.2","MA0528.2",107,8055,25.7831325301205,20.1375,1.28035419143988,0.00299786267313445,"ZNF263",0.0385587164510052,2.52318826530559
"MA0813.1","MA0813.1",39,2368,9.39759036144578,5.92,1.58743080429827,0.00314336428498765,"TFAP2B(var.3)",0.0393312420160738,2.50260528560911
"MA1569.1","MA1569.1",32,1837,7.71084337349398,4.5925,1.6790078113215,0.00320993339154825,"TFAP2E",0.0393312420160738,2.49350397942789
"MA1615.1","MA1615.1",68,4718,16.3855421686747,11.795,1.38919391001905,0.00323230490638304,"Plagl1",0.0393312420160738,2.4904876785553
"MA1130.1","MA1130.1",51,3323,12.289156626506,8.3075,1.47928457737057,0.00326881636058522,"FOSL2::JUN",0.0393312420160738,2.48560947704114
"MA0696.1","MA0696.1",42,2628,10.1204819277108,6.57,1.54040820817517,0.00375357686403526,"ZIC1",0.044447116516989,2.42555468642219
"MA0073.1","MA0073.1",103,7767,24.8192771084337,19.4175,1.27819117334537,0.00387113897750976,"RREB1",0.0451229637065982,2.41216123682309
"MA1653.1","MA1653.1",108,8257,26.0240963855422,20.6425,1.26070468138753,0.00467469764957689,"ZNF148",0.053651145332067,2.33024647321214
"MA0163.1","MA0163.1",62,4305,14.9397590361446,10.7625,1.38813092089613,0.00503980762516418,"PLAG1",0.056965098308674,2.29758604072197
"MA0865.1","MA0865.1",36,2208,8.67469879518072,5.52,1.57150340492404,0.00524592303743458,"E2F8",0.0570849255482776,2.28017808520252
"MA1635.1","MA1635.1",65,4568,15.6626506024096,11.42,1.37151056063132,0.00534214942287619,"BHLHE22(var.2)",0.0570849255482776,2.27228396868772
"MA1464.1","MA1464.1",21,1090,5.06024096385542,2.725,1.85696916104786,0.00536485841257323,"ARNT2",0.0570849255482776,2.27044173529161
"MA0099.3","MA0099.3",47,3086,11.3253012048193,7.715,1.46795867852486,0.00542722252193206,"FOS::JUN",0.0570849255482776,2.26542237151689
"MA1578.1","MA1578.1",29,1677,6.98795180722892,4.1925,1.66677443225496,0.00543301570231596,"VEZF1",0.0570849255482776,2.26495903978142
"MA0524.2","MA0524.2",39,2454,9.39759036144578,6.135,1.53179956991781,0.00565556551162088,"TFAP2C",0.0585979426620719,2.24752396256929
"MA1584.1","MA1584.1",38,2379,9.1566265060241,5.9475,1.53957570509022,0.0057955343407577,"ZIC5",0.0592255975096609,2.23690651646582
"MA0830.2","MA0830.2",61,4254,14.6987951807229,10.635,1.38211520270079,0.00592784590708915,"TCF4",0.0597590952255204,2.2271030942613
"MA0655.1","MA0655.1",41,2633,9.87951807228916,6.5825,1.5008762738001,0.00644326907237775,"JDP2",0.064089049706584,2.1908937320389
"MA1141.1","MA1141.1",52,3535,12.5301204819277,8.8375,1.41783541521106,0.00683263375831266,"FOS::JUND",0.0670676945223848,2.16541185763333
"MA0004.1","MA0004.1",56,3871,13.4939759036145,9.6775,1.39436589032441,0.00701991666813809,"Arnt",0.0680111407068963,2.15366804325233
"MA0599.1","MA0599.1",101,7758,24.3373493975904,19.395,1.25482595501884,0.0073563737674745,"KLF5",0.0703571132119997,2.13333621295383
"MA0478.1","MA0478.1",51,3474,12.289156626506,8.685,1.41498637035187,0.00765222907482694,"FOSL2",0.0722602897445684,2.11621203754122
"MA0746.2","MA0746.2",64,4565,15.421686746988,11.4125,1.35129785296718,0.00785473761202572,"SP3",0.0728055595212669,2.10486831801454
"MA0685.1","MA0685.1",57,3978,13.7349397590361,9.945,1.3810899707427,0.00790516128850217,"SP4",0.0728055595212669,2.10208926475873
"MA1144.1","MA1144.1",45,2994,10.8433734939759,7.485,1.44868049351715,0.00812044475887194,"FOSL2::JUND",0.0735204329335986,2.09042018368565
"MA0616.2","MA0616.2",19,990,4.57831325301205,2.475,1.84982353657052,0.00817988731030654,"HES2",0.0735204329335986,2.08725267931757
"MA1630.1","MA1630.1",77,5701,18.5542168674699,14.2525,1.30182191667917,0.00872406792871547,"Znf281",0.0774780318431159,2.05928096150789
"MA1101.2","MA1101.2",38,2453,9.1566265060241,6.1325,1.49313110575199,0.00929288977708543,"BACH2",0.0804516358527885,2.03184921398394
"MA0826.1","MA0826.1",18,932,4.33734939759036,2.33,1.86152334660531,0.00932018284594961,"OLIG1",0.0804516358527885,2.03057556745203
"MA0477.2","MA0477.2",52,3596,12.5301204819277,8.99,1.39378425827894,0.00938242938229571,"FOSL1",0.0804516358527885,2.02768469565932
"MA1631.1","MA1631.1",69,5048,16.6265060240964,12.62,1.31747274358925,0.01013169143316,"ASCL1(var.2)",0.0858891114674701,1.99431804538332
"MA0669.1","MA0669.1",28,1692,6.74698795180723,4.23,1.59503261272039,0.0108911092089769,"NEUROG2",0.0912895221336712,1.96292788711232
"MA0651.1","MA0651.1",18,951,4.33734939759036,2.3775,1.82433202842917,0.0112754984162604,"HOXC11",0.0934613535392247,1.94786425169857
"MA1468.1","MA1468.1",31,1935,7.46987951807229,4.8375,1.54416114068678,0.0116842241683033,"ATOH7",0.0957849585665305,1.93240011943871
"MA0646.1","MA0646.1",19,1028,4.57831325301205,2.57,1.78144484552998,0.0118300980163547,"GCM1",0.0959266643500067,1.92701165708081
"MA0841.1","MA0841.1",38,2522,9.1566265060241,6.305,1.45228017542016,0.0139871360007976,"NFE2",0.112197886630054,1.85427120233326
"MA1128.1","MA1128.1",50,3520,12.0481927710843,8.8,1.36911281489595,0.0146849447291808,"FOSL1::JUN",0.11621474040413,1.83312768372456
"MA1100.2","MA1100.2",63,4623,15.1807228915663,11.5575,1.3134953832201,0.0147994642605796,"ASCL1",0.11621474040413,1.82975400574594
"MA0627.2","MA0627.2",69,5143,16.6265060240964,12.8575,1.29313677029721,0.0150189425968011,"POU2F3",0.116709699762642,1.82336064260081
"MA0052.4","MA0052.4",113,9065,27.2289156626506,22.6625,1.20149655433649,0.0162048785762313,"MEF2A",0.12462721049349,1.79035421880458
"MA0873.1","MA0873.1",17,919,4.09638554216868,2.2975,1.78297520877853,0.0165733119456565,"HOXD12",0.12616010930061,1.78059069520195
"MA0626.1","MA0626.1",25,1522,6.02409638554217,3.805,1.58320535756693,0.0169548139118354,"Npas2",0.126752510176971,1.77070697247431
"MA0660.1","MA0660.1",68,5089,16.3855421686747,12.7225,1.28791842551972,0.0170962659626846,"MEF2B",0.126752510176971,1.76709873457188
"MA0871.2","MA0871.2",23,1371,5.54216867469879,3.4275,1.61697116694348,0.0172748528246656,"TFEC",0.126752510176971,1.7625856439658
"MA0149.1","MA0149.1",137,11278,33.0120481927711,28.195,1.17084760392875,0.0173307721689693,"EWSR1-FLI1",0.126752510176971,1.76118208695419
"MA0823.1","MA0823.1",22,1305,5.30120481927711,3.2625,1.62489036606195,0.0186748430822547,"HEY1",0.13507185288661,1.72874303871188
"MA0130.1","MA0130.1",107,8573,25.7831325301205,21.4325,1.20299230281677,0.0189471935290348,"ZNF354C",0.13507185288661,1.72245510892106
"MA0819.1","MA0819.1",15,790,3.6144578313253,1.975,1.83010523105079,0.0191486883471477,"CLOCK",0.13507185288661,1.717860969116
"MA0817.1","MA0817.1",19,1083,4.57831325301205,2.7075,1.69097442401184,0.0192873558220316,"BHLHE23",0.13507185288661,1.71472730738013
"MA0811.1","MA0811.1",37,2499,8.91566265060241,6.2475,1.42707685483832,0.0193735767545137,"TFAP2B",0.13507185288661,1.71279019232434
"MA1560.1","MA1560.1",16,865,3.85542168674699,2.1625,1.78285395918936,0.0197284974569301,"SOHLH2",0.136272769471017,1.70490598981181
"MA0863.1","MA0863.1",25,1546,6.02409638554217,3.865,1.55862778409888,0.0200880057019935,"MTF1",0.137483048198965,1.69706317702034
"MA1655.1","MA1655.1",53,3846,12.7710843373494,9.615,1.32824590092037,0.0205351691027528,"ZNF341",0.13926578318776,1.68750171647286
"MA0773.1","MA0773.1",75,5752,18.0722891566265,14.38,1.25676558808251,0.0208779838082858,"MEF2D",0.140315098387218,1.68031144356317
"MA0091.1","MA0091.1",49,3528,11.8072289156626,8.82,1.33868808567604,0.0225421621364779,"TAL1::TCF3",0.150146901373326,1.64700443084059
"MA0597.1","MA0597.1",43,3033,10.3614457831325,7.5825,1.36649466312331,0.0235479534832447,"THAP1",0.15545817078319,1.6280468307667
"MA1115.1","MA1115.1",65,4916,15.6626506024096,12.29,1.27442234356466,0.0239867441430652,"POU5F1",0.156965887111637,1.62002869728692
"MA1506.1","MA1506.1",19,1111,4.57831325301205,2.7775,1.64835760684502,0.024272655184506,"HOXD10",0.157455658849057,1.61488271361835
"MA0668.1","MA0668.1",15,821,3.6144578313253,2.0525,1.76100259747883,0.0258231975539962,"NEUROD2",0.165476790763681,1.58798998228354
"MA0516.2","MA0516.2",69,5289,16.6265060240964,13.2225,1.25744042534289,0.0262253787072044,"SP2",0.165476790763681,1.5812782316659
"MA0594.2","MA0594.2",7,277,1.68674698795181,0.6925,2.43573572267409,0.0263568129532152,"HOXA9",0.165476790763681,1.57910710547833
"MA0623.2","MA0623.2",18,1046,4.33734939759036,2.615,1.65864221705176,0.026396431770614,"NEUROG1",0.165476790763681,1.57845477642821
"MA0607.1","MA0607.1",22,1355,5.30120481927711,3.3875,1.56493131196372,0.0269909169658586,"Bhlha15",0.167793533804421,1.56878236085112
"MA0493.1","MA0493.1",62,4690,14.9397590361446,11.725,1.27417987515092,0.027369466700058,"Klf1",0.168740678993746,1.56273366482877
"MA1106.1","MA1106.1",15,833,3.6144578313253,2.0825,1.7356340126412,0.0288258997145261,"HIF1A",0.175268096918412,1.54021712861415
"MA0019.1","MA0019.1",28,1840,6.74698795180723,4.6,1.46673651126244,0.0288980910468695,"Ddit3::Cebpa",0.175268096918412,1.53913084496639
"MA0622.1","MA0622.1",17,986,4.09638554216868,2.465,1.66181969256336,0.0298952667545348,"Mlxip",0.179853782249056,1.5243975670304
"MA0908.1","MA0908.1",20,1216,4.81927710843374,3.04,1.5852885225111,0.0302264508376606,"HOXD11",0.180391458599159,1.51961284429124
"MA1629.1","MA1629.1",81,6393,19.5180722891566,15.9825,1.22121522222159,0.0305356761596182,"Zic2",0.180790590595835,1.51519245886314
"MA0814.2","MA0814.2",57,4289,13.7349397590361,10.7225,1.28094565250978,0.0310026483964784,"TFAP2C(var.2)",0.182110044911598,1.5086012050416
"MA1503.1","MA1503.1",19,1144,4.57831325301205,2.86,1.60080882972449,0.0313462926717681,"HOXB9",0.182690111977649,1.50381381583491
"MA1583.1","MA1583.1",17,994,4.09638554216868,2.485,1.64844488618458,0.0319047293454973,"ZFP57",0.183873305035461,1.49614493523703
"MA0500.2","MA0500.2",59,4471,14.2168674698795,11.1775,1.27191836008763,0.0320422649525602,"MYOG",0.183873305035461,1.49427679278654
"MA0742.1","MA0742.1",42,3020,10.1204819277108,7.55,1.34046118247826,0.0327983986728103,"Klf12",0.184672356151814,1.48414735947548
"MA0877.2","MA0877.2",9,421,2.16867469879518,1.0525,2.06049852617119,0.0328729419750264,"BARHL1",0.184672356151814,1.48316142684795
"MA1565.1","MA1565.1",56,4218,13.4939759036145,10.545,1.27965632087382,0.0329241600109803,"TBX18",0.184672356151814,1.48248529631302
"MA0489.1","MA0489.1",52,3881,12.5301204819277,9.7025,1.29143215479801,0.0340094826681826,"JUN(var.2)",0.189336373660181,1.46839997424377
"MA1656.1","MA1656.1",53,3972,12.7710843373494,9.93,1.28611121222048,0.0346666959655542,"ZNF449",0.191396641930172,1.46008754837262
"MA0738.1","MA0738.1",43,3120,10.3614457831325,7.8,1.32839048501699,0.0351486025962552,"HIC2",0.191396641930172,1.45409193655594
"MA0603.1","MA0603.1",20,1237,4.81927710843374,3.0925,1.55837578284033,0.0351492492552728,"Arntl",0.191396641930172,1.45408394654101
"MA0079.4","MA0079.4",56,4249,13.4939759036145,10.6225,1.27032016037792,0.0370587233889866,"SP1",0.200331939479594,1.43110954547767
"MA0259.1","MA0259.1",12,644,2.89156626506024,1.61,1.79600389134176,0.0381259143702265,"ARNT::HIF1A",0.204618216692007,1.41877973187645
"MA0108.2","MA0108.2",29,1978,6.98795180722892,4.945,1.4131348447379,0.0398894020565681,"TBP",0.212553528101427,1.39914247372975
"MA0820.1","MA0820.1",39,2820,9.39759036144578,7.05,1.33299154063061,0.041698440737373,"FIGLA",0.220617282199151,1.37988018463813
"MA0678.1","MA0678.1",18,1110,4.33734939759036,2.775,1.56300879192445,0.0430306237671524,"OLIG2",0.223268717968927,1.36622235838714
"MA0147.3","MA0147.3",25,1666,6.02409638554217,4.165,1.446361677201,0.0430563975979545,"MYC",0.223268717968927,1.36596230913345
"MA0735.1","MA0735.1",15,880,3.6144578313253,2.2,1.64293537787514,0.0430974469001681,"GLIS1",0.223268717968927,1.36554845675367
"MA0138.2","MA0138.2",54,4130,13.0120481927711,10.325,1.26024679833134,0.0454564517966648,"REST",0.233865607174565,1.34240446709915
"MA0155.1","MA0155.1",54,4137,13.0120481927711,10.3425,1.25811440104144,0.0466344633569559,"INSM1",0.23828294290609,1.33129301648778
"MA0786.1","MA0786.1",63,4962,15.1807228915663,12.405,1.22375839512828,0.0524734606190664,"POU3F1",0.266293888583833,1.28006029318294
"MA1518.1","MA1518.1",20,1305,4.81927710843374,3.2625,1.47717306005632,0.0551766400960747,"LHX1",0.278120091295079,1.25824474880357
"MA1122.1","MA1122.1",27,1883,6.50602409638554,4.7075,1.38205503906225,0.0575351251978679,"TFDP1",0.288061767769191,1.24006693753349
"MA1491.1","MA1491.1",37,2730,8.91566265060241,6.825,1.30632419789046,0.059015846222934,"GLI3",0.293146443610841,1.22903136118547
"MA0504.1","MA0504.1",55,4293,13.2530120481928,10.7325,1.23484854863198,0.0593366125807466,"NR2C2",0.293146443610841,1.22667725039331
"MA1525.1","MA1525.1",53,4126,12.7710843373494,10.315,1.23810803076582,0.0611468387541911,"NFATC4",0.297231367360259,1.21362599074706
"MA1575.1","MA1575.1",22,1484,5.30120481927711,3.71,1.42889617770272,0.0612613205831053,"THRB(var.2)",0.297231367360259,1.2128136455351
"MA0649.1","MA0649.1",19,1242,4.57831325301205,3.105,1.47449702190404,0.0613587541199462,"HEY2",0.297231367360259,1.21212346725213
"MA0692.1","MA0692.1",23,1576,5.54216867469879,3.94,1.40664179560883,0.0648677561288809,"TFEB",0.310439495004473,1.18797112469502
"MA0048.2","MA0048.2",54,4232,13.0120481927711,10.58,1.22987222994056,0.0650079330235784,"NHLH1",0.310439495004473,1.18703364246268
"MA0787.1","MA0787.1",61,4853,14.6987951807229,12.1325,1.21152237220053,0.0653337811202443,"POU3F2",0.310439495004473,1.18486220677056
"MA1493.1","MA1493.1",20,1338,4.81927710843374,3.345,1.44074054063789,0.0673596679667119,"HES6",0.318039951285868,1.17160006225336
"MA0789.1","MA0789.1",47,3644,11.3253012048193,9.11,1.2431724703424,0.0712759974176981,"POU3F4",0.334414428135867,1.14705669657239
"MA1485.1","MA1485.1",41,3123,9.87951807228916,7.8075,1.26538816167648,0.0717459460971074,"FERD3L",0.334515473677763,1.14420263309425
"MA0835.2","MA0835.2",56,4452,13.4939759036145,11.13,1.21239675683868,0.0748183923055901,"BATF3",0.346674041366275,1.12599162813878
"MA0734.2","MA0734.2",37,2796,8.91566265060241,6.99,1.2754882189703,0.0771935306570323,"GLI2",0.355471443642877,1.11241909497101
"MA0164.1","MA0164.1",36,2714,8.67469879518072,6.785,1.27851124468397,0.0784955753919875,"Nr2e3",0.35924968860382,1.10515482270699
"MA0043.3","MA0043.3",33,2458,7.95180722891566,6.145,1.29402884115796,0.0790620374988023,"HLF",0.35963585350065,1.10203199769499
"MA0911.1","MA0911.1",15,965,3.6144578313253,2.4125,1.49822086272551,0.0804536998100809,"Hoxa11",0.363748242777699,1.0944539792821
"MA1637.1","MA1637.1",51,4034,12.289156626506,10.085,1.21855792032782,0.0810417276192292,"EBF3",0.364199571108102,1.09129130941109
"MA0792.1","MA0792.1",52,4130,12.5301204819277,10.325,1.21357099098573,0.0830146598785775,"POU5F1B",0.370831953709095,1.08084520711576
"MA0074.1","MA0074.1",21,1461,5.06024096385542,3.6525,1.38541847059697,0.0846907016837122,"RXRA::VDR",0.376067044381246,1.07216426887977
"MA0885.1","MA0885.1",26,1886,6.26506024096386,4.715,1.32875084643984,0.0876184402010373,"Dlx2",0.38332081925223,1.05740448247617
"MA1533.1","MA1533.1",22,1551,5.30120481927711,3.8775,1.36717081090319,0.0878318723546311,"NR1I2",0.38332081925223,1.05634785908304
"MA0520.1","MA0520.1",59,4772,14.2168674698795,11.93,1.19169048364455,0.0878657641985676,"Stat6",0.38332081925223,1.05618030940765
"MA0785.1","MA0785.1",54,4329,13.0120481927711,10.8225,1.2023144553265,0.0887480351996099,"POU2F1",0.384918803830866,1.05184125304935
"MA0831.2","MA0831.2",16,1062,3.85542168674699,2.655,1.45213622852994,0.0895961826816212,"TFE3",0.386351169251384,1.04771049341403
"MA0748.2","MA0748.2",19,1313,4.57831325301205,3.2825,1.39476412886886,0.0928229131346438,"YY2",0.396132021517305,1.03234480589708
"MA0827.1","MA0827.1",18,1231,4.33734939759036,3.0775,1.40937429653627,0.0929264125543275,"OLIG3",0.396132021517305,1.03186082856544
"MA0905.1","MA0905.1",23,1653,5.54216867469879,4.1325,1.34111764663008,0.0961471134450101,"HOXC10",0.407532651306691,1.01706374973774
"MA0462.2","MA0462.2",54,4359,13.0120481927711,10.8975,1.1940397515734,0.0971846501954429,"BATF::JUN",0.407587000009809,1.01240232418737
"MA0056.2","MA0056.2",41,3208,9.87951807228916,8.02,1.23186010876423,0.0975041974508749,"MZF1",0.407587000009809,1.01097668798849
"MA1602.1","MA1602.1",13,837,3.13253012048193,2.0925,1.49702753666998,0.0990439223269163,"ZSCAN29",0.407587000009809,1.00417216909934
"MA0116.1","MA0116.1",31,2342,7.46987951807229,5.855,1.27581204407725,0.0992316367213373,"Znf423",0.407587000009809,1.00334984535537
"MA0485.2","MA0485.2",16,1079,3.85542168674699,2.6975,1.42925734448452,0.0992505862443693,"HOXC9",0.407587000009809,1.00326691930598
"MA0476.1","MA0476.1",49,3921,11.8072289156626,9.8025,1.20451200363812,0.0994381152838944,"FOS",0.407587000009809,1.00244711575782
"MA0146.2","MA0146.2",65,5361,15.6626506024096,13.4025,1.16863649337136,0.100957268388615,"Zfx",0.411552580425721,0.995862408692257
"MA1618.1","MA1618.1",54,4379,13.0120481927711,10.9475,1.18858627017776,0.1031062172337,"Ptf1a",0.4180284676975,0.986715146269544
"MA0114.4","MA0114.4",46,3669,11.0843373493976,9.1725,1.20843143629301,0.10403259527477,"HNF4A",0.4195044112161,0.982830567142747
"MA0822.1","MA0822.1",17,1171,4.09638554216868,2.9275,1.39927772576214,0.105182413017935,"HES7",0.421860645760104,0.978056870142138
"MA0058.3","MA0058.3",19,1340,4.57831325301205,3.35,1.36666067254091,0.107111293441394,"MAX",0.427299598434653,0.970164736257743
"MA0767.1","MA0767.1",11,695,2.65060240963855,1.7375,1.52552656669845,0.111121416845489,"GCM2",0.439000666007521,0.954202229795145
"MA0707.1","MA0707.1",43,3424,10.3614457831325,8.56,1.21044927373044,0.111221348358474,"MNX1",0.439000666007521,0.95381184418903
"MA0521.1","MA0521.1",85,7228,20.4819277108434,18.07,1.1334769070749,0.112429094228855,"Tcf12",0.439966112615717,0.94912128816186
"MA1524.1","MA1524.1",23,1687,5.54216867469879,4.2175,1.31408860099557,0.112645479235391,"MSGN1",0.439966112615717,0.948286232990484
"MA0463.2","MA0463.2",33,2556,7.95180722891566,6.39,1.24441427682561,0.115804071702897,"BCL6",0.449947070262297,0.936276170427128
"MA0844.1","MA0844.1",12,786,2.89156626506024,1.965,1.4715349949416,0.120120218320491,"XBP1",0.464298874958997,0.920383887134907
"MA0625.1","MA0625.1",55,4525,13.2530120481928,11.3125,1.17153697663583,0.120948528525954,"NFATC3",0.465090733403928,0.917399410947787
"MA0030.1","MA0030.1",38,3013,9.1566265060241,7.5325,1.21561586538654,0.123186155037956,"FOXF2",0.471266008504182,0.909438100032758
"MA1634.1","MA1634.1",53,4356,12.7710843373494,10.89,1.1727350172038,0.124735207969316,"BATF",0.47475747523015,0.904010944527787
"MA0664.1","MA0664.1",13,877,3.13253012048193,2.1925,1.42874805951285,0.127972933186821,"MLXIPL",0.484232159221506,0.892881875747687
"MA1642.1","MA1642.1",59,4910,14.2168674698795,12.275,1.15819694255638,0.128792524390357,"NEUROG2(var.2)",0.484232159221506,0.89010934435383
"MA1622.1","MA1622.1",48,3919,11.566265060241,9.7975,1.18053228479112,0.129171849443807,"Smad2::Smad3",0.484232159221506,0.888832122279734
"MA1573.1","MA1573.1",47,3833,11.3253012048193,9.5825,1.18187333209698,0.130549003726505,"THAP11",0.486947783899863,0.884226438109381
"MA1616.1","MA1616.1",54,4476,13.0120481927711,11.19,1.16282825672664,0.135266259066679,"Prdm15",0.502032981411656,0.868810520686889
"MA0788.1","MA0788.1",62,5206,14.9397590361446,13.015,1.14788774768687,0.136717963277516,"POU3F3",0.504908913886271,0.864174420035159
"MA0088.2","MA0088.2",37,2960,8.91566265060241,7.4,1.20481927710843,0.138325518524009,"ZNF143",0.508329245413353,0.859097693123976
"MA0825.1","MA0825.1",19,1394,4.57831325301205,3.485,1.31371972826745,0.139582277912443,"MNT",0.510433231973933,0.855169718485161
"MA0526.3","MA0526.3",34,2700,8.19277108433735,6.75,1.21374386434627,0.140905082291166,"USF2",0.512757031166877,0.85107334208438
"MA0497.1","MA0497.1",100,8730,24.0963855421687,21.825,1.10407264798024,0.143414419614021,"MEF2C",0.513696309656965,0.843407180300259
"MA0736.1","MA0736.1",19,1401,4.57831325301205,3.5025,1.30715581813335,0.144167594177969,"GLIS2",0.513696309656965,0.841132348848924
"MA1604.1","MA1604.1",48,3958,11.566265060241,9.895,1.16889995555745,0.144204266951398,"Ebf2",0.513696309656965,0.841021888811943
"MA0150.2","MA0150.2",46,3778,11.0843373493976,9.445,1.17356668601351,0.144217335994071,"Nfe2l2",0.513696309656965,0.840982531058831
"MA0784.1","MA0784.1",61,5139,14.6987951807229,12.8475,1.14409769844117,0.145103075206059,"POU1F1",0.513696309656965,0.838323383352272
"MA0507.1","MA0507.1",63,5322,15.1807228915663,13.305,1.14097879681069,0.14529480072067,"POU2F2",0.513696309656965,0.837749926367659
"MA0502.2","MA0502.2",33,2628,7.95180722891566,6.57,1.21032073499477,0.14882855421068,"NFYB",0.520569916640391,0.82731373716086
"MA0639.1","MA0639.1",14,986,3.37349397590361,2.465,1.36855739387571,0.14901925520407,"DBP",0.520569916640391,0.826757611530105
"MA0906.1","MA0906.1",15,1070,3.6144578313253,2.675,1.35119918928049,0.149332388955823,"HOXC12",0.520569916640391,0.825845987189634
"MA1633.1","MA1633.1",51,4244,12.289156626506,10.61,1.15826169901094,0.150183609671421,"BACH1",0.521102199138977,0.823377461590634
"MA0864.2","MA0864.2",9,579,2.16867469879518,1.4475,1.49822086272551,0.15090462506107,"E2F2",0.521179862479437,0.821297449371397
"MA0775.1","MA0775.1",33,2641,7.95180722891566,6.6025,1.20436307897246,0.155334979051873,"MEIS3",0.534008729828098,0.8087307368106
"MA0066.1","MA0066.1",30,2377,7.2289156626506,5.9425,1.21647718344983,0.156084241767847,"PPARG",0.534123139260616,0.806640941003737
"MA1568.1","MA1568.1",18,1345,4.33734939759036,3.3625,1.2899180364581,0.164728685930463,"TCF21(var.2)",0.56113059225628,0.783230766000178
"MA1639.1","MA1639.1",33,2663,7.95180722891566,6.6575,1.19441340276615,0.166718254370531,"MEIS1(var.2)",0.562912398757005,0.778016845652732
"MA0624.1","MA0624.1",56,4740,13.4939759036145,11.85,1.13873214376493,0.16676091169611,"NFATC1",0.562912398757005,0.777905739214321
"MA1132.1","MA1132.1",32,2576,7.71084337349398,6.44,1.19733592756118,0.167783953866485,"JUN::JUNB",0.563814547677469,0.775249575572045
"MA0737.1","MA0737.1",19,1444,4.57831325301205,3.61,1.26823081800888,0.17416866276402,"GLIS3",0.579981157512884,0.759029982582896
"MA0484.2","MA0484.2",43,3577,10.3614457831325,8.9425,1.15867439565362,0.174779813425586,"HNF4G",0.579981157512884,0.757508728590254
"MA1587.1","MA1587.1",78,6786,18.7951807228916,16.965,1.10787979504224,0.174927292815548,"ZNF135",0.579981157512884,0.75714242497269
"MA0606.1","MA0606.1",69,5957,16.6265060240964,14.8925,1.11643485137461,0.176040773352365,"NFAT5",0.581090340357805,0.754386732236298
"MA1601.1","MA1601.1",63,5414,15.1807228915663,13.535,1.12159016561258,0.179795279571592,"ZNF75D",0.590869068548052,0.745221714621261
"MA0105.4","MA0105.4",21,1628,5.06024096385542,4.07,1.24330244812173,0.181485327777451,"NFKB1",0.593807256675345,0.741158479844721
"MA1621.1","MA1621.1",38,3141,9.1566265060241,7.8525,1.16607787405592,0.182360023047887,"Rbpjl",0.59406365586779,0.739070361581012
"MA1154.1","MA1154.1",35,2875,8.43373493975904,7.1875,1.17338920900995,0.184428665560308,"ZNF282",0.598190367426043,0.734171576085416
"MA1620.1","MA1620.1",39,3239,9.39759036144578,8.0975,1.16055453676391,0.186371149461432,"Ptf1a(var.3)",0.598374383873131,0.72962131622803
"MA1116.1","MA1116.1",65,5615,15.6626506024096,14.0375,1.11577208209508,0.186522431046674,"RBPJ",0.598374383873131,0.729268932788232
"MA1476.1","MA1476.1",18,1375,4.33734939759036,3.4375,1.26177437020811,0.187545959380481,"DLX5",0.598374383873131,0.726892288152363
"MA0143.4","MA0143.4",35,2881,8.43373493975904,7.2025,1.17094549666908,0.187693841590231,"SOX2",0.598374383873131,0.726549976751359
"MA0862.1","MA0862.1",5,294,1.20481927710843,0.735,1.6392099008278,0.191792364153631,"GMEB2",0.608838738972804,0.717168687425814
"MA0689.1","MA0689.1",34,2802,8.19277108433735,7.005,1.16956046885615,0.193771998140204,"TBX20",0.61251657039234,0.712708982351522
"MA0711.1","MA0711.1",5,298,1.20481927710843,0.745,1.61720708336703,0.198962030095146,"OTX1",0.625682789903151,0.70122979642217
"MA1599.1","MA1599.1",49,4176,11.8072289156626,10.44,1.13096062410562,0.200031661897406,"ZNF682",0.625682789903151,0.698901256840915
"MA0508.3","MA0508.3",88,7787,21.2048192771084,19.4675,1.08924203298361,0.200453333494441,"PRDM1",0.625682789903151,0.697986717132574
"MA0665.1","MA0665.1",47,4001,11.3253012048193,10.0025,1.13224705871725,0.203873327952665,"MSC",0.633706261052867,0.690639587761153
"MA0667.1","MA0667.1",35,2914,8.43373493975904,7.285,1.15768496084544,0.206202326092049,"MYF6",0.638286038442608,0.685706439909712
"MA1502.1","MA1502.1",19,1491,4.57831325301205,3.7275,1.22825305245125,0.210386356194575,"HOXB8",0.648546370748567,0.676982428118771
"MA0093.3","MA0093.3",33,2745,7.95180722891566,6.8625,1.15873329383106,0.213123110307272,"USF1",0.65427917814496,0.671369454393104
"MA0111.1","MA0111.1",32,2659,7.71084337349398,6.6475,1.15996139503482,0.215763306868652,"Spz1",0.65966978247547,0.666022410345476
"MA0152.1","MA0152.1",75,6629,18.0722891566265,16.5725,1.09049866686538,0.221903658705622,"NFATC2",0.674643584816324,0.653835537143551
"MA0025.2","MA0025.2",34,2851,8.19277108433735,7.1275,1.14945928927918,0.222469600354981,"NFIL3",0.674643584816324,0.65272932535753
"MA0879.1","MA0879.1",23,1863,5.54216867469879,4.6575,1.18994496504537,0.224055617100026,"Dlx1",0.676702390107771,0.64964416380197
"MA0779.1","MA0779.1",11,814,2.65060240963855,2.035,1.30250732660371,0.227959746155454,"PAX1",0.68228047240218,0.642141835306502
"MA0104.4","MA0104.4",15,1161,3.6144578313253,2.9025,1.24529124248934,0.228497747818158,"MYCN",0.68228047240218,0.641118076184794
"MA1566.1","MA1566.1",34,2862,8.19277108433735,7.155,1.14504138145875,0.229184801800153,"TBX3",0.68228047240218,0.639814185627756
"MA1619.1","MA1619.1",44,3776,10.6024096385542,9.44,1.12313661425362,0.229560855995908,"Ptf1a(var.2)",0.68228047240218,0.639102164507035
"MA0513.1","MA0513.1",63,5534,15.1807228915663,13.835,1.09726945367302,0.231264658816556,"SMAD2::SMAD3::SMAD4",0.683660894650516,0.635890729761369
"MA0812.1","MA0812.1",31,2594,7.46987951807229,6.485,1.1518703960019,0.23185818545118,"TFAP2B(var.2)",0.683660894650516,0.634777567296629
"MA0880.1","MA0880.1",28,2326,6.74698795180723,5.815,1.1602730785567,0.234111628872565,"Dlx3",0.684789564192254,0.630577013344161
"MA0464.2","MA0464.2",11,820,2.65060240963855,2.05,1.29297678518954,0.234866201013312,"BHLHE40",0.684789564192254,0.629179476919923
"MA1600.1","MA1600.1",44,3786,10.6024096385542,9.465,1.12017006218217,0.234998056284506,"ZNF684",0.684789564192254,0.628935729849134
"MA1523.1","MA1523.1",32,2691,7.71084337349398,6.7275,1.14616772552865,0.235912758709664,"MSANTD3",0.684789564192254,0.62724857082545
"MA1494.1","MA1494.1",25,2069,6.02409638554217,5.1725,1.16463922388442,0.243879018797747,"HNF4A(var.2)",0.702464136678282,0.612825560950352
"MA1638.1","MA1638.1",49,4264,11.8072289156626,10.66,1.1076199733267,0.244362026470758,"HAND2",0.702464136678282,0.61196628196277
"MA1640.1","MA1640.1",38,3253,9.1566265060241,8.1325,1.12593009603739,0.244963067668799,"MEIS2(var.2)",0.702464136678282,0.610899387948518
"MA0613.1","MA0613.1",47,4082,11.3253012048193,10.205,1.10977963790488,0.24576828374401,"FOXG1",0.702464136678282,0.609474163287241
"MA0029.1","MA0029.1",39,3350,9.39759036144578,8.375,1.12210034166517,0.248139477901232,"Mecom",0.706534543947783,0.605304135886033
"MA1501.1","MA1501.1",21,1718,5.06024096385542,4.295,1.17817018948904,0.25069580885511,"HOXB7",0.711099138425521,0.600852926537649
"MA0101.1","MA0101.1",29,2443,6.98795180722892,6.1075,1.14415911702479,0.252384157547513,"REL",0.713176445191079,0.597937909751328
"MA0799.1","MA0799.1",28,2355,6.74698795180723,5.8875,1.14598521474433,0.254410543519041,"RFX4",0.716189681000772,0.594464894213661
"MA0135.1","MA0135.1",47,4103,11.3253012048193,10.2575,1.10409955689196,0.257250783938524,"Lhx3",0.7198053580308,0.589643293107195
"MA0509.2","MA0509.2",42,3642,10.1204819277108,9.105,1.11153014033068,0.25762470589038,"RFX1",0.7198053580308,0.589012491011888
"MA1546.1","MA1546.1",9,667,2.16867469879518,1.6675,1.30055454200611,0.258634432583246,"PAX3(var.2)",0.71993017428023,0.587313657006145
"MA1114.1","MA1114.1",54,4768,13.0120481927711,11.92,1.09161478127274,0.265733433529452,"PBX3",0.736941046144875,0.575553800938277
"MA1574.1","MA1574.1",29,2464,6.98795180722892,6.16,1.13440776091379,0.267210367822623,"THRB",0.738292349613617,0.573146695145591
"MA0095.2","MA0095.2",39,3386,9.39759036144578,8.465,1.11017015492567,0.269986111580934,"YY1",0.74320900088331,0.568658575911005
"MA1521.1","MA1521.1",25,2106,6.02409638554217,5.265,1.14417785100516,0.272009911732708,"MAFA",0.746027184384559,0.565415270479064
"MA1628.1","MA1628.1",81,7319,19.5180722891566,18.2975,1.06670705228346,0.277160424904287,"Zic1::Zic2",0.757368780141384,0.557268781537483
"MA1579.1","MA1579.1",64,5737,15.421686746988,14.3425,1.07524397747868,0.283902932592547,"ZBTB26",0.770109734358564,0.546830121379803
"MA0089.2","MA0089.2",44,3873,10.6024096385542,9.6825,1.09500745040581,0.284765718124691,"NFE2L1",0.770109734358564,0.545512294969946
"MA1113.2","MA1113.2",37,3225,8.91566265060241,8.0625,1.10581862333053,0.284919955339093,"PBX2",0.770109734358564,0.545277132402672
"MA1652.1","MA1652.1",89,8093,21.4457831325301,20.2325,1.05996703978896,0.285967626430807,"ZKSCAN5",0.770151080568168,0.543683129312414
"MA0883.1","MA0883.1",19,1580,4.57831325301205,3.95,1.15906664633216,0.287377699525277,"Dmbx1",0.771164618150563,0.541546936093522
"MA0776.1","MA0776.1",5,347,1.20481927710843,0.8675,1.38884066525468,0.292838425248479,"MYBL1",0.781633678553145,0.53337193725002
"MA0731.1","MA0731.1",35,3053,8.43373493975904,7.6325,1.10497673629336,0.293374571038714,"BCL6B",0.781633678553145,0.532577532401977
"MA0861.1","MA0861.1",15,1229,3.6144578313253,3.0725,1.17638985559815,0.29705289714944,"TP73",0.788617299905631,0.527166207603472
"MA0700.2","MA0700.2",28,2417,6.74698795180723,6.0425,1.11658882115138,0.300127152396188,"LHX2",0.789013124794609,0.522694712331216
"MA0821.1","MA0821.1",14,1142,3.37349397590361,2.855,1.18160909839006,0.30014304070635,"HES5",0.789013124794609,0.522671721999493
"MA0816.1","MA0816.1",61,5488,14.6987951807229,13.72,1.07134075661246,0.30037496976095,"Ascl2",0.789013124794609,0.522336259908902
"MA1103.2","MA1103.2",36,3158,8.67469879518072,7.895,1.09875855543771,0.301758678082214,"FOXK2",0.789866574909935,0.520340231457538
"MA1500.1","MA1500.1",24,2056,5.78313253012048,5.14,1.12512306033472,0.305160490062162,"HOXB6",0.795978061490814,0.51547169633558
"MA0837.1","MA0837.1",11,879,2.65060240963855,2.1975,1.20618994750332,0.306528758680482,"CEBPE",0.796761163678185,0.513528773509922
"MA0727.1","MA0727.1",17,1424,4.09638554216868,3.56,1.1506700961148,0.311589137768489,"NR3C2",0.807102419358656,0.50641769056761
"MA1467.1","MA1467.1",59,5326,14.2168674698795,13.315,1.06773319338186,0.314041682984098,"ATOH1(var.2)",0.808898645551722,0.503012703874116
"MA0634.1","MA0634.1",29,2529,6.98795180722892,6.3225,1.10525137322719,0.315165912705962,"ALX3",0.808898645551722,0.501460760485294
"MA0679.2","MA0679.2",42,3737,10.1204819277108,9.3425,1.08327342014566,0.315535530637468,"ONECUT1",0.808898645551722,0.50095173026779
"MA1520.1","MA1520.1",25,2167,6.02409638554217,5.4175,1.11196979890026,0.320890471441422,"MAF",0.819809218134593,0.493643178703344
"MA0511.2","MA0511.2",16,1345,3.85542168674699,3.3625,1.14659381018498,0.323781247659327,"RUNX2",0.821744132560042,0.48974830775655
"MA0914.1","MA0914.1",19,1619,4.57831325301205,4.0475,1.13114595503695,0.323850904789078,"ISL2",0.821744132560042,0.489654885257131
"MA0466.2","MA0466.2",11,896,2.65060240963855,2.24,1.18330464716007,0.328179574809473,"CEBPB",0.823227646965343,0.483888451995826
"MA0801.1","MA0801.1",28,2456,6.74698795180723,6.14,1.09885797260704,0.330251067563727,"MGA",0.823227646965343,0.481155769818548
"MA0803.1","MA0803.1",28,2456,6.74698795180723,6.14,1.09885797260704,0.330251067563727,"TBX15",0.823227646965343,0.481155769818548
"MA0712.2","MA0712.2",29,2550,6.98795180722892,6.375,1.09614930309473,0.331232700240434,"OTX2",0.823227646965343,0.479866794976088
"MA1606.1","MA1606.1",49,4419,11.8072289156626,11.0475,1.06876930669044,0.332144187162758,"Foxf1",0.823227646965343,0.478673343719884
"MA0510.2","MA0510.2",26,2274,6.26506024096386,5.685,1.10203346366998,0.332863010906322,"RFX5",0.823227646965343,0.477734462733988
"MA1594.1","MA1594.1",29,2553,6.98795180722892,6.3825,1.09486123105819,0.33354752976083,"ZNF382",0.823227646965343,0.476842271366407
"MA0681.2","MA0681.2",67,6117,16.144578313253,15.2925,1.0557187061143,0.333960640692111,"PHOX2B",0.823227646965343,0.476304714438366
"MA0781.1","MA0781.1",11,901,2.65060240963855,2.2525,1.17673802869636,0.334610065316122,"PAX9",0.823227646965343,0.475460999280666
"MA0838.1","MA0838.1",11,902,2.65060240963855,2.255,1.1754334410814,0.335899219440223,"CEBPG",0.823227646965343,0.473791005367023
"MA0148.4","MA0148.4",45,4051,10.8433734939759,10.1275,1.07068610160216,0.336574306064919,"FOXA1",0.823227646965343,0.47291904094528
"MA0479.1","MA0479.1",36,3214,8.67469879518072,8.035,1.07961403798142,0.340142801320527,"FOXH1",0.829237025441546,0.468338715883348
"MA0657.1","MA0657.1",22,1915,5.30120481927711,4.7875,1.10730126773412,0.342275570917501,"KLF13",0.83171848828813,0.465624096463434
"MA1567.1","MA1567.1",28,2473,6.74698795180723,6.1825,1.09130415718677,0.343652157190989,"TBX6",0.832332703927346,0.463880925570715
"MA1547.1","MA1547.1",20,1733,4.81927710843374,4.3325,1.11235478555885,0.344759792913606,"PITX2",0.832332703927346,0.462483388827423
"MA0600.2","MA0600.2",24,2108,5.78313253012048,5.27,1.09736860154089,0.34908595184016,"RFX2",0.839486587174129,0.457067628014978
"MA0881.1","MA0881.1",21,1831,5.06024096385542,4.5775,1.10545952241517,0.349973630846051,"Dlx4",0.839486587174129,0.455964676819646
"MA0805.1","MA0805.1",33,2963,7.95180722891566,7.4075,1.07348055739665,0.361447099549733,"TBX1",0.86422928289776,0.441955255920747
"MA0708.1","MA0708.1",23,2036,5.54216867469879,5.09,1.08883471015693,0.367431090488133,"MSX2",0.875730330684176,0.434824098285627
"MA0832.1","MA0832.1",36,3255,8.67469879518072,8.1375,1.06601521292543,0.369091233704427,"Tcf21",0.876885542495231,0.432866269621481
"MA0609.2","MA0609.2",13,1117,3.13253012048193,2.7925,1.12176548629612,0.376188511062024,"CREM",0.890909934134191,0.424594472099188
"MA0745.2","MA0745.2",35,3175,8.43373493975904,7.9375,1.06251778768618,0.379202846900662,"SNAI2",0.89418227441317,0.421128410815493
"MA1481.1","MA1481.1",20,1770,4.81927710843374,4.425,1.08910217139745,0.379967534837768,"DRGX",0.89418227441317,0.420253508759864
"MA1109.1","MA1109.1",55,5070,13.2530120481928,12.675,1.04560252845702,0.382784332157123,"NEUROD1",0.895907740373937,0.417045846749323
"MA0758.1","MA0758.1",19,1680,4.57831325301205,4.2,1.09007458405049,0.383102639650517,"E2F7",0.895907740373937,0.416684855634504
"MA0791.1","MA0791.1",50,4601,12.0481927710843,11.5025,1.04744123200038,0.385594027587394,"POU4F3",0.89736547665627,0.413869701444325
"MA0498.2","MA0498.2",31,2808,7.46987951807229,7.02,1.0640854014348,0.386239648060852,"MEIS1",0.89736547665627,0.413143147308976
"MA1608.1","MA1608.1",18,1591,4.33734939759036,3.9775,1.09047125017985,0.387334696358337,"Isl1",0.89736547665627,0.411913598386875
"MA0610.1","MA0610.1",20,1788,4.81927710843374,4.47,1.07813805557802,0.397307560549274,"DMRT3",0.917620557801109,0.400873170475501
"MA1140.2","MA1140.2",11,955,2.65060240963855,2.3875,1.11019996215227,0.40524388965006,"JUNB(var.2)",0.927914059373673,0.392283524810769
"MA0465.2","MA0465.2",44,4064,10.6024096385542,10.16,1.04354425576321,0.40579798189074,"CDX2",0.927914059373673,0.391690117124987
"MA0722.1","MA0722.1",27,2457,6.50602409638554,6.1425,1.05918178207335,0.406958873552786,"VAX1",0.927914059373673,0.390449477486212
"MA0481.3","MA0481.3",41,3787,9.87951807228916,9.4675,1.04351920488927,0.410899211745987,"FOXP1",0.927914059373673,0.386264691871972
"MA0492.1","MA0492.1",32,2935,7.71084337349398,7.3375,1.05088155005029,0.411441181700782,"JUND(var.2)",0.927914059373673,0.385692241347398
"MA0778.1","MA0778.1",16,1427,3.85542168674699,3.5675,1.08070684982396,0.411453449006616,"NFKB2",0.927914059373673,0.385679292853063
"MA0482.2","MA0482.2",28,2557,6.74698795180723,6.3925,1.05545372730657,0.411592123759233,"GATA4",0.927914059373673,0.385532944503947
"MA0595.1","MA0595.1",30,2750,7.2289156626506,6.875,1.05147864184009,0.414750105969353,"SREBF1",0.927914059373673,0.382213494340613
"MA0070.1","MA0070.1",22,1995,5.30120481927711,4.9875,1.06289820937887,0.41529723219206,"PBX1",0.927914059373673,0.381640963298311
"MA0808.1","MA0808.1",45,4175,10.8433734939759,10.4375,1.03888608325518,0.416375272001295,"TEAD3",0.927914059373673,0.380515070593477
"MA0014.3","MA0014.3",11,965,2.65060240963855,2.4125,1.09869529933204,0.418448767134726,"PAX5",0.927914059373673,0.378357707354654
"MA0719.1","MA0719.1",19,1716,4.57831325301205,4.29,1.06720588648299,0.418826984792304,"RHOXF1",0.927914059373673,0.377965344737108
"MA1498.1","MA1498.1",11,966,2.65060240963855,2.415,1.09755793359775,0.419769593859563,"HOXA7",0.927914059373673,0.376989022869527
"MA0910.2","MA0910.2",11,966,2.65060240963855,2.415,1.09755793359775,0.419769593859563,"HOXD8",0.927914059373673,0.376989022869527
"MA1420.1","MA1420.1",18,1624,4.33734939759036,4.06,1.06831265950502,0.42102402278249,"IRF5",0.927914059373673,0.375693123489207
"MA0843.1","MA0843.1",12,1061,2.89156626506024,2.6525,1.09012865789265,0.421666040385623,"TEF",0.927914059373673,0.375031374244829
"MA1120.1","MA1120.1",31,2858,7.46987951807229,7.145,1.04546949168262,0.425218280313406,"SOX13",0.932978932687651,0.371388073244258
"MA0042.2","MA0042.2",32,2962,7.71084337349398,7.405,1.04130227866225,0.432272343283449,"FOXI1",0.934710632143341,0.364242549670173
"MA0033.2","MA0033.2",32,2962,7.71084337349398,7.405,1.04130227866225,0.432272343283449,"FOXL1",0.934710632143341,0.364242549670173
"MA0848.1","MA0848.1",32,2962,7.71084337349398,7.405,1.04130227866225,0.432272343283449,"FOXO4",0.934710632143341,0.364242549670173
"MA0849.1","MA0849.1",32,2962,7.71084337349398,7.405,1.04130227866225,0.432272343283449,"FOXO6",0.934710632143341,0.364242549670173
"MA0850.1","MA0850.1",32,2962,7.71084337349398,7.405,1.04130227866225,0.432272343283449,"FOXP3",0.934710632143341,0.364242549670173
"MA0882.1","MA0882.1",20,1827,4.81927710843374,4.5675,1.05512361432594,0.435145264177621,"DLX6",0.934990613333826,0.361365738678983
"MA0028.2","MA0028.2",13,1167,3.13253012048193,2.9175,1.07370355457821,0.4365634480958,"ELK1",0.934990613333826,0.35995262903647
"MA0024.3","MA0024.3",5,419,1.20481927710843,1.0475,1.15018546740662,0.439345233830166,"E2F1",0.934990613333826,0.357194080614686
"MA0031.1","MA0031.1",25,2306,6.02409638554217,5.765,1.04494299835944,0.439625702415541,"FOXD1",0.934990613333826,0.356916924776907
"MA0157.2","MA0157.2",25,2306,6.02409638554217,5.765,1.04494299835944,0.439625702415541,"FOXO3",0.934990613333826,0.356916924776907
"MA1552.1","MA1552.1",12,1076,2.89156626506024,2.69,1.07493169704842,0.44058934419432,"RARB(var.3)",0.934990613333826,0.355966010620495
"MA1421.1","MA1421.1",45,4214,10.8433734939759,10.535,1.02927133307792,0.442082059596574,"TCF7L1",0.934990613333826,0.354497109107479
"MA0636.1","MA0636.1",8,701,1.92771084337349,1.7525,1.09997765670385,0.442428534191475,"BHLHE41",0.934990613333826,0.35415687120996
"MA1556.1","MA1556.1",16,1459,3.85542168674699,3.6475,1.057003889444,0.44625959759659,"RXRG(var.2)",0.940422767816544,0.350412430513551
"MA0840.1","MA0840.1",14,1271,3.37349397590361,3.1775,1.06168181775094,0.447877365223568,"Creb5",0.941173280159949,0.348840885326906
"MA0807.1","MA0807.1",23,2129,5.54216867469879,5.3225,1.04127170966628,0.451314476689701,"TBX5",0.945732021377856,0.34552073551239
"MA0113.3","MA0113.3",16,1466,3.85542168674699,3.665,1.05195680402373,0.453871949972367,"NR3C1",0.948427099942257,0.343066656535942
"MA0754.1","MA0754.1",7,615,1.68674698795181,1.5375,1.09707121167597,0.455367937810674,"CUX1",0.948895200018891,0.341637551064082
"MA0608.1","MA0608.1",15,1376,3.6144578313253,3.44,1.05071448585038,0.459429554442976,"Creb3l2",0.952124272562297,0.337781070702481
"MA0847.2","MA0847.2",52,4912,12.5301204819277,12.28,1.02036811742082,0.460457936030154,"FOXD2",0.952124272562297,0.336810037528774
"MA0501.1","MA0501.1",41,3861,9.87951807228916,9.6525,1.02351909580825,0.461846648877293,"MAF::NFE2",0.952124272562297,0.335502203236053
"MA1496.1","MA1496.1",18,1664,4.33734939759036,4.16,1.04263206672845,0.462022770331838,"HOXA4",0.952124272562297,0.335336620145651
"MA0875.1","MA0875.1",22,2051,5.30120481927711,5.1275,1.03387709785999,0.467232197909417,"BARX1",0.958710484075071,0.330467236759171
"MA0828.1","MA0828.1",9,813,2.16867469879518,2.0325,1.06699862179345,0.468839005421995,"SREBF2(var.2)",0.958710484075071,0.328976264023123
"MA1535.1","MA1535.1",16,1480,3.85542168674699,3.7,1.04200586128297,0.469074164460323,"NR2C1",0.958710484075071,0.328758486347886
"MA0790.1","MA0790.1",50,4745,12.0481927710843,11.8625,1.01565376363198,0.47596177307141,"POU4F1",0.969908960063617,0.322427926293823
"MA0154.4","MA0154.4",46,4366,11.0843373493976,10.915,1.01551418684357,0.479148758830342,"EBF1",0.969908960063617,0.319529632495034
"MA1470.1","MA1470.1",12,1108,2.89156626506024,2.77,1.0438867382889,0.480782558298199,"BACH2(var.2)",0.969908960063617,0.31805129593927
"MA0780.1","MA0780.1",14,1301,3.37349397590361,3.2525,1.03720030004723,0.48268432568149,"PAX3",0.969908960063617,0.316336803896374
"MA0798.2","MA0798.2",37,3508,8.91566265060241,8.77,1.01660919619184,0.483341607271543,"RFX3",0.969908960063617,0.315745818081338
"MA0833.2","MA0833.2",31,2932,7.46987951807229,7.33,1.01908315389799,0.483368738481662,"ATF4",0.969908960063617,0.31572144069695
"MA0762.1","MA0762.1",20,1878,4.81927710843374,4.695,1.02647009764297,0.484691006755384,"ETV2",0.969908960063617,0.314535038360066
"MA1603.1","MA1603.1",27,2550,6.50602409638554,6.375,1.02055279943303,0.484954480031809,"Dmrt1",0.969908960063617,0.314299024281817
"MA0109.1","MA0109.1",17,1594,4.09638554216868,3.985,1.02795120255174,0.48856755245113,"HLTF",0.974522444193964,0.311075379481614
"MA0638.1","MA0638.1",10,926,2.40963855421687,2.315,1.04088058497489,0.493391360383668,"CREB3",0.981519879589911,0.306808459569732
"MA0839.1","MA0839.1",13,1219,3.13253012048193,3.0475,1.02790159818931,0.499121278535564,"CREB3L1",0.990277855817901,0.301793914899273
"MA0913.2","MA0913.2",32,3052,7.71084337349398,7.63,1.01059546179475,0.501900089335351,"HOXD9",0.993149778897007,0.299382727015997
"MA0829.2","MA0829.2",22,2096,5.30120481927711,5.24,1.01168030902235,0.508760399979354,"SREBF1(var.2)",1,0.293486699914181
"MA0774.1","MA0774.1",25,2386,6.02409638554217,5.965,1.00990718952928,0.509175350373515,"MEIS2",1,0.293132629087281
"MA0258.2","MA0258.2",34,3259,8.19277108433735,8.1475,1.00555643870357,0.512602973275967,"ESR2",1,0.290218879085054
"MA1636.1","MA1636.1",33,3167,7.95180722891566,7.9175,1.00433308859055,0.51603565759344,"CEBPG(var.2)",1,0.287320287983203
"MA1487.1","MA1487.1",53,5101,12.7710843373494,12.7525,1.0014573093393,0.517772115557677,"FOXE1",1,0.285861342053943
"MA0806.1","MA0806.1",24,2301,5.78313253012048,5.7525,1.00532508128996,0.519281083175683,"TBX4",1,0.284597497975046
"MA0663.1","MA0663.1",10,947,2.40963855421687,2.3675,1.01779875574102,0.521805613806031,"MLX",1,0.282491252886494
"MA0631.1","MA0631.1",14,1340,3.37349397590361,3.35,1.00701312713541,0.527319512770833,"Six3",1,0.277926157870304
"MA0907.1","MA0907.1",19,1827,4.57831325301205,4.5675,1.00236743360964,0.528911416919474,"HOXC13",1,0.276617058332475
"MA0842.2","MA0842.2",28,2706,6.74698795180723,6.765,0.997337465159975,0.533994323518218,"NRL",1,0.27246335959657
"MA1143.1","MA1143.1",10,958,2.40963855421687,2.395,1.00611213119702,0.536490416889997,"FOSL1::JUND(var.2)",1,0.270438031254348
"MA0852.2","MA0852.2",36,3486,8.67469879518072,8.715,0.995375650623147,0.5371694053575,"FOXK1",1,0.269888730669725
"MA0107.1","MA0107.1",28,2713,6.74698795180723,6.7825,0.994764165397306,0.539651852765732,"RELA",1,0.267886327554431
"MA0065.2","MA0065.2",61,5912,14.6987951807229,14.78,0.994505763242415,0.540033464074728,"Pparg::Rxra",1,0.267579327560924
"MA1472.1","MA1472.1",48,4654,11.566265060241,11.635,0.994092398817444,0.540514986385327,"BHLHA15(var.2)",1,0.267192260241249
"MA1474.1","MA1474.1",12,1157,2.89156626506024,2.8925,0.999677187574846,0.541123977751389,"CREB3L4",1,0.26670322161279
"MA1149.1","MA1149.1",27,2620,6.50602409638554,6.55,0.993286121585579,0.543037956464759,"RARA::RXRG",1,0.265169813676186
"MA0488.1","MA0488.1",33,3205,7.95180722891566,8.0125,0.992425239178242,0.544589995455892,"JUN",1,0.26393034125204
"MA0749.1","MA0749.1",2,179,0.481927710843374,0.4475,1.07693343205223,0.555792895142101,"ZBED1",1,0.255087009232454
"MA0756.1","MA0756.1",19,1855,4.57831325301205,4.6375,0.987237359140064,0.55598740119072,"ONECUT2",1,0.254935049524673
"MA0642.1","MA0642.1",14,1366,3.37349397590361,3.415,0.987845966589638,0.55646009313727,"EN2",1,0.254565975896609
"MA1651.1","MA1651.1",33,3221,7.95180722891566,8.0525,0.987495464627838,0.556491317279508,"ZFP42",1,0.254541607406569
"MA0125.1","MA0125.1",22,2149,5.30120481927711,5.3725,0.986729608055302,0.556804354957917,"Nobox",1,0.254297376618047
"MA0591.1","MA0591.1",36,3515,8.67469879518072,8.7875,0.987163447531234,0.557940836658651,"Bach1::Mafk",1,0.253411850659064
"MA0142.1","MA0142.1",60,5853,14.4578313253012,14.6325,0.988062964312401,0.561688877771285,"Pou5f1::Sox2",1,0.250504175679458
"MA0036.3","MA0036.3",23,2254,5.54216867469879,5.635,0.983525940496681,0.563233371526306,"GATA2",1,0.249311621194846
"MA1124.1","MA1124.1",50,4885,12.0481927710843,12.2125,0.986545979208543,0.563547580667507,"ZNF24",1,0.249069410320659
"MA0903.1","MA0903.1",24,2353,5.78313253012048,5.8825,0.983107952421671,0.564298524951717,"HOXB3",1,0.248491084952655
"MA0106.3","MA0106.3",13,1275,3.13253012048193,3.1875,0.982754547602174,0.564576785773485,"TP53",1,0.248276983110363
"MA0891.1","MA0891.1",14,1377,3.37349397590361,3.4425,0.979954677096184,0.568599814083222,"GSC2",1,0.245193286648117
"MA1466.1","MA1466.1",10,983,2.40963855421687,2.4575,0.980524335388349,0.56924969983146,"ATF6",1,0.244697189718661
"MA0494.1","MA0494.1",35,3442,8.43373493975904,8.605,0.980097029605931,0.575384919394348,"Nr1h3::Rxra",1,0.240041524978968
"MA0081.2","MA0081.2",105,10245,25.3012048192771,25.6125,0.987845966589638,0.57686180482855,"SPIB",1,0.238928215594371
"MA0620.3","MA0620.3",14,1385,3.37349397590361,3.4625,0.974294289069636,0.577349884743255,"MITF",1,0.238560916548218
"MA0469.3","MA0469.3",3,289,0.72289156626506,0.7225,1.00054196022846,0.578420457635125,"E2F3",1,0.237756355269319
"MA1479.1","MA1479.1",24,2370,5.78313253012048,5.925,0.976056123227086,0.578731538562086,"DMRTC2",1,0.237522849673332
"MA1480.1","MA1480.1",13,1288,3.13253012048193,3.22,0.972835441143456,0.579323784491597,"DPRX",1,0.237078640909865
"MA1534.1","MA1534.1",23,2274,5.54216867469879,5.685,0.974875756323447,0.580547072680979,"NR1I3",1,0.236162560461556
"MA0670.1","MA0670.1",32,3160,7.71084337349398,7.9,0.976056123227086,0.58357191710371,"NFIA",1,0.233905615579728
"MA0092.1","MA0092.1",31,3063,7.46987951807229,7.6575,0.975498467916721,0.584247049810273,"Hand1::Tcf3",1,0.233403471925644
"MA0078.1","MA0078.1",26,2575,6.26506024096386,6.4375,0.973213241314774,0.585960731906916,"Sox17",1,0.232131487203004
"MA1576.1","MA1576.1",28,2779,6.74698795180723,6.9475,0.971138963916118,0.592015819315399,"THRB(var.3)",1,0.227666688294658
"MA0512.2","MA0512.2",23,2288,5.54216867469879,5.72,0.968910607464824,0.592520380920594,"Rxra",1,0.227296706635801
"MA0755.1","MA0755.1",6,602,1.44578313253012,1.505,0.96065324420606,0.595388655431048,"CUX2",1,0.225199444681961
"MA1646.1","MA1646.1",58,5719,13.9759036144578,14.2975,0.977506809893886,0.596052321594389,"OSR2",1,0.224715616128246
"MA0715.1","MA0715.1",36,3571,8.67469879518072,8.9275,0.971682867004282,0.597270900368639,"PROP1",1,0.223828643995911
"MA0856.1","MA0856.1",23,2295,5.54216867469879,5.7375,0.965955324566239,0.598458405232246,"RXRG",1,0.222966029060182
"MA0041.1","MA0041.1",79,7773,19.0361445783133,19.4325,0.979603477592345,0.600956485133194,"Foxd3",1,0.221156973838731
"MA0069.1","MA0069.1",14,1408,3.37349397590361,3.52,0.958378970427163,0.602103314630307,"PAX6",1,0.220328981957958
"MA0076.2","MA0076.2",21,2103,5.06024096385542,5.2575,0.962480449615867,0.603142105610653,"ELK4",1,0.219580352185549
"MA0040.1","MA0040.1",43,4266,10.3614457831325,10.665,0.971537344878812,0.603417374398302,"Foxq1",1,0.219382189194712
"MA0739.1","MA0739.1",26,2598,6.26506024096386,6.495,0.964597419701902,0.60440727470833,"Hic1",1,0.218670317088353
"MA0132.2","MA0132.2",26,2599,6.26506024096386,6.4975,0.964226277947496,0.605202045862261,"PDX1",1,0.218099612530561
"MA0682.2","MA0682.2",16,1611,3.85542168674699,4.0275,0.957274161824206,0.606361400042731,"PITX1",1,0.21726845295979
"MA0153.2","MA0153.2",22,2206,5.30120481927711,5.515,0.961233874755595,0.606737730400488,"HNF1B",1,0.216998997316985
"MA0683.1","MA0683.1",45,4472,10.8433734939759,11.18,0.969890294631118,0.609781819578392,"POU4F2",1,0.214825528108527
"MA0519.1","MA0519.1",53,5257,12.7710843373494,13.1425,0.97173934467182,0.611011463267512,"Stat5a::Stat5b",1,0.213950641824346
"MA0912.2","MA0912.2",18,1815,4.33734939759036,4.5375,0.95588967440008,0.611478477387712,"HOXD3",1,0.213618824508726
"MA0102.4","MA0102.4",30,3003,7.2289156626506,7.5075,0.962892529157589,0.612679205147337,"CEBPA",1,0.21276685974153
"MA0059.1","MA0059.1",15,1526,3.6144578313253,3.815,0.947433245432582,0.621009526361049,"MAX::MYC",1,0.206901737642577
"MA0687.1","MA0687.1",58,5765,13.9759036144578,14.4125,0.96970710247756,0.621737641114237,"SPIC",1,0.206392838867412
"MA1505.1","MA1505.1",12,1230,2.89156626506024,3.075,0.940346752865119,0.62603257232606,"HOXC8",1,0.20340306996296
"MA1499.1","MA1499.1",18,1831,4.33734939759036,4.5775,0.947536733498713,0.626306902764055,"HOXB4",1,0.203212801749405
"MA1504.1","MA1504.1",18,1831,4.33734939759036,4.5775,0.947536733498713,0.626306902764055,"HOXC4",1,0.203212801749405
"MA1507.1","MA1507.1",18,1831,4.33734939759036,4.5775,0.947536733498713,0.626306902764055,"HOXD4",1,0.203212801749405
"MA0666.1","MA0666.1",15,1534,3.6144578313253,3.835,0.942492263709335,0.62901945583061,"MSX1",1,0.201335921439947
"MA0876.1","MA0876.1",15,1534,3.6144578313253,3.835,0.942492263709335,0.62901945583061,"BSX",1,0.201335921439947
"MA0077.1","MA0077.1",27,2735,6.50602409638554,6.8375,0.951520891610317,0.634001122431314,"SOX9",1,0.197909973245563
"MA1489.1","MA1489.1",34,3429,8.19277108433735,8.5725,0.955703830193917,0.634930889601548,"FOXN3",1,0.197273543838912
"MA0602.1","MA0602.1",23,2339,5.54216867469879,5.8475,0.947784296656485,0.634963306299258,"Arid5a",1,0.197251371294167
"MA0629.1","MA0629.1",18,1841,4.33734939759036,4.6025,0.942389874544348,0.63544102509706,"Rhox11",1,0.196924749851783
"MA0525.2","MA0525.2",9,935,2.16867469879518,2.3375,0.927775272211842,0.635937701877504,"TP63",1,0.19658542689249
"MA0691.1","MA0691.1",31,3137,7.46987951807229,7.8425,0.952487028125252,0.638171049225904,"TFAP4",1,0.195062901563104
"MA0032.2","MA0032.2",54,5408,13.0120481927711,13.52,0.962429600057033,0.641108846931175,"FOXC1",1,0.193068230062328
"MA0002.2","MA0002.2",56,5612,13.4939759036145,14.03,0.961794433614715,0.645329318386079,"RUNX1",1,0.190218603722796
"MA0698.1","MA0698.1",48,4828,11.566265060241,12.07,0.958265539373733,0.646652948472398,"ZBTB18",1,0.189328737881086
"MA1537.1","MA1537.1",26,2655,6.26506024096386,6.6375,0.94388854854446,0.648633073028786,"NR2F1(var.2)",1,0.188000910939475
"MA0684.2","MA0684.2",33,3352,7.95180722891566,8.38,0.948903010610461,0.649868542341113,"RUNX3",1,0.187174485064507
"MA1463.1","MA1463.1",25,2561,6.02409638554217,6.4025,0.940897522146375,0.652919516112404,"ARGFX",1,0.18514034990794
"MA0083.3","MA0083.3",11,1154,2.65060240963855,2.885,0.918753001607818,0.654037393802767,"SRF",1,0.184397420700287
"MA1538.1","MA1538.1",14,1461,3.37349397590361,3.6525,0.923612313731311,0.656535712675014,"NR2F1(var.3)",1,0.182741645209153
"MA1550.1","MA1550.1",25,2572,6.02409638554217,6.43,0.9368734658697,0.661277305535384,"PPARD",1,0.17961638165089
"MA0771.1","MA0771.1",26,2672,6.26506024096386,6.68,0.937883269605368,0.661362586804859,"HSF4",1,0.179560376709547
"MA0145.3","MA0145.3",8,853,1.92771084337349,2.1325,0.903967570163421,0.661810038894523,"TFCP2",1,0.179266649380111
"MA0890.1","MA0890.1",18,1871,4.33734939759036,4.6775,0.927279400874476,0.66218613282313,"GBX2",1,0.179019918270531
"MA0614.1","MA0614.1",30,3072,7.2289156626506,7.68,0.941265060240964,0.662235171191857,"Foxj2",1,0.178987757668938
"MA1105.2","MA1105.2",30,3075,7.2289156626506,7.6875,0.940346752865119,0.664319255910176,"GRHL2",1,0.177623158947384
"MA0898.1","MA0898.1",26,2677,6.26506024096386,6.6925,0.936131526479471,0.665063109690368,"Hmx3",1,0.177137141328744
"MA0901.2","MA0901.2",61,6143,14.6987951807229,15.3575,0.957108590637988,0.666385428976023,"HOXB13",1,0.176274507676438
"MA0003.4","MA0003.4",45,4569,10.8433734939759,11.4225,0.949299496080184,0.668077048215654,"TFAP2A",1,0.17517344817522
"MA1123.2","MA1123.2",40,4075,9.63855421686747,10.1875,0.946115751348954,0.668619572136925,"TWIST1",1,0.174820914691318
"MA1683.1","MA1683.1",33,3380,7.95180722891566,8.45,0.941042275611321,0.668628681066994,"FOXA3",1,0.174814998126379
"MA1131.1","MA1131.1",15,1576,3.6144578313253,3.94,0.917375084092716,0.669676679047042,"FOSL2::JUN(var.2)",1,0.174134824757315
"MA0688.1","MA0688.1",23,2389,5.54216867469879,5.9725,0.927947873536843,0.674505035131173,"TBX2",1,0.171014804003164
"MA0161.2","MA0161.2",50,5076,12.0481927710843,12.69,0.949424174238324,0.675333964149981,"NFIC",1,0.170481408028973
"MA0635.1","MA0635.1",7,761,1.68674698795181,1.9025,0.886595000237481,0.677199896999391,"BARHL2",1,0.169283116618329
"MA0845.1","MA0845.1",45,4593,10.8433734939759,11.4825,0.944339080685905,0.681848898493693,"FOXB1",1,0.166311856752642
"MA0027.2","MA0027.2",17,1794,4.09638554216868,4.485,0.913352406280641,0.683199018652607,"EN1",1,0.165452766139402
"MA1125.1","MA1125.1",114,11366,27.4698795180723,28.415,0.966738677391247,0.683616344188226,"ZNF384",1,0.165187562531313
"MA1147.1","MA1147.1",11,1182,2.65060240963855,2.955,0.896988971112878,0.684336227137211,"NR4A2::RXRA",1,0.164730468875034
"MA1589.1","MA1589.1",35,3608,8.43373493975904,9.02,0.935003873587476,0.687149141351478,"ZNF140",1,0.162948991854036
"MA1641.1","MA1641.1",35,3608,8.43373493975904,9.02,0.935003873587476,0.687149141351478,"MYF5",1,0.162948991854036
"MA0795.1","MA0795.1",7,771,1.68674698795181,1.9275,0.875095713593674,0.690168461178794,"SMAD3",1,0.161044890667499
"MA0648.1","MA0648.1",13,1397,3.13253012048193,3.4925,0.896930599994826,0.693590584664813,"GSC",1,0.158896810941117
"MA1127.1","MA1127.1",13,1397,3.13253012048193,3.4925,0.896930599994826,0.693590584664813,"FOSB::JUN",1,0.158896810941117
"MA0628.1","MA0628.1",14,1501,3.37349397590361,3.7525,0.898999060867053,0.694861551980638,"POU6F1",1,0.158101718000503
"MA1497.1","MA1497.1",15,1605,3.6144578313253,4.0125,0.900799459520324,0.696278028392907,"HOXA6",1,0.157217309116065
"MA1153.1","MA1153.1",22,2319,5.30120481927711,5.7975,0.914394966671343,0.697940638807405,"Smad4",1,0.156181513386411
"MA0714.1","MA0714.1",18,1914,4.33734939759036,4.785,0.906447105034558,0.698666938714368,"PITX3",1,0.155729807301877
"MA0671.1","MA0671.1",25,2623,6.02409638554217,6.5575,0.918657473967544,0.69867362193745,"NFIX",1,0.155725653000503
"MA1118.1","MA1118.1",23,2422,5.54216867469879,6.055,0.91530448797668,0.69933186878725,"SIX1",1,0.155316680363957
"MA1151.1","MA1151.1",26,2725,6.26506024096386,6.8125,0.919641870233226,0.699527719081651,"RORC",1,0.155195071728707
"MA0060.3","MA0060.3",20,2119,4.81927710843374,5.2975,0.909726683989379,0.700004981630417,"NFYA",1,0.154898869290168
"MA1561.1","MA1561.1",9,990,2.16867469879518,2.475,0.876232201533406,0.701168732198729,"SOX12",1,0.154177459001985
"MA1563.1","MA1563.1",15,1611,3.6144578313253,4.0275,0.897444526710193,0.701623034007253,"SOX18",1,0.153896161691563
"MA0503.1","MA0503.1",35,3633,8.43373493975904,9.0825,0.928569770411124,0.70260212823341,"Nkx2-5(var.2)",1,0.153290539032142
"MA1557.1","MA1557.1",5,569,1.20481927710843,1.4225,0.846973129777458,0.705053975596594,"SMAD5",1,0.151777634205115
"MA0046.2","MA0046.2",29,3036,6.98795180722892,7.59,0.920678762480753,0.705626591290738,"HNF1A",1,0.151425061332541
"MA1121.1","MA1121.1",32,3338,7.71084337349398,8.345,0.924007594187415,0.706032342867068,"TEAD2",1,0.151175403754194
"MA0899.1","MA0899.1",35,3639,8.43373493975904,9.0975,0.927038740286786,0.706249012121387,"HOXA10",1,0.151042146649362
"MA0770.1","MA0770.1",28,2938,6.74698795180723,7.345,0.918582430470692,0.707382125464439,"HSF2",1,0.150345918383633
"MA1541.1","MA1541.1",26,2741,6.26506024096386,6.8525,0.914273657929786,0.710569653457112,"NR6A1",1,0.14839334401464
"MA0480.1","MA0480.1",56,5740,13.4939759036145,14.35,0.940346752865119,0.711984940451033,"Foxo1",1,0.147529192245425
"MA0757.1","MA0757.1",29,3046,6.98795180722892,7.615,0.917656179544178,0.712160642505608,"ONECUT3",1,0.147422031244385
"MA0703.2","MA0703.2",28,2950,6.74698795180723,7.375,0.914845823973862,0.715305248719703,"LMX1B",1,0.145508588206456
"MA1553.1","MA1553.1",10,1108,2.40963855421687,2.77,0.869905615240746,0.715490573942354,"RARG(var.3)",1,0.145396083374208
"MA1593.1","MA1593.1",51,5254,12.289156626506,13.135,0.935603854320976,0.717061508231151,"ZNF317",1,0.144443589744104
"MA0769.2","MA0769.2",34,3558,8.19277108433735,8.895,0.921053522691102,0.717860335818594,"TCF7",1,0.143960042224778
"MA0470.2","MA0470.2",4,470,0.963855421686747,1.175,0.820302486541912,0.720242975868238,"E2F4",1,0.142520968461002
"MA1136.1","MA1136.1",10,1113,2.40963855421687,2.7825,0.865997683456197,0.720620417049398,"FOSB::JUNB(var.2)",1,0.142293437347677
"MA0750.2","MA0750.2",25,2657,6.02409638554217,6.6425,0.906901977499762,0.722287840681803,"ZBTB7A",1,0.141289696186705
"MA1539.1","MA1539.1",12,1333,2.89156626506024,3.3325,0.867686801218377,0.730834650615838,"NR2F6(var.3)",1,0.136180869892977
"MA0846.1","MA0846.1",65,6674,15.6626506024096,16.685,0.938726437063808,0.731995126265944,"FOXC2",1,0.135491810530205
"MA0136.2","MA0136.2",28,2976,6.74698795180723,7.44,0.906853219328929,0.73204705986876,"ELF5",1,0.135460999290815
"MA0855.1","MA0855.1",22,2370,5.30120481927711,5.925,0.894718112958162,0.734931590278766,"RXRB",1,0.133753084517364
"MA0652.1","MA0652.1",27,2882,6.50602409638554,7.205,0.902987383259617,0.736755056318311,"IRF8",1,0.132676874923431
"MA0637.1","MA0637.1",4,481,0.963855421686747,1.2025,0.801542970217669,0.736774823698459,"CENPB",1,0.132665222816152
"MA1104.2","MA1104.2",27,2884,6.50602409638554,7.21,0.902361178416857,0.738024753623592,"GATA6",1,0.131929071534892
"MA0897.1","MA0897.1",24,2582,5.78313253012048,6.455,0.89591518669566,0.74022128402589,"Hmx2",1,0.130638431532041
"MA0761.2","MA0761.2",67,6892,16.144578313253,17.23,0.937003964785433,0.740801724352924,"ETV1",1,0.130298015424275
"MA0723.1","MA0723.1",22,2382,5.30120481927711,5.955,0.890210716923108,0.743219967898074,"VAX2",1,0.128882630780488
"MA1532.1","MA1532.1",22,2383,5.30120481927711,5.9575,0.889837149689821,0.743903366609543,"NR1D2",1,0.128483475843791
"MA0874.1","MA0874.1",15,1666,3.6144578313253,4.165,0.8678170063206,0.747968799669942,"Arx",1,0.126116517661989
"MA0007.3","MA0007.3",14,1565,3.37349397590361,3.9125,0.862234882020093,0.750676159598268,"Ar",1,0.124547376486521
"MA0633.1","MA0633.1",19,2087,4.57831325301205,5.2175,0.877491759082328,0.752654463187505,"Twist2",1,0.123404358689561
"MA0677.1","MA0677.1",24,2602,5.78313253012048,6.505,0.889028828611911,0.753282861442014,"Nr2f6",1,0.123041913445994
"MA1657.1","MA1657.1",27,2909,6.50602409638554,7.2725,0.89460626969894,0.753583150248053,"ZNF652",1,0.122868820719561
"MA0777.1","MA0777.1",3,379,0.72289156626506,0.9475,0.762946244079219,0.754696426026989,"MYBL2",1,0.122227706667449
"MA1624.1","MA1624.1",46,4831,11.0843373493976,12.0775,0.917767530482102,0.75496641510919,"Stat5a",1,0.122072367651837
"MA0068.2","MA0068.2",10,1150,2.40963855421687,2.875,0.838135149292824,0.7567052487601,"PAX4",1,0.121073253610545
"MA1139.1","MA1139.1",9,1045,2.16867469879518,2.6125,0.830114717242174,0.758524617326337,"FOSL2::JUNB(var.2)",1,0.120030319958993
"MA0895.1","MA0895.1",10,1152,2.40963855421687,2.88,0.836680053547524,0.758560941195072,"HMBOX1",1,0.120009523167846
"MA0676.1","MA0676.1",30,3223,7.2289156626506,8.0575,0.897166076655365,0.758607135155179,"Nr2e1",1,0.119983076813892
"MA0656.1","MA0656.1",12,1367,2.89156626506024,3.4175,0.846105710332185,0.76089261031877,"JDP2(var.2)",1,0.118676633685446
"MA0495.3","MA0495.3",43,4545,10.3614457831325,11.3625,0.911898418757538,0.762483873634127,"MAFF",1,0.117769337116617
"MA0680.1","MA0680.1",12,1370,2.89156626506024,3.425,0.84425292410518,0.763431685175938,"PAX7",1,0.117229819221208
"MA0759.1","MA0759.1",10,1159,2.40963855421687,2.8975,0.831626765907461,0.764978998562524,"ELK3",1,0.11635048763541
"MA0112.3","MA0112.3",19,2105,4.57831325301205,5.2625,0.869988266605615,0.765253770966471,"ESR1",1,0.116194521637985
"MA0673.1","MA0673.1",25,2724,6.02409638554217,6.81,0.884595651327778,0.765518839994723,"NKX2-8",1,0.116044116520178
"MA0486.2","MA0486.2",25,2727,6.02409638554217,6.8175,0.883622498796064,0.767348864709562,"HSF1",1,0.115007145083496
"MA0596.1","MA0596.1",26,2834,6.26506024096386,7.085,0.88427102907041,0.770003084001095,"SREBF2",1,0.113507535396381
"MA0892.1","MA0892.1",23,2526,5.54216867469879,6.315,0.877619742628471,0.770222109107801,"GSX1",1,0.113384019177704
"MA0690.1","MA0690.1",22,2425,5.30120481927711,6.0625,0.874425537200348,0.771578950990449,"TBX21",1,0.112619628609008
"MA1542.1","MA1542.1",12,1380,2.89156626506024,3.45,0.838135149292823,0.771762292815375,"OSR1",1,0.112516444243838
"MA0744.2","MA0744.2",22,2428,5.30120481927711,6.07,0.87334511025982,0.773478362133541,"SCRT2",1,0.111551831075725
"MA0878.2","MA0878.2",24,2635,5.78313253012048,6.5875,0.877894881232711,0.773915661100894,"CDX1",1,0.111306364787672
"MA0158.2","MA0158.2",12,1384,2.89156626506024,3.46,0.835712793370012,0.775037241577342,"HOXA5",1,0.110677428560859
"MA0713.1","MA0713.1",28,3049,6.74698795180723,7.6225,0.885141089118692,0.775826711375914,"PHOX2A",1,0.110235271908611
"MA0662.1","MA0662.1",21,2341,5.06024096385542,5.8525,0.864628955806138,0.783893312032901,"MIXL1",1,0.105743040821027
"MA0483.1","MA0483.1",55,5806,13.2530120481928,14.515,0.913056289920274,0.787561520478387,"Gfi1b",1,0.103715511239035
"MA1649.1","MA1649.1",31,3378,7.46987951807229,8.445,0.884532802613652,0.78774552164286,"ZBTB12",1,0.103614057124223
"MA0047.3","MA0047.3",35,3799,8.43373493975904,9.4975,0.887995255568206,0.793984053543385,"FOXA2",1,0.10018821989993
"MA0836.2","MA0836.2",22,2469,5.30120481927711,6.1725,0.85884241705583,0.798393195757404,"CEBPD",1,0.0977831729451407
"MA0760.1","MA0760.1",13,1523,3.13253012048193,3.8075,0.82272622993616,0.799885198190271,"ERF",1,0.096972339720773
"MA0611.1","MA0611.1",13,1526,3.13253012048193,3.815,0.821108812708238,0.802051834698239,"Dux",1,0.0957975633916875
"MA0752.1","MA0752.1",17,1952,4.09638554216868,4.88,0.839423266837843,0.80265237704362,"ZNF410",1,0.0954725038112167
"MA1555.1","MA1555.1",9,1096,2.16867469879518,2.74,0.791487116348606,0.804432502054949,"RXRB(var.2)",1,0.0945103906138926
"MA1554.1","MA1554.1",9,1097,2.16867469879518,2.7425,0.79076561487518,0.805263323594154,"RFX7",1,0.0940620807702389
"MA0768.1","MA0768.1",42,4540,10.1204819277108,11.35,0.8916724165384,0.807039498197121,"LEF1",1,0.0931052094795711
"MA0009.2","MA0009.2",8,989,1.92771084337349,2.4725,0.779660603993324,0.80715763753137,"TBXT",1,0.0930416394732616
"MA1527.1","MA1527.1",37,4032,8.91566265060241,10.08,0.884490342321668,0.807617709956996,"NFIC(var.2)",1,0.092794166137181
"MA0709.1","MA0709.1",14,1644,3.37349397590361,4.11,0.820801453991147,0.809710152068079,"Msx3",1,0.0916704155472041
"MA0156.2","MA0156.2",10,1213,2.40963855421687,3.0325,0.794604634531531,0.810490437705305,"FEV",1,0.0912521046603991
"MA0621.1","MA0621.1",26,2907,6.26506024096386,7.2675,0.862065392633485,0.81072421026671,"mix-a",1,0.0911268576620831
"MA1580.1","MA1580.1",18,2071,4.33734939759036,5.1775,0.83773044859302,0.811028437156786,"ZBTB32",1,0.09096391781874
"MA0037.3","MA0037.3",16,1862,3.85542168674699,4.655,0.828232370944573,0.812808824598206,"GATA3",1,0.0900115899352774
"MA0686.1","MA0686.1",8,996,1.92771084337349,2.49,0.774181061595781,0.813140530608673,"SPDEF",1,0.089834391191052
"MA1475.1","MA1475.1",6,774,1.44578313253012,1.935,0.747174745493602,0.815618715113554,"CREB3L4(var.2)",1,0.0885128174975106
"MA1473.1","MA1473.1",24,2718,5.78313253012048,6.795,0.85108646506556,0.820675978749784,"CDX4",1,0.0858282782242411
"MA0782.2","MA0782.2",39,4269,9.39759036144578,10.6725,0.880542549678687,0.821972283671839,"PKNOX1",1,0.0851428263179998
"MA0893.2","MA0893.2",23,2620,5.54216867469879,6.55,0.846132622091419,0.824100993065831,"GSX2",1,0.0840195625218913
"MA0615.1","MA0615.1",2,304,0.481927710843374,0.76,0.634115409004439,0.825312024193462,"Gmeb1",1,0.0833818274911278
"MA0902.2","MA0902.2",17,1990,4.09638554216868,4.975,0.823394078827874,0.825964459453722,"HOXB2",1,0.083038639598754
"MA0505.1","MA0505.1",38,4180,9.1566265060241,10.45,0.876232201533406,0.827608286373705,"Nr5a2",1,0.0821751696395086
"MA1478.1","MA1478.1",19,2206,4.57831325301205,5.515,0.830156528198014,0.828004321035382,"DMRTA2",1,0.0819673967937118
"MA0051.1","MA0051.1",38,4182,9.1566265060241,10.455,0.875813152178297,0.828444689131354,"IRF2",1,0.0817364818214808
"MA1112.2","MA1112.2",40,4390,9.63855421686747,10.975,0.878228174657628,0.829743101434451,"NR4A1",1,0.0810563496712783
"MA0062.3","MA0062.3",68,7225,16.3855421686747,18.0625,0.907158043940468,0.830424412132215,"GABPA",1,0.0806998922768362
"MA1117.1","MA1117.1",21,2422,5.06024096385542,6.055,0.835712793370012,0.830494944996619,"RELB",1,0.0806630066403478
"MA0517.1","MA0517.1",92,9621,22.1686746987952,24.0525,0.921678607163296,0.831386103682935,"STAT1::STAT2",1,0.080197238843825
"MA0802.1","MA0802.1",22,2535,5.30120481927711,6.3375,0.836482022765619,0.83442064971051,"TBR1",1,0.0786149568054484
"MA0080.5","MA0080.5",123,12692,29.6385542168675,31.73,0.934086171347856,0.834703770769715,"SPI1",1,0.0784676245713816
"MA1129.1","MA1129.1",6,799,1.44578313253012,1.9975,0.723796311654629,0.837984950590507,"FOSL1::JUN(var.2)",1,0.0767637808138614
"MA0809.2","MA0809.2",36,4001,8.67469879518072,10.0025,0.867253066251509,0.838580987080857,"TEAD4",1,0.076454988461755
"MA0139.1","MA0139.1",80,8454,19.2771084337349,21.135,0.91209408250461,0.839481488432505,"CTCF",1,0.0759888761313569
"MA0793.1","MA0793.1",26,2967,6.26506024096386,7.4175,0.844632320992768,0.840236628748487,"POU6F2",1,0.0755983900241543
"MA1607.1","MA1607.1",45,4938,10.8433734939759,12.345,0.878361562898007,0.843918551593398,"Foxl2",1,0.0736994660525854
"MA0650.2","MA0650.2",24,2767,5.78313253012048,6.9175,0.836014821846112,0.844845590295335,"HOXA13",1,0.0732226583999166
"MA1645.1","MA1645.1",31,3499,7.46987951807229,8.7475,0.853944500494117,0.844918059802501,"NKX2-2",1,0.0731854069096436
"MA0141.3","MA0141.3",23,2665,5.54216867469879,6.6625,0.831845204457605,0.846445383791619,"ESRRB",1,0.072401059153566
"MA0834.1","MA0834.1",8,1039,1.92771084337349,2.5975,0.74214084441713,0.846826414175304,"ATF7",1,0.0722056039454137
"MA1531.1","MA1531.1",24,2773,5.78313253012048,6.9325,0.834205918517199,0.847633055535477,"NR1D1",1,0.0717921152496693
"MA0794.1","MA0794.1",8,1041,1.92771084337349,2.6025,0.740715021469162,0.848268355793934,"PROX1",1,0.0714667338240011
"MA1625.1","MA1625.1",48,5263,11.566265060241,13.1575,0.879062516453807,0.850563840709547,"Stat5b",1,0.0702930840180798
"MA1581.1","MA1581.1",45,4961,10.8433734939759,12.4025,0.874289336341536,0.852167503332357,"ZBTB6",1,0.0694750312626837
"MA0772.1","MA0772.1",47,5166,11.3253012048193,12.915,0.876910662394059,0.852329416595906,"IRF7",1,0.0693925224164712
"MA0067.1","MA0067.1",4,579,0.963855421686747,1.4475,0.665875938989117,0.852759183091509,"Pax2",1,0.0691735951167006
"MA1519.1","MA1519.1",17,2039,4.09638554216868,5.0975,0.803606776295964,0.85297246704793,"LHX5",1,0.0690649871233774
"MA0098.3","MA0098.3",12,1497,2.89156626506024,3.7425,0.772629596542483,0.854267538979522,"ETS1",1,0.0684060959312121
"MA1592.1","MA1592.1",24,2788,5.78313253012048,6.97,0.829717723116282,0.854440023961791,"ZNF274",1,0.0683184164734866
"MA0896.1","MA0896.1",17,2042,4.09638554216868,5.105,0.802426159092787,0.854517030898446,"Hmx1",1,0.0682792771778735
"MA1146.1","MA1146.1",11,1388,2.65060240963855,3.47,0.763862365890073,0.855258976519598,"NR1H4::RXRA",1,0.0679023589055779
"MA0860.1","MA0860.1",26,3001,6.26506024096386,7.5025,0.835063011124806,0.85540401541419,"Rarg(var.2)",1,0.0678287154211152
"MA1484.1","MA1484.1",12,1500,2.89156626506024,3.75,0.771084337349398,0.856032834308974,"ETS2",1,0.0675095770451309
"MA0605.2","MA0605.2",10,1278,2.40963855421687,3.195,0.754190470803402,0.856166439491043,"ATF3",1,0.0674417998952023
"MA0151.1","MA0151.1",103,10812,24.8192771084337,27.03,0.918212249664585,0.859122017571698,"Arid3a",1,0.0659451507265939
"MA1632.1","MA1632.1",26,3011,6.26506024096386,7.5275,0.832289636793604,0.859655328400174,"ATF2",1,0.0656756405914709
"MA0868.2","MA0868.2",27,3120,6.50602409638554,7.8,0.834105653382762,0.861205313061695,"SOX8",1,0.0648932995333408
"MA0653.1","MA0653.1",35,3970,8.43373493975904,9.925,0.849746593426603,0.866443731762019,"IRF9",1,0.0622596358106908
"MA0706.1","MA0706.1",22,2604,5.30120481927711,6.51,0.814317176540262,0.866833203505929,"MEOX2",1,0.062064461653991
"MA0090.3","MA0090.3",34,3869,8.19277108433735,9.6725,0.847016912311951,0.867548403761215,"TEAD1",1,0.0617062849521266
"MA0796.1","MA0796.1",21,2501,5.06024096385542,6.2525,0.809314828285553,0.868487085004986,"TGIF1",1,0.0612366354238745
"MA0496.3","MA0496.3",52,5728,12.5301204819277,14.32,0.875008413542438,0.86898781617314,"MAFK",1,0.06098631262598
"MA1108.2","MA1108.2",29,3354,6.98795180722892,8.385,0.83338721612748,0.870547711924641,"MXI1",1,0.0602074216083897
"MA0159.1","MA0159.1",25,2932,6.02409638554217,7.33,0.821841253143543,0.870618730992688,"RARA::RXRA",1,0.0601719934165525
"MA1530.1","MA1530.1",20,2408,4.81927710843374,6.02,0.800544370171717,0.874666089333107,"NKX6-3",1,0.058157710677086
"MA0601.1","MA0601.1",35,4002,8.43373493975904,10.005,0.84295201796692,0.877601032129807,"Arid3b",1,0.0567028746676021
"MA0018.4","MA0018.4",26,3059,6.26506024096386,7.6475,0.819229845173437,0.878769065040347,"CREB1",1,0.0561252397792285
"MA1133.1","MA1133.1",9,1204,2.16867469879518,3.01,0.720489933154545,0.879660674254766,"JUN::JUNB(var.2)",1,0.0556848229842122
"MA0643.1","MA0643.1",21,2529,5.06024096385542,6.3225,0.800354442681759,0.880268987166288,"Esrrg",1,0.0553845985410921
"MA0640.2","MA0640.2",72,7802,17.3493975903614,19.505,0.88948462396111,0.881320800555945,"ELF3",1,0.0548659797246261
"MA0702.2","MA0702.2",19,2316,4.57831325301205,5.79,0.790727677549577,0.881417819684584,"LMX1A",1,0.0548181735759823
"MA1418.1","MA1418.1",52,5771,12.5301204819277,14.4275,0.868488683550699,0.881630115523496,"IRF3",1,0.0547135832129241
"MA0140.2","MA0140.2",19,2317,4.57831325301205,5.7925,0.790386405353828,0.881836177308303,"GATA1::TAL1",1,0.0546120882233758
"MA1110.1","MA1110.1",16,1997,3.85542168674699,4.9925,0.7722427014015,0.884816474002824,"NR1H4",1,0.053146800029073
"MA0674.1","MA0674.1",23,2759,5.54216867469879,6.8975,0.803503976034621,0.88623960670145,"NKX6-1",1,0.0524488449300916
"MA1577.1","MA1577.1",16,2001,3.85542168674699,5.0025,0.77069898785547,0.886559050899382,"TLX2",1,0.0522923321153456
"MA0765.2","MA0765.2",16,2001,3.85542168674699,5.0025,0.77069898785547,0.886559050899382,"ETV5",1,0.0522923321153456
"MA0038.2","MA0038.2",30,3509,7.2289156626506,8.7725,0.824042822758689,0.888229604983594,"GFI1",1,0.0514747557438104
"MA0705.1","MA0705.1",21,2551,5.06024096385542,6.3775,0.793452130749576,0.888937820901075,"Lhx8",1,0.0511286158396458
"MA0619.1","MA0619.1",47,5285,11.3253012048193,13.2125,0.857165654101743,0.88944861457037,"LIN54",1,0.0508791370158746
"MA1145.1","MA1145.1",11,1452,2.65060240963855,3.63,0.730193501277839,0.89028948442189,"FOSL2::JUND(var.2)",1,0.0504687562256969
"MA0886.1","MA0886.1",11,1454,2.65060240963855,3.635,0.729189108566315,0.89126220673354,"EMX2",1,0.0499945089990235
"MA0870.1","MA0870.1",18,2234,4.33734939759036,5.585,0.776606875128086,0.892329102812284,"Sox1",1,0.0494749425125237
"MA0894.1","MA0894.1",15,1912,3.6144578313253,4.78,0.756162726218682,0.895623883111197,"HESX1",1,0.0478743338456804
"MA0766.2","MA0766.2",14,1803,3.37349397590361,4.5075,0.748417964704074,0.896558934094765,"GATA5",1,0.0474211574002752
"MA0693.2","MA0693.2",20,2463,4.81927710843374,6.1575,0.782667821101703,0.896565168915415,"VDR",1,0.0474181372543748
"MA0467.1","MA0467.1",23,2795,5.54216867469879,6.9875,0.79315472983167,0.899160205590493,"Crx",1,0.0461629220540312
"MA1528.1","MA1528.1",33,3863,7.95180722891566,9.6575,0.823381540659142,0.899990154846075,"NFIX(var.2)",1,0.0457622413600188
"MA1509.1","MA1509.1",3,510,0.72289156626506,1.275,0.566973777462792,0.900510615892251,"IRF6",1,0.0455111630262919
"MA0499.2","MA0499.2",36,4182,8.67469879518072,10.455,0.829717723116281,0.900956632132512,"MYOD1",1,0.0452961134369589
"MA0800.1","MA0800.1",19,2367,4.57831325301205,5.9175,0.773690452558014,0.901316942884847,"EOMES",1,0.0451224650233513
"MA0593.1","MA0593.1",51,5748,12.289156626506,14.37,0.855195311517469,0.902697491502682,"FOXP2",1,0.0444577643953104
"MA0867.2","MA0867.2",49,5544,11.8072289156626,13.86,0.851892418157478,0.903288261449278,"SOX4",1,0.0441736335414396
"MA0137.3","MA0137.3",41,4717,9.87951807228916,11.7925,0.837779781410995,0.904165624510493,"STAT1",1,0.0437520084377526
"MA1623.1","MA1623.1",118,12527,28.433734939759,31.3175,0.907918414297407,0.908542686660671,"Stat2",1,0.0416546631323163
"MA0592.3","MA0592.3",27,3269,6.50602409638554,8.1725,0.79608737796091,0.912838479983535,"ESRRA",1,0.0396060608638613
"MA0659.2","MA0659.2",39,4542,9.39759036144578,11.355,0.827616940682147,0.912939179498971,"MAFG",1,0.0395581544348377
"MA0100.3","MA0100.3",19,2408,4.57831325301205,6.02,0.760517151663131,0.915292058477498,"MYB",1,0.0384403057733645
"MA0122.3","MA0122.3",21,2628,5.06024096385542,6.57,0.770204104087583,0.915444014856152,"Nkx3-2",1,0.0383682103819512
"MA1483.1","MA1483.1",12,1626,2.89156626506024,4.065,0.711332414528965,0.91617691242592,"ELF2",1,0.0380206566031131
"MA0087.1","MA0087.1",14,1857,3.37349397590361,4.6425,0.726654599009933,0.917465842595829,"Sox5",1,0.0374100956298645
"MA0647.1","MA0647.1",8,1170,1.92771084337349,2.925,0.659046442178972,0.920575720112,"GRHL1",1,0.0359404836680208
"MA0804.1","MA0804.1",7,1051,1.68674698795181,2.6275,0.641958891703828,0.921210321427253,"TBX19",1,0.0356412047571015
"MA0743.2","MA0743.2",18,2324,4.33734939759036,5.81,0.74653173796736,0.923562643187756,"SCRT1",1,0.0345336420016465
"MA0124.2","MA0124.2",16,2102,3.85542168674699,5.255,0.733667304804375,0.923999226498698,"Nkx3-1",1,0.0343283923377807
"MA0119.1","MA0119.1",33,3960,7.95180722891566,9.9,0.803212851405622,0.925575129212468,"NFIC::TLX1",1,0.0335883236661841
"MA0475.2","MA0475.2",10,1427,2.40963855421687,3.5675,0.675441781139977,0.928253336579941,"FLI1",1,0.032333481039964
"MA0115.1","MA0115.1",19,2461,4.57831325301205,6.1525,0.744138683951572,0.930916560996585,"NR1H2::RXRA",1,0.0310892435328293
"MA1562.1","MA1562.1",14,1903,3.37349397590361,4.7575,0.709089642859404,0.932388500826731,"SOX14",1,0.0304030912843363
"MA0144.2","MA0144.2",56,6406,13.4939759036145,16.015,0.842583571877269,0.9324728800732,"STAT3",1,0.0303637903030096
"MA0887.1","MA0887.1",9,1326,2.16867469879518,3.315,0.654200512457068,0.934375957466839,"EVX1",1,0.0294783449682103
"MA1119.1","MA1119.1",26,3253,6.26506024096386,8.1325,0.770373223604532,0.936314741212061,"SIX2",1,0.0285781390878681
"MA1536.1","MA1536.1",18,2373,4.33734939759036,5.9325,0.731116628333816,0.93714548805615,"NR2C2(var.2)",1,0.0281929814119728
"MA0474.2","MA0474.2",10,1456,2.40963855421687,3.64,0.661988613795843,0.937929252902433,"ERG",1,0.0278299187987995
"MA0672.1","MA0672.1",18,2380,4.33734939759036,5.95,0.728966285309305,0.938909236398725,"NKX2-3",1,0.0273763886033135
"MA0704.1","MA0704.1",11,1582,2.65060240963855,3.955,0.670190242639331,0.940286079082939,"Lhx4",1,0.0267399935652097
"MA1549.1","MA1549.1",21,2721,5.06024096385542,6.8025,0.743879597773675,0.940342200692608,"POU6F1(var.2)",1,0.0267140731792791
"MA0718.1","MA0718.1",15,2048,3.6144578313253,5.12,0.705948795180723,0.940915270162043,"RAX",1,0.0264494832229581
"MA0630.1","MA0630.1",16,2167,3.85542168674699,5.4175,0.711660671296168,0.942165972997554,"SHOX",1,0.0258725846724499
"MA0654.1","MA0654.1",16,2167,3.85542168674699,5.4175,0.711660671296168,0.942165972997554,"ISX",1,0.0258725846724499
"MA0716.1","MA0716.1",16,2167,3.85542168674699,5.4175,0.711660671296168,0.942165972997554,"PRRX1",1,0.0258725846724499
"MA0717.1","MA0717.1",16,2167,3.85542168674699,5.4175,0.711660671296168,0.942165972997554,"RAX2",1,0.0258725846724499
"MA0720.1","MA0720.1",16,2167,3.85542168674699,5.4175,0.711660671296168,0.942165972997554,"Shox2",1,0.0258725846724499
"MA0701.2","MA0701.2",16,2167,3.85542168674699,5.4175,0.711660671296168,0.942165972997554,"LHX9",1,0.0258725846724499
"MA0641.1","MA0641.1",14,1943,3.37349397590361,4.8575,0.694491811817522,0.943445087563251,"ELF4",1,0.0252833725126016
"MA0523.1","MA0523.1",38,4581,9.1566265060241,11.4525,0.79953080166113,0.943550130310188,"TCF7L2",1,0.0252350210541837
"MA1495.1","MA1495.1",6,985,1.44578313253012,2.4625,0.587120053819338,0.943848402342586,"HOXA1",1,0.0250977549743239
"MA0612.2","MA0612.2",6,985,1.44578313253012,2.4625,0.587120053819338,0.943848402342586,"EMX1",1,0.0250977549743239
"MA0900.2","MA0900.2",6,985,1.44578313253012,2.4625,0.587120053819338,0.943848402342586,"HOXA2",1,0.0250977549743239
"MA0904.2","MA0904.2",6,985,1.44578313253012,2.4625,0.587120053819338,0.943848402342586,"HOXB5",1,0.0250977549743239
"MA0888.1","MA0888.1",10,1476,2.40963855421687,3.69,0.653018578378555,0.943925974885977,"EVX2",1,0.0250620628619962
"MA0035.4","MA0035.4",15,2060,3.6144578313253,5.15,0.701836472102,0.943953218564675,"GATA1",1,0.0250495283954191
"MA0783.1","MA0783.1",25,3180,6.02409638554217,7.95,0.757747973024172,0.94411658436877,"PKNOX2",1,0.0249743734754928
"MA0724.1","MA0724.1",6,992,1.44578313253012,2.48,0.582977069568597,0.946204983310946,"VENTX",1,0.0240147690133608
"MA0661.1","MA0661.1",14,1965,3.37349397590361,4.9125,0.686716330972746,0.948837412086593,"MEOX1",1,0.0228081996728585
"MA0644.1","MA0644.1",15,2092,3.6144578313253,5.23,0.691100923771568,0.951408177789721,"ESX1",1,0.0216331199397809
"MA1126.1","MA1126.1",10,1506,2.40963855421687,3.765,0.640010240163843,0.951974183929544,"FOS::JUN(var.2)",1,0.0213748288518336
"MA0699.1","MA0699.1",14,1984,3.37349397590361,4.96,0.680139914496697,0.9531312362651,"LBX2",1,0.0208472974080994
"MA0725.1","MA0725.1",15,2105,3.6144578313253,5.2625,0.686832842057064,0.954182697862653,"VSX1",1,0.0203684627413581
"MA0726.1","MA0726.1",15,2105,3.6144578313253,5.2625,0.686832842057064,0.954182697862653,"VSX2",1,0.0203684627413581
"MA0075.3","MA0075.3",15,2105,3.6144578313253,5.2625,0.686832842057064,0.954182697862653,"PRRX2",1,0.0203684627413581
"MA1152.1","MA1152.1",48,5712,11.566265060241,14.28,0.80996253923256,0.954611477781816,"SOX15",1,0.0201733481938057
"MA0710.1","MA0710.1",15,2111,3.6144578313253,5.2775,0.684880688076798,0.955416208423391,"NOTO",1,0.0198073952809157
"MA0604.1","MA0604.1",2,470,0.481927710843374,1.175,0.410151243270956,0.956775126505891,"Atf1",1,0.0191901236583949
"MA0764.2","MA0764.2",71,8143,17.1084337349398,20.3575,0.840399544882218,0.958985764428357,"ETV4",1,0.0181878396240165
"MA1544.1","MA1544.1",1,306,0.240963855421687,0.765,0.314985431923774,0.959385389421384,"OVOL1",1,0.0180068997350234
"MA0869.1","MA0869.1",32,4039,7.71084337349398,10.0975,0.763638858479225,0.960029282967067,"Sox11",1,0.0177155198384997
"MA0675.1","MA0675.1",21,2823,5.06024096385542,7.0575,0.717001907737219,0.960253892226683,"NKX6-2",1,0.0176139238200164
"MA0473.3","MA0473.3",60,7026,14.4578313253012,17.565,0.823104544565966,0.961456277314834,"ELF1",1,0.0170704607262305
"MA1643.1","MA1643.1",46,5559,11.0843373493976,13.8975,0.797577790926252,0.962051813569427,"NFIB",1,0.0168015373786937
"MA0909.2","MA0909.2",15,2153,3.6144578313253,5.3825,0.671520265922025,0.963269554101771,"HOXD13",1,0.0162521661693064
"MA0851.1","MA0851.1",42,5143,10.1204819277108,12.8575,0.787126729746128,0.963270930251234,"Foxj3",1,0.0162515457264735
"MA0160.1","MA0160.1",19,2615,4.57831325301205,6.5375,0.700315602755189,0.963296651513933,"NR4A2",1,0.0162399493489947
"MA0084.1","MA0084.1",31,3964,7.46987951807229,9.91,0.753771898897305,0.964630717273506,"SRY",1,0.0156389127127277
"MA0117.2","MA0117.2",24,3193,5.78313253012048,7.9825,0.724476358298839,0.96517815370676,"Mafb",1,0.0153925166762006
"MA1597.1","MA1597.1",36,4549,8.67469879518072,11.3725,0.762778526725058,0.969251995018753,"ZNF528",1,0.0135632964081975
"MA1150.1","MA1150.1",18,2541,4.33734939759036,6.3525,0.6827783388572,0.96931896893117,"RORB",1,0.0135332883237406
"MA0763.1","MA0763.1",8,1342,1.92771084337349,3.355,0.574578492808791,0.969729305336778,"ETV3",1,0.0133494797598131
"MA1585.1","MA1585.1",10,1594,2.40963855421687,3.985,0.604677177971611,0.970022040060267,"ZKSCAN1",1,0.0132183979318872
"MA0854.1","MA0854.1",13,1967,3.13253012048193,4.9175,0.637016801318135,0.971286177212726,"Alx1",1,0.012652791849972
"MA0518.1","MA0518.1",45,5550,10.8433734939759,13.875,0.781504395962227,0.972247000505104,"Stat4",1,0.0122233880273439
"MA0858.1","MA0858.1",16,2334,3.85542168674699,5.835,0.660740648971206,0.972782760418738,"Rarb(var.2)",1,0.0119841345365483
"MA0853.1","MA0853.1",11,1739,2.65060240963855,4.3475,0.609684280537908,0.973386931041762,"Alx4",1,0.0117144890094519
"MA0658.1","MA0658.1",10,1619,2.40963855421687,4.0475,0.595339976335236,0.973893142214751,"LHX6",1,0.0114886922921964
"MA1647.1","MA1647.1",53,6434,12.7710843373494,16.085,0.793974780065241,0.974944069459244,"PRDM4",1,0.0110202981701297
"MA1148.1","MA1148.1",22,3053,5.30120481927711,7.6325,0.694556805670109,0.975610051917196,"PPARA::RXRA",1,0.0107237337071372
"MA0598.3","MA0598.3",60,7191,14.4578313253012,17.9775,0.804218124060698,0.97631399459848,"EHF",1,0.0104104854167052
"MA0889.1","MA0889.1",10,1641,2.40963855421687,4.1025,0.587358575068097,0.976919557202672,"GBX1",1,0.0101411960573953
"MA0618.1","MA0618.1",16,2374,3.85542168674699,5.935,0.64960769785122,0.977516440860361,"LBX1",1,0.00987592946673803
"MA0857.1","MA0857.1",26,3528,6.26506024096386,8.82,0.710324290358714,0.977669412228954,"Rarb",1,0.00980797212007481
"MA0721.1","MA0721.1",14,2145,3.37349397590361,5.3625,0.629089785716292,0.978570509537787,"UNCX",1,0.00940787639336232
"MA0072.1","MA0072.1",18,2648,4.33734939759036,6.62,0.655188730753831,0.981246034000229,"RORA(var.2)",1,0.00822208557438178
"MA0468.1","MA0468.1",21,2999,5.06024096385542,7.4975,0.674923769770646,0.9813334998414,"DUX4",1,0.00818337536514359
"MA0859.1","MA0859.1",24,3354,5.78313253012048,8.385,0.689699765071017,0.982126560509595,"Rarg",1,0.00783254379215006
"MA1644.1","MA1644.1",15,2312,3.6144578313253,5.78,0.625338725142786,0.983077638667694,"NFYC",1,0.00741218235760631
"MA0063.2","MA0063.2",16,2436,3.85542168674699,6.09,0.633074168595565,0.983406909160196,"NKX2-5",1,0.00726674479549447
"MA0729.1","MA0729.1",21,3039,5.06024096385542,7.5975,0.666040271649282,0.984424921414051,"RARA",1,0.00681740035769158
"MA1471.1","MA1471.1",22,3156,5.30120481927711,7.89,0.671889077221433,0.98448658024958,"BARX2",1,0.00679019944793296
"MA1588.1","MA1588.1",23,3282,5.54216867469879,8.205,0.675462361328311,0.985188022748542,"ZNF136",1,0.00648087666021363
"MA0071.1","MA0071.1",18,2703,4.33734939759036,6.7575,0.641857106561652,0.985585652728078,"RORA",1,0.00630562720316661
"MA0017.2","MA0017.2",25,3530,6.02409638554217,8.825,0.682617154169084,0.986305394694698,"NR2F1",1,0.00598859145335985
"MA0866.1","MA0866.1",21,3069,5.06024096385542,7.6725,0.659529614057403,0.986432218775257,"SOX21",1,0.00593275128682244
"MA0442.2","MA0442.2",52,6529,12.5301204819277,16.3225,0.767659395431319,0.987130935356867,"SOX10",1,0.00562523767333545
"MA1540.1","MA1540.1",22,3205,5.30120481927711,8.0125,0.661616826118828,0.987585817700521,"NR5A1",1,0.00542515541348496
"MA0514.1","MA0514.1",56,7006,13.4939759036145,17.515,0.770423973943161,0.989096330247019,"Sox3",1,0.00476140945699661
"MA0797.1","MA0797.1",15,2436,3.6144578313253,6.09,0.593507033058342,0.991139485782164,"TGIF2",1,0.00386522175826633
"MA0515.1","MA0515.1",45,5906,10.8433734939759,14.765,0.734397121163285,0.992150307040305,"Sox6",1,0.00342252888080459
"MA0728.1","MA0728.1",24,3564,5.78313253012048,8.91,0.649060890024745,0.993062594294911,"Nr2f6(var.2)",1,0.00302337637861259
"MA0884.1","MA0884.1",14,2358,3.37349397590361,5.895,0.572263609143955,0.993119139662429,"DUXA",1,0.00299864818715177
"MA1571.1","MA1571.1",8,1619,1.92771084337349,4.0475,0.476271981068189,0.994745573163415,"TGIF2LX",1,0.00228798488323669
"MA0050.2","MA0050.2",122,14142,29.3975903614458,35.355,0.831497393903148,0.995808915168531,"IRF1",1,0.0018239899392831
"MA1508.1","MA1508.1",70,8797,16.8674698795181,21.9925,0.766964641560444,0.996148448889589,"IKZF1",1,0.00167593694822601
"MA1419.1","MA1419.1",13,2337,3.13253012048193,5.8425,0.536162622247656,0.996266896816698,"IRF4",1,0.00162429984223023
"MA0645.1","MA0645.1",16,2856,3.85542168674699,7.14,0.53997502615504,0.998304203957055,"ETV6",1,0.000737100026329689
"MA1572.1","MA1572.1",6,1553,1.44578313253012,3.8825,0.372384580175176,0.998955355649884,"TGIF2LY",1,0.000453920410804266
"MA0730.1","MA0730.1",13,2582,3.13253012048193,6.455,0.485287392793482,0.999181359463303,"RARA(var.2)",1,0.000355676673293087
"MA1111.1","MA1111.1",16,3065,3.85542168674699,7.6625,0.503154543131744,0.999520598984127,"NR2F2",1,0.00020825113770538
"MA1545.1","MA1545.1",0,288,0,0.72,0,1,"OVOL2",1,0
