"motif","mean_male","mean_female","diff","pval","padj","TF"
"MA0006.1",1.18423679972033,-0.489424446321194,1.67366124604152,0,0,"AHR::ARNT"
"MA0467.1",-2.21204705562247,0.979937686468503,-3.19198474209098,0,0,"CRX"
"MA0493.1",2.01879117692789,-0.975994881824005,2.99478605875189,0,0,"KLF1"
"MA0521.1",-1.60232202299724,0.680104591485331,-2.28242661448257,0,0,"TCF12"
"MA0599.1",1.170832591757,-0.538562996062285,1.70939558781928,0,0,"KLF5"
"MA0604.1",1.44891053408349,-0.587586342540025,2.03649687662351,0,0,"ATF1"
"MA0648.1",-1.98947142362959,0.898529101240525,-2.88800052487011,0,0,"GSC"
"MA0657.1",1.31059334958334,-0.58274601032865,1.89333935991199,0,0,"KLF13"
"MA0672.1",1.99427416347073,-0.885050576575487,2.87932474004621,0,0,"NKX2-3"
"MA0673.1",1.92796442111203,-0.87328669466444,2.80125111577647,0,0,"NKX2-8"
"MA0685.1",1.5234481401713,-0.675387461603839,2.19883560177514,0,0,"SP4"
"MA0691.1",-1.31659184681707,0.547826535653527,-1.8644183824706,0,0,"TFAP4"
"MA0696.1",-3.00677839384044,1.26851303073765,-4.27529142457809,0,0,"ZIC1"
"MA0697.1",-2.68634486889572,1.11323995295994,-3.79958482185566,0,0,"ZIC3"
"MA0714.1",-1.27757088266005,0.560755985750262,-1.83832686841031,0,0,"PITX3"
"MA0732.1",1.36096364020633,-0.555347315373328,1.91631095557966,0,0,"EGR3"
"MA0733.1",1.15150352903245,-0.476637130596601,1.62814065962905,0,0,"EGR4"
"MA0740.1",1.64080554277739,-0.705670219750914,2.3464757625283,0,0,"KLF14"
"MA0742.1",1.85775618658106,-0.874500696908161,2.73225688348922,0,0,"KLF12"
"MA0747.1",0.991135778662338,-0.449626420456957,1.44076219911929,0,0,"SP8"
"MA0751.1",-2.77731950352586,1.15914251403668,-3.93646201756254,0,0,"ZIC4"
"MA0784.1",1.5280466466707,-0.571999396584195,2.10004604325489,0,0,"POU1F1"
"MA0786.1",1.47605237681707,-0.565883806465393,2.04193618328247,0,0,"POU3F1"
"MA0787.1",1.52515148750367,-0.583368734874475,2.10852022237815,0,0,"POU3F2"
"MA0788.1",1.45819282296443,-0.551987372548458,2.01018019551289,0,0,"POU3F3"
"MA0891.1",-1.92563177452031,0.856496870116391,-2.7821286446367,0,0,"GSC2"
"MA1125.1",1.66526492600831,-0.631883112804108,2.29714803881242,0,0,"ZNF384"
"MA1480.1",-1.04725522831163,0.436997625800761,-1.4842528541124,0,0,"DPRX"
"MA1511.1",1.53671928554691,-0.717365914396714,2.25408519994363,0,0,"KLF10"
"MA1512.1",1.33024674992189,-0.59288847396699,1.92313522388888,0,0,"KLF11"
"MA1513.1",1.77849505758898,-0.736627532034843,2.51512258962382,0,0,"KLF15"
"MA1515.1",2.06783971141596,-0.937215320295494,3.00505503171145,0,0,"KLF2"
"MA1516.1",1.74183501927885,-0.783511744726698,2.52534676400555,0,0,"KLF3"
"MA1517.1",1.96581857250246,-0.892203132769986,2.85802170527245,0,0,"KLF6"
"MA1547.1",-1.08118031724975,0.472388957467427,-1.55356927471717,0,0,"PITX2"
"MA1564.1",1.43072750426955,-0.625196227169446,2.055923731439,0,0,"SP9"
"MA1584.1",-1.75311476594391,0.755113044579612,-2.50822781052353,0,0,"ZIC5"
"MA1585.1",-1.06166835261431,0.463677320799505,-1.52534567341382,0,0,"ZKSCAN1"
"MA1619.1",-1.8720743530735,0.778670585158349,-2.65074493823185,0,0,"PTF1A(VAR.2)"
"MA1628.1",-4.34970421968057,1.85261068227555,-6.20231490195612,0,0,"ZIC1::ZIC2"
"MA1629.1",-5.4157119911354,2.27674407092357,-7.69245606205897,0,0,"ZIC2"
"MA0682.2",-1.11423430395252,0.497281086921943,-1.61151539087446,0,0,"PITX1"
"MA0079.4",1.95329314414736,-0.873968821661037,2.8272619658084,0,0,"SP1"
"MA0516.2",0.989677048175067,-0.429869508047446,1.41954655622251,0,0,"SP2"
"MA0746.2",1.63785265151065,-0.726798686855628,2.36465133836628,0,0,"SP3"
"MA1641.1",-1.80633820062526,0.754293701551921,-2.56063190217718,0,0,"MYF5"
"MA0162.4",1.40100897620993,-0.588849053318364,1.98985802952829,0,0,"EGR1"
"MA0039.4",1.29295538378448,-0.591514673249598,1.88447005703408,0,0,"KLF4"
"MA1107.2",0.972089131870977,-0.457276791383789,1.42936592325477,0,0,"KLF9"
"MA0712.2",-1.61698467502019,0.715354447904982,-2.33233912292518,0,0,"OTX2"
"MA0741.1",0.891189740743777,-0.401110903296602,1.29230064404038,9.56331775562147e-301,1.39886961680267e-299,"KLF16"
"MA0507.1",1.27135239186907,-0.482398579362043,1.75375097123111,6.01126966594957e-300,8.62385994384303e-299,"POU2F2"
"MA0698.1",-1.48328673083908,0.584979023386645,-2.06826575422573,2.04941013892618e-297,2.88464144082818e-296,"ZBTB18"
"MA0472.2",1.27230280945366,-0.507402752448203,1.77970556190186,2.09957967810992e-297,2.90053044420371e-296,"EGR2"
"MA0060.3",1.21078051174075,-0.476827715043248,1.687608226784,2.57560635241898e-293,3.4934587980083e-292,"NFYA"
"MA0789.1",1.42993440512922,-0.512898710972328,1.94283311610154,5.58525584782728e-280,7.44035868299848e-279,"POU3F4"
"MA0763.1",1.4142242595087,-0.500837539739237,1.91506179924794,2.34944889061355e-276,3.07489275859247e-275,"ETV3"
"MA0122.3",1.05749813775387,-0.428111787838906,1.48560992559278,9.74501733680105e-272,1.25341085056096e-270,"NKX3-2"
"MA0506.1",1.42482469377713,-0.53525006851024,1.96007476228737,6.49678903594254e-270,8.21458410307311e-269,"NRF1"
"MA0028.2",1.50826113412487,-0.525768062088571,2.03402919621344,3.49665871219574e-269,4.34751233216337e-268,"ELK1"
"MA1593.1",-1.06887678623482,0.451587644693074,-1.5204644309279,1.63378071364916e-267,1.99803346292175e-266,"ZNF317"
"MA0883.1",-1.08869429478984,0.505531144282281,-1.59422543907212,7.66529384540041e-266,9.22307936882049e-265,"DMBX1"
"MA0124.2",1.02548864355775,-0.434823737906876,1.46031238146463,1.28396448632164e-263,1.5203769949142e-262,"NKX3-1"
"MA0686.1",1.10493657331271,-0.400734251301603,1.50567082461431,1.91795795871697e-263,2.23561974562946e-262,"SPDEF"
"MA1644.1",1.10555354322175,-0.430531163992359,1.5360847072141,2.09953819822362e-263,2.40962383980741e-262,"NFYC"
"MA1483.1",1.34289023284527,-0.470804940802626,1.81369517364789,3.58623239421659e-263,4.0535293425539e-262,"ELF2"
"MA1499.1",-1.08833620384161,0.424794289804375,-1.51313049364599,6.41972235943924e-263,7.14792967185324e-262,"HOXB4"
"MA0663.1",1.08174876972539,-0.437451467062135,1.51920023678753,4.46260601146795e-260,4.89574130081631e-259,"MLX"
"MA0779.1",-0.872396209650261,0.366737228139163,-1.23913343778942,2.48029373958381e-259,2.68159294163699e-258,"PAX1"
"MA0844.1",0.948978540728778,-0.39071653632026,1.33969507704904,8.92311761077064e-256,9.509493910907e-255,"XBP1"
"MA1507.1",-0.946898495076993,0.393772278507756,-1.34067077358475,1.9064526266538e-254,2.00311783025879e-253,"HOXD4"
"MA0781.1",-0.854891652579936,0.352486342055375,-1.20737799463531,6.11914184884105e-250,6.3401108600492e-249,"PAX9"
"MA0154.4",-1.1980350895881,0.462096227055856,-1.66013131664395,2.45218590485724e-249,2.50593244523767e-248,"EBF1"
"MA0813.1",-0.865319137701511,0.373878673825562,-1.23919781152707,1.7797149540717e-248,1.79414507532093e-247,"TFAP2B(VAR.3)"
"MA0816.1",-1.25979390274415,0.530365041032843,-1.79015894377699,6.83859263550983e-247,6.80212014145377e-246,"ASCL2"
"MA0156.2",1.37854995663793,-0.479398750943761,1.8579487075817,1.83359677408134e-246,1.79981999140089e-245,"FEV"
"MA0002.2",-1.67547910843171,0.685512963348764,-2.36099207178047,3.1473802473004e-246,3.04928008374818e-245,"RUNX1"
"MA0759.1",1.40675964926554,-0.484330019663768,1.89108966892931,1.06248601387603e-244,1.01617252096349e-243,"ELK3"
"MA0069.1",-0.890100302430569,0.38051440943193,-1.2706147118625,1.41754493531028e-241,1.33859306549553e-240,"PAX6"
"MA0073.1",0.770150188532085,-0.334303621114782,1.10445380964687,1.11057148588715e-239,1.03560791058976e-238,"RREB1"
"MA0058.3",0.934953539399171,-0.396630198391648,1.33158373779082,6.73217860346353e-235,6.20025338047382e-234,"MAX"
"MA0748.2",1.1705909454466,-0.443586782256463,1.61417772770306,2.17506161762519e-234,1.97877556920535e-233,"YY2"
"MA1635.1",-1.24422816246316,0.524994658381016,-1.76922282084418,3.30216693546398e-233,2.9679717275375e-232,"BHLHE22(VAR.2)"
"MA1497.1",-1.16980288534825,0.531257810477879,-1.70106069582612,4.45847067430732e-232,3.9595465750396e-231,"HOXA6"
"MA0872.1",-0.866141317080635,0.369731641401659,-1.23587295848229,7.01238873996783e-232,6.15440235296e-231,"TFAP2A(VAR.3)"
"MA0116.1",-0.869407856786383,0.354269963008099,-1.22367781979448,9.00677142423571e-232,7.81285056102307e-231,"ZNF423"
"MA0738.1",-0.952584863380125,0.42104900051508,-1.3736338638952,1.95852421710294e-230,1.67937823673424e-229,"HIC2"
"MA0815.1",-0.824554221984522,0.339216181409389,-1.16377040339391,1.8585654126265e-229,1.5755565884311e-228,"TFAP2C(VAR.3)"
"MA0474.2",1.30811626181022,-0.455381891016679,1.7634981528269,4.33359054931891e-229,3.63242533684483e-228,"ERG"
"MA1597.1",-0.936784143883571,0.364188890885347,-1.30097303476892,9.480590181037e-229,7.85835586117067e-228,"ZNF528"
"MA0627.2",1.14448127385172,-0.419426781013603,1.56390805486532,2.14583872563431e-228,1.7591161421134e-227,"POU2F3"
"MA0052.4",1.2960194843823,-0.497611829989856,1.79363131437216,3.23005745252049e-228,2.61915528215248e-227,"MEF2A"
"MA1420.1",0.950491574189241,-0.376679288251348,1.32717086244059,7.2103215876574e-228,5.78376333805637e-227,"IRF5"
"MA0004.1",1.00208288500688,-0.454089190864441,1.45617207587132,4.902314778631e-227,3.89056045197737e-226,"ARNT"
"MA0638.1",0.908726639780016,-0.369736641457048,1.27846328123706,5.72024605396028e-226,4.49189848026775e-225,"CREB3"
"MA0664.1",0.971437723111127,-0.40109053433457,1.3725282574457,1.2783436577302e-221,9.93379550694508e-221,"MLXIPL"
"MA1115.1",1.13057039029966,-0.416642635286334,1.547213025586,2.23893141079494e-221,1.72189982727116e-220,"POU5F1"
"MA0785.1",1.25257086082208,-0.451920406684772,1.70449126750685,5.10031922145626e-221,3.88248789714936e-220,"POU2F1"
"MA0147.3",0.944864652982898,-0.422677601897671,1.36754225488057,1.46233252069786e-218,1.1019192529703e-217,"MYC"
"MA0832.1",-1.0333381107815,0.428449071719613,-1.46178718250111,6.35310108424174e-218,4.73941340884434e-217,"TCF21"
"MA0792.1",1.27226532370233,-0.456734067771264,1.7289993914736,1.08424877183174e-217,8.00841172065818e-217,"POU5F1B"
"MA1476.1",-1.13689779431121,0.50254212412789,-1.6394399184391,2.61599129322996e-212,1.9132642203427e-211,"DLX5"
"MA1514.1",0.762053458462684,-0.312478077399841,1.07453153586252,3.91919424130263e-211,2.83856204272987e-210,"KLF17"
"MA0641.1",1.14565415730187,-0.386030987446876,1.53168514474874,5.03797060670477e-210,3.61377506980938e-209,"ELF4"
"MA0653.1",1.13977422309971,-0.423075053576606,1.56284927667632,8.43085419298844e-208,5.98992116949464e-207,"IRF9"
"MA1496.1",-0.921593032167313,0.347394918120076,-1.26898795028739,2.30778369161857e-205,1.62415720183722e-204,"HOXA4"
"MA1467.1",-1.06798150451953,0.4341280052986,-1.50210950981813,4.18242712363811e-205,2.91597255535891e-204,"ATOH1(VAR.2)"
"MA0076.2",1.23192071621834,-0.414947717085414,1.64686843330376,1.9100064323341e-203,1.31931925789004e-202,"ELK4"
"MA1464.1",0.941502045643292,-0.38335349737965,1.32485554302294,2.71375700734961e-203,1.85730525457139e-202,"ARNT2"
"MA1653.1",0.763536857687099,-0.318622681380179,1.08215953906728,4.96668320819447e-202,3.36831424846643e-201,"ZNF148"
"MA1100.2",-1.06520573377478,0.461772794934346,-1.52697852870912,2.2313293259547e-201,1.49961412356956e-200,"ASCL1"
"MA0706.1",-1.11288611410565,0.496392862336421,-1.60927897644207,4.92489726883639e-201,3.28033335942138e-200,"MEOX2"
"MA1484.1",1.10928220927164,-0.382761657377214,1.49204386664885,2.33935847019081e-200,1.54439063607287e-199,"ETS2"
"MA0041.1",1.09639075618968,-0.424226046446364,1.52061680263605,3.55373443975231e-200,2.32551394039932e-199,"FOXD3"
"MA1501.1",-1.07806794013814,0.48802640715499,-1.56609434729313,1.25644452240422e-199,8.15050098881345e-199,"HOXB7"
"MA1472.1",-1.07949166351538,0.455965483078988,-1.53545714659437,2.200752287401e-198,1.41531138482858e-197,"BHLHA15(VAR.2)"
"MA0665.1",-0.917384315529096,0.382048784368852,-1.29943309989795,7.9734938422637e-197,5.08395419344335e-196,"MSC"
"MA1504.1",-0.86366209968296,0.341085288281351,-1.20474738796431,8.55536244028732e-197,5.40872913597825e-196,"HOXC4"
"MA0652.1",1.02228405898741,-0.374410581340601,1.39669464032801,3.12564608310057e-195,1.95943863696893e-194,"IRF8"
"MA0475.2",1.1812653270792,-0.405542866780778,1.58680819385998,1.49322340287888e-194,9.28287215456372e-194,"FLI1"
"MA0497.1",1.20268771280184,-0.459968727485013,1.66265644028685,1.76264974410327e-193,1.08672455297607e-192,"MEF2C"
"MA1650.1",0.976111636476273,-0.365636105688185,1.34174774216446,1.84314186512435e-193,1.12703592736292e-192,"ZBTB14"
"MA1648.1",-0.956491477863423,0.379790996352591,-1.33628247421601,8.96058452791027e-193,5.43463094131794e-192,"TCF12(VAR.2)"
"MA0636.1",0.867155648962923,-0.357960690148551,1.22511633911147,1.27080021343971e-192,7.64529805827438e-192,"BHLHE41"
"MA1587.1",0.66049454755752,-0.278307249623198,0.938801797180717,9.04417356385095e-192,5.39756278290625e-191,"ZNF135"
"MA0078.1",-0.978405047960179,0.374110608149062,-1.35251565610924,1.73414238404677e-191,1.02672239563404e-190,"SOX17"
"MA0050.2",1.22530614727298,-0.441741253647368,1.66704740092035,1.54292729335929e-190,9.06317921926006e-190,"IRF1"
"MA1475.1",0.948250321699344,-0.437156627144508,1.38540694884385,3.13397181492959e-189,1.82651794838865e-188,"CREB3L4(VAR.2)"
"MA0825.1",0.782989626048359,-0.353027175819084,1.13601680186744,1.11963813623253e-187,6.47480658627494e-187,"MNT"
"MA0471.2",0.793940078416039,-0.308044179120484,1.10198425753652,7.18115108325298e-187,4.12087592931286e-186,"E2F6"
"MA1419.1",0.989736087723933,-0.373526591107094,1.36326267883103,3.23603938999605e-186,1.84281327094432e-185,"IRF4"
"MA0692.1",0.890398462263528,-0.390097355503022,1.28049581776655,1.13673295018218e-183,6.42426349118109e-183,"TFEB"
"MA0772.1",1.22131036200238,-0.43241970958124,1.65373007158362,9.82116211492275e-183,5.50871198325742e-182,"IRF7"
"MA0846.1",0.966434655102336,-0.388118294418982,1.35455294952132,1.11553367483195e-182,6.21035911510919e-182,"FOXC2"
"MA0464.2",0.810470531051304,-0.342044185836713,1.15251471688802,5.47857124069201e-182,3.02741788559721e-181,"BHLHE40"
"MA0719.1",-0.72332705248305,0.324965979053264,-1.04829303153631,2.40441540901925e-181,1.31889256994733e-180,"RHOXF1"
"MA0527.1",0.947403976279718,-0.32565181579131,1.27305579207103,1.69528314955206e-180,9.23124985084553e-180,"ZBTB33"
"MA1485.1",-0.862662950542741,0.375741821868812,-1.23840477241155,2.61892158272082e-179,1.41573587007952e-178,"FERD3L"
"MA0522.3",-0.894123430148618,0.355791707981213,-1.24991513812983,5.33564318333424e-177,2.86358979479665e-176,"TCF3"
"MA0864.2",0.785103265192954,-0.308846833866168,1.09395009905912,8.37531890927642e-177,4.46284850451444e-176,"E2F2"
"MA0161.2",-1.72004766869223,0.774045339721918,-2.49409300841415,8.5561715420712e-176,4.52688224850008e-175,"NFIC"
"MA0875.1",-0.9952282588169,0.475663264998543,-1.47089152381544,1.02263322534775e-175,5.3724252542917e-175,"BARX1"
"MA0667.1",-0.85391146664804,0.346583363882905,-1.20049483053095,1.06273339834995e-175,5.544049756427e-175,"MYF6"
"MA0679.2",0.730189500745506,-0.31147182554589,1.0416613262914,7.44050530697525e-175,3.85459511041913e-174,"ONECUT1"
"MA0103.3",-0.802066113913408,0.323570312474216,-1.12563642638762,1.16575600234206e-174,5.99761363963571e-174,"ZEB1"
"MA0032.2",0.778687656908389,-0.335288980186424,1.11397663709481,6.45288792869915e-174,3.29716054439011e-173,"FOXC1"
"MA0757.1",0.756702940483942,-0.298232222276875,1.05493516276082,1.46310977886514e-172,7.42503329954693e-172,"ONECUT3"
"MA1615.1",-0.811482283613499,0.332370935780607,-1.14385321939411,1.79102149371342e-171,9.02771644804199e-171,"PLAGL1"
"MA0619.1",0.965792024006283,-0.367623027310765,1.33341505131705,3.41421520129577e-171,1.70939902024607e-170,"LIN54"
"MA1122.1",0.869469460457381,-0.353011309634817,1.2224807700922,1.12148478895814e-170,5.5775176837518e-170,"TFDP1"
"MA1643.1",-1.92187115714783,0.721429937847547,-2.64330109499538,3.6968213320885e-170,1.82637663161459e-169,"NFIB"
"MA0517.1",1.14108263155123,-0.415977829014933,1.55706046056616,1.12433018149759e-169,5.51809418024474e-169,"STAT1::STAT2"
"MA0059.1",0.797195547001357,-0.363430848888682,1.16062639589004,2.26295648659205e-169,1.10337616927952e-168,"MAX::MYC"
"MA0136.2",0.972343147058944,-0.323276942360022,1.29562008941897,8.83885759295045e-169,4.28168036645522e-168,"ELF5"
"MA0750.2",1.0128490400204,-0.344676362819677,1.35752540284008,5.27314790477196e-166,2.53791505610315e-165,"ZBTB7A"
"MA1608.1",-0.751650755652515,0.31265826166966,-1.06430901732217,6.94374085848914e-166,3.32053248745698e-165,"ISL1"
"MA0862.1",0.697259035006912,-0.263687826063406,0.960946861070318,1.71409521358556e-165,8.14468171550844e-165,"GMEB2"
"MA0098.3",1.10175004389656,-0.365840307091284,1.46759035098785,4.45121257264786e-165,2.10164846784513e-164,"ETS1"
"MA0762.1",1.00952347378424,-0.34712678056183,1.35665025434608,1.44402534799722e-161,6.775112639031e-161,"ETV2"
"MA0140.2",-0.702998464777342,0.256035171188596,-0.959033635965939,3.54061590051869e-161,1.65081216361684e-160,"GATA1::TAL1"
"MA0056.2",-0.737864386491972,0.263299355595071,-1.00116374208704,1.35628406258471e-160,6.28439696079623e-160,"MZF1"
"MA0688.1",-0.699936872829661,0.284906062984199,-0.984842935813859,4.5926469639436e-160,2.11488557722341e-159,"TBX2"
"MA1544.1",0.656062948983984,-0.303856923060138,0.959919872044122,5.67681679213211e-160,2.59810142756476e-159,"OVOL1"
"MA0670.1",-1.35399879583461,0.571541430669578,-1.92554022650418,5.12704083170145e-159,2.33217832954225e-158,"NFIA"
"MA1631.1",-0.81395249874895,0.329747269733452,-1.1436997684824,7.38393293811702e-159,3.33843271020321e-158,"ASCL1(VAR.2)"
"MA0143.4",-1.04884330803811,0.461237218306993,-1.5100805263451,3.68314452268132e-158,1.65519627344594e-157,"SOX2"
"MA1562.1",-0.909008492483447,0.395323067341618,-1.30433155982506,5.86565017047339e-157,2.62022456716955e-156,"SOX14"
"MA1529.1",-0.791457769191394,0.319942515891072,-1.11140028508247,3.13097568880167e-155,1.39030229990836e-154,"NHLH2"
"MA1623.1",0.997556854917786,-0.337578894081595,1.33513574899938,3.93866832733371e-155,1.73860743916624e-154,"STAT2"
"MA1466.1",0.680049507380248,-0.283089594083064,0.963139101463312,5.02886486574147e-153,2.20678422931949e-152,"ATF6"
"MA0104.4",0.73808821112167,-0.309898570748014,1.04798678186968,5.52739423850079e-153,2.41136614147462e-152,"MYCN"
"MA0765.2",0.995632698201796,-0.325332298594602,1.3209649967964,3.18257294049184e-152,1.38034849628309e-151,"ETV5"
"MA0048.2",-0.851256268518509,0.37326911121973,-1.22452537973824,6.3126270635789e-152,2.72209236383229e-151,"NHLH1"
"MA0860.1",-0.6406125724477,0.263162108028444,-0.903774680476143,1.57573637871911e-151,6.75574332485319e-151,"RARG(VAR.2)"
"MA1474.1",0.714768601715633,-0.295354881299563,1.0101234830152,2.01296797193318e-149,8.58099489749802e-149,"CREB3L4"
"MA1120.1",-1.04774824616549,0.44561939457885,-1.49336764074434,2.14735080225068e-149,9.10183919590345e-149,"SOX13"
"MA1110.1",-0.698937177699664,0.271153980557088,-0.970091158256751,2.27641146921548e-149,9.59436698324717e-149,"NR1H4"
"MA0901.2",0.75507096217057,-0.271383978825574,1.02645494099614,2.72554293042183e-149,1.14227810454757e-148,"HOXB13"
"MA1545.1",0.609278541352374,-0.267942004180777,0.87722054553315,1.08492542574279e-148,4.52153277991127e-148,"OVOL2"
"MA0502.2",0.721366875911016,-0.262760612074065,0.984127487985081,3.44165359381923e-148,1.42637421166064e-147,"NFYB"
"MA1645.1",0.723015913009499,-0.319241271376873,1.04225718438637,5.2536297610104e-148,2.16530817774241e-147,"NKX2-2"
"MA0077.1",-1.01233643941516,0.43449315040764,-1.4468295898228,1.77403172012308e-146,7.2715805670979e-146,"SOX9"
"MA1527.1",-1.67172392726006,0.625277428917622,-2.29700135617768,2.1683653159411e-144,8.8393471349293e-144,"NFIC(VAR.2)"
"MA0622.1",0.673117392075376,-0.320938536018649,0.994055928094024,9.79152458530767e-144,3.96982464165191e-143,"MLXIP"
"MA1573.1",0.621848933021425,-0.260118595598067,0.881967528619491,6.49628584785639e-143,2.61958337432479e-142,"THAP11"
"MA1604.1",-0.827869810251554,0.294644473178792,-1.12251428343035,5.63025101468094e-142,2.2581544392215e-141,"EBF2"
"MA0499.2",-0.773836666465864,0.296594943529533,-1.0704316099954,1.76676232958552e-141,7.04815346454972e-141,"MYOD1"
"MA0603.1",0.722451372896792,-0.300872897497624,1.02332427039442,4.7341648188644e-141,1.87855689088981e-140,"ARNTL"
"MA1117.1",-0.758080222349968,0.287040287163071,-1.04512050951304,9.33332142358074e-141,3.68394591639748e-140,"RELB"
"MA0871.2",0.725328872683503,-0.29658762724499,1.02191649992849,3.30816369093152e-140,1.2988895333868e-139,"TFEC"
"MA1520.1",-0.851107593744393,0.325168133086782,-1.17627572683117,7.78149948239563e-139,3.03926628998279e-138,"MAF"
"MA1518.1",-0.805810099267535,0.38193121960041,-1.18774131886795,8.83825764695092e-139,3.43403135657572e-138,"LHX1"
"MA1596.1",0.581608527649363,-0.218771017174597,0.800379544823961,1.84842521600321e-138,7.14469021315232e-138,"ZNF460"
"MA0131.2",0.756589676105398,-0.283144294227699,1.0397339703331,2.47424671645597e-138,9.51437139420697e-138,"HINFP"
"MA0791.1",0.707039604353262,-0.278255254678406,0.985294859031668,5.09414114048675e-137,1.94883553374519e-136,"POU4F3"
"MA1528.1",-1.65806554481401,0.630672714268663,-2.28873825908268,1.003979080437e-136,3.82126731635714e-136,"NFIX(VAR.2)"
"MA1418.1",0.872736136046305,-0.321841423483023,1.19457755952933,3.41915801322011e-136,1.29476745069147e-135,"IRF3"
"MA0687.1",0.690629579745317,-0.271019621785739,0.961649201531055,4.72829757205874e-136,1.78146969129082e-135,"SPIC"
"MA1601.1",-0.704689856807787,0.292488578859675,-0.997178435667462,1.30027227608979e-135,4.87438752745218e-135,"ZNF75D"
"MA0092.1",-0.727815842176794,0.269746667627774,-0.997562509804568,3.34248425071331e-135,1.24674662551607e-134,"HAND1::TCF3"
"MA1532.1",-0.64865546888924,0.232136931422124,-0.880792400311364,4.81393489384959e-133,1.7866643934387e-132,"NR1D2"
"MA0108.2",0.610112480036799,-0.233729953752021,0.84384243378882,5.34672744704848e-133,1.97458350272186e-132,"TBP"
"MA1500.1",-0.802404640432431,0.360885266744967,-1.1632899071774,7.87010455551323e-132,2.89216650168122e-131,"HOXB6"
"MA0847.2",0.80440699175598,-0.322846875649282,1.12725386740526,1.16976629347837e-131,4.27767477909248e-131,"FOXD2"
"MA0003.4",-0.662361245630237,0.289299334023067,-0.951660579653304,2.01098906153979e-131,7.318038243457e-131,"TFAP2A"
"MA0828.1",0.674726731163378,-0.282239437923445,0.956966169086823,2.92385520909139e-130,1.05883300290397e-129,"SREBF2(VAR.2)"
"MA0649.1",0.599688320483751,-0.288594750763215,0.888283071246966,3.7894536129327e-128,1.3656678237912e-127,"HEY2"
"MA0119.1",-1.33907667813014,0.50177987953984,-1.84085655766998,1.71073742341411e-126,6.13562556666792e-126,"NFIC::TLX1"
"MA0868.2",-0.996827772587852,0.418819730038691,-1.41564750262654,1.24329612169111e-124,4.43779381235199e-124,"SOX8"
"MA0885.1",-0.803499812595817,0.376504060962072,-1.18000387355789,7.45204388536661e-124,2.64724987546833e-123,"DLX2"
"MA0877.2",0.561061914420116,-0.219338319071602,0.780400233491718,8.75165035932731e-124,3.0941853877053e-123,"BARHL1"
"MA0773.1",0.868544183203497,-0.350968279812143,1.21951246301564,1.38111006642007e-123,4.85994391296875e-123,"MEF2D"
"MA0800.1",-0.591762600965991,0.228091715087741,-0.819854316053732,1.42521835517944e-123,4.99160982612141e-123,"EOMES"
"MA0830.2",-0.710113785909249,0.267458759990243,-0.977572545899492,8.35903494369918e-123,2.91394395700915e-122,"TCF4"
"MA1637.1",-0.752288610809294,0.256858262865997,-1.00914687367529,1.10971719651213e-121,3.85046059813046e-121,"EBF3"
"MA0760.1",0.918708558286674,-0.28973581255472,1.20844437084139,6.16494191886602e-121,2.12918827383058e-120,"ERF"
"MA0870.1",-0.623517982819687,0.268431382636098,-0.891949365455785,8.75002136413702e-121,3.00807186066646e-120,"SOX1"
"MA1102.2",0.695652405867191,-0.253575161282188,0.949227567149379,1.62601247871207e-120,5.56424453724405e-120,"CTCFL"
"MA0744.2",-0.58012529308388,0.234429829672637,-0.814555122756517,2.02584388109769e-120,6.90081979588527e-120,"SCRT2"
"MA1143.1",0.687138609773783,-0.352570169589491,1.03970877936327,1.20799152223633e-118,4.0961894344923e-118,"FOSL1::JUND(VAR.2)"
"MA1129.1",0.820135253781122,-0.446284026745157,1.26641928052628,3.18812519151519e-118,1.07617257595943e-117,"FOSL1::JUN(VAR.2)"
"MA0639.1",0.770099290261413,-0.275611916411083,1.0457112066725,2.46304294798779e-117,8.2767118882833e-117,"DBP"
"MA0790.1",0.70837140388677,-0.251074534315103,0.959445938201873,1.05643190142554e-116,3.53407263884956e-116,"POU4F1"
"MA0139.1",1.2895492880768,-0.40492210159232,1.69447138966912,7.7320356230614e-116,2.57504400660884e-115,"CTCF"
"MA0820.1",-0.596106900522456,0.258172657168154,-0.854279557690609,1.43290384463157e-115,4.75087230264512e-115,"FIGLA"
"MA0632.2",0.686939308434765,-0.239579650265601,0.926518958700366,3.00811451905904e-115,9.92943996114177e-115,"TCFL5"
"MA1592.1",-0.592523910696941,0.233523743660623,-0.826047654357564,5.41537186534625e-114,1.77967727380982e-113,"ZNF274"
"MA1505.1",-0.705460193203242,0.332084890924173,-1.03754508412741,6.3247374194438e-114,2.06940969951977e-113,"HOXC8"
"MA0676.1",0.593869856135164,-0.242027742848937,0.835897598984101,1.07847969270385e-113,3.51330065832782e-113,"NR2E1"
"MA0051.1",0.893045429982427,-0.288516428475851,1.18156185845828,1.34923304326011e-113,4.37620804466105e-113,"IRF2"
"MA1548.1",-0.566535645409688,0.228404446926252,-0.79494009233594,4.3159249488175e-111,1.39380087091682e-110,"PLAGL2"
"MA0007.3",-0.526206786477315,0.203440484851907,-0.729647271329221,5.79454806611706e-110,1.86324692126006e-109,"AR"
"MA0802.1",-0.560832728377795,0.224458497813707,-0.785291226191503,3.17452326140777e-108,1.01639242618463e-107,"TBR1"
"MA0500.2",-0.709014015115617,0.311756111594662,-1.02077012671028,5.65030041431069e-108,1.80133508934862e-107,"MYOG"
"MA0865.1",0.650682498980648,-0.231674936465202,0.88235743544585,1.62338160286665e-106,5.15337308824903e-106,"E2F8"
"MA0912.2",-0.670752659742609,0.283740598047152,-0.954493257789761,2.38708865150839e-106,7.54562768654772e-106,"HOXD3"
"MA0608.1",0.542147190809292,-0.238018425229872,0.780165616039165,3.85725558255591e-105,1.21414036480452e-104,"CREB3L2"
"MA0819.1",0.499818419760687,-0.256108223559129,0.755926643319816,3.71781788969903e-104,1.16533283433424e-103,"CLOCK"
"MA0794.1",0.512535937451094,-0.178065194583472,0.690601132034567,2.98318975906239e-103,9.31154627724078e-103,"PROX1"
"MA0645.1",0.758925957627773,-0.242101254504199,1.00102721213197,4.52750993666308e-103,1.40730100531277e-102,"ETV6"
"MA0661.1",-0.765488192988342,0.344057666011904,-1.10954585900025,9.6446966178045e-102,2.98545380783492e-101,"MEOX1"
"MA1554.1",-0.545240729455032,0.252553135942079,-0.797793865397111,1.22085273315934e-101,3.76345511957384e-101,"RFX7"
"MA0863.1",0.525556136548481,-0.195513175317162,0.721069311865643,1.7747344645391e-101,5.44836177179492e-101,"MTF1"
"MA0675.1",-0.723635361815687,0.325647229934877,-1.04928259175056,7.26922309373222e-101,2.21340425629561e-100,"NKX6-2"
"MA1519.1",-0.723635361815687,0.325647229934877,-1.04928259175056,7.26922309373222e-101,2.21340425629561e-100,"LHX5"
"MA0014.3",0.471636226519434,-0.20437521325576,0.676011439775194,7.09320391652846e-99,2.15102850476839e-98,"PAX5"
"MA0839.1",0.534050518444489,-0.210554384020024,0.744604902464513,1.02882430879158e-97,3.10729932938672e-97,"CREB3L1"
"MA0067.1",0.469587223897638,-0.242922971270706,0.712510195168344,2.22660470783989e-96,6.69777061309902e-96,"PAX2"
"MA1652.1",0.520818495085257,-0.240421879272204,0.761240374357461,9.38611535958983e-96,2.81206508363615e-95,"ZKSCAN5"
"MA1646.1",-0.579688724524139,0.245331535018838,-0.825020259542977,2.36196650188889e-94,7.04810804163646e-94,"OSR2"
"MA0483.1",-0.550486614151692,0.252255433900931,-0.802742048052623,8.73328250233704e-93,2.59562898276631e-92,"GFI1B"
"MA0843.1",0.681154707736066,-0.233370513513078,0.914525221249144,1.55644313071946e-91,4.60756577585999e-91,"TEF"
"MA1481.1",-0.780634913641967,0.354846713173568,-1.13548162681553,6.32926295559157e-91,1.86625698216257e-90,"DRGX"
"MA1553.1",-0.518124902652558,0.174800543881166,-0.692925446533724,2.3658479905294e-90,6.94851417690919e-90,"RARG(VAR.3)"
"MA0795.1",-0.503592638142892,0.186797381927914,-0.690390020070805,3.5735591853184e-90,1.0454412361755e-89,"SMAD3"
"MA0756.1",0.492762073194047,-0.194968461595997,0.687730534790043,4.65457660787268e-90,1.3563727146379e-89,"ONECUT2"
"MA0890.1",-0.710996329737299,0.342819939692433,-1.05381626942973,6.42019401197569e-89,1.86360495444897e-88,"GBX2"
"MA0524.2",-0.529697142058267,0.236858892092996,-0.766556034151262,1.24539612233788e-88,3.6010290979227e-88,"TFAP2C"
"MA1531.1",-0.526062207008028,0.173940095619874,-0.700002302627903,5.76677753943872e-88,1.66101005576111e-87,"NR1D1"
"MA0470.2",0.516321237879078,-0.217598758481658,0.733919996360736,2.26486236267218e-87,6.49841277905171e-87,"E2F4"
"MA0671.1",-0.892972827453258,0.403817445721857,-1.29679027317511,2.4134602441414e-86,6.89824269015127e-86,"NFIX"
"MA1503.1",0.423830449695409,-0.198464150643434,0.622294600338843,2.24682854167214e-85,6.39745836674588e-85,"HOXB9"
"MA1470.1",0.471343280595844,-0.264218806987307,0.735562087583151,7.49428126298727e-85,2.12575430501464e-84,"BACH2(VAR.2)"
"MA0601.1",0.573141572816324,-0.222153931935401,0.795295504751725,1.25952035034785e-84,3.55909917181627e-84,"ARID3B"
"MA1105.2",0.544489376650582,-0.175578475064816,0.720067851715398,2.52709816659964e-84,7.11401974446541e-84,"GRHL2"
"MA1555.1",-0.484511413754487,0.154358189931343,-0.63886960368583,1.04187942704492e-83,2.92196260366734e-83,"RXRB(VAR.2)"
"MA1654.1",-0.561788826277546,0.223721713238913,-0.785510539516459,2.04143836082773e-83,5.7037940718258e-83,"ZNF16"
"MA1106.1",0.407276855060214,-0.197753753700608,0.605030608760822,6.2990252984717e-83,1.75338540024623e-82,"HIF1A"
"MA0100.3",-0.4940187737659,0.174910342973463,-0.668929116739363,8.49961852643499e-83,2.35714327907825e-82,"MYB"
"MA0075.3",-0.645184207185463,0.286373437993592,-0.931557645179055,3.01092300488116e-82,8.31906874681978e-82,"PRRX2"
"MA1421.1",-0.515686017324724,0.225550200359859,-0.741236217684583,5.06447663397439e-81,1.39413268226749e-80,"TCF7L1"
"MA0823.1",0.464197629943441,-0.227285062297267,0.691482692240708,3.32128833860102e-80,9.10912169336896e-80,"HEY1"
"MA1140.2",0.596632222598109,-0.345690649380649,0.942322871978758,5.34086025976021e-80,1.45944386585389e-79,"JUNB(VAR.2)"
"MA1151.1",-0.461744237440785,0.170734157984853,-0.632478395425638,9.1865128394579e-80,2.50114546650934e-79,"RORC"
"MA1569.1",-0.470030616907424,0.227769980945233,-0.697800597852657,3.27207619880605e-79,8.87625034294295e-79,"TFAP2E"
"MA0840.1",0.639142936097158,-0.356658330026788,0.995801266123946,3.35822615223311e-79,9.07694459987646e-79,"CREB5"
"MA0132.2",-0.6413326088539,0.30106127193145,-0.94239388078535,7.56588112345413e-79,2.03026881945927e-78,"PDX1"
"MA0893.2",-0.6413326088539,0.30106127193145,-0.94239388078535,7.56588112345413e-79,2.03026881945927e-78,"GSX2"
"MA0705.1",-0.670564354502514,0.306117104391191,-0.976681458893704,1.45236642330359e-78,3.88338835765047e-78,"LHX8"
"MA0465.2",0.516659047070133,-0.183508886095277,0.70016793316541,6.63514787200901e-78,1.76779296875668e-77,"CDX2"
"MA0463.2",0.446245934673102,-0.187554612803839,0.63380054747694,2.00538308719432e-76,5.32389958379702e-76,"BCL6"
"MA0699.1",-0.62826241949576,0.298545197467961,-0.926807616963721,6.87602719152438e-76,1.81897740598482e-75,"LBX2"
"MA0065.2",-0.560800769951265,0.183712035939802,-0.744512805891067,7.88226050772359e-76,2.07779729284869e-75,"PPARG::RXRA"
"MA0755.1",0.374466476771205,-0.202347876777105,0.57681435354831,1.71639652508603e-75,4.50856270321895e-75,"CUX2"
"MA0057.1",0.47824763472169,-0.190783634602326,0.669031269324016,1.78662573096337e-75,4.6765712115743e-75,"MZF1(VAR.2)"
"MA0485.2",0.384763131119535,-0.193603944475582,0.578367075595117,2.24578306969802e-75,5.85788171326826e-75,"HOXC9"
"MA0873.1",0.390786744129679,-0.180824233902867,0.571610978032546,3.75292970791923e-75,9.75500195856357e-75,"HOXD12"
"MA0068.2",-0.606203007185575,0.275097454811741,-0.881300461997316,5.97891266442183e-75,1.5487044609926e-74,"PAX4"
"MA0694.1",0.429000547787397,-0.167943912490444,0.596944460277841,6.84592957863527e-75,1.76714998811831e-74,"ZBTB7B"
"MA1560.1",0.441207751768274,-0.224340377901981,0.665548129670255,4.71714393183616e-74,1.21344461143096e-73,"SOHLH2"
"MA0739.1",-0.56324101761891,0.217179274654569,-0.78042029227348,7.93856270196995e-74,2.03510920126102e-73,"HIC1"
"MA1558.1",-0.557823862521043,0.210960440355858,-0.768784302876902,6.82433995970354e-73,1.7434786335407e-72,"SNAI1"
"MA0625.1",0.654720388554345,-0.247039220557843,0.901759609112188,1.57737929803416e-71,4.016126130831e-71,"NFATC3"
"MA0647.1",0.480673080593011,-0.151987381138485,0.632660461731496,2.13216665714651e-71,5.41019158582074e-71,"GRHL1"
"MA0642.1",-0.569826930054626,0.283978696131411,-0.853805626186037,2.55471941908392e-71,6.46040910724272e-71,"EN2"
"MA0722.1",-0.545746470762205,0.257152574645003,-0.802899045407208,1.54710781410394e-70,3.88600144552706e-70,"VAX1"
"MA0723.1",-0.545746470762205,0.257152574645003,-0.802899045407208,1.54710781410394e-70,3.88600144552706e-70,"VAX2"
"MA0808.1",-1.33947041818982,0.5186034091793,-1.85807382736912,4.01618038914922e-70,1.00539280882729e-69,"TEAD3"
"MA1567.1",-0.463591518434394,0.17554314302029,-0.639134661454684,4.54803586083532e-70,1.13472734186727e-69,"TBX6"
"MA1589.1",-0.4332090101766,0.189410550462711,-0.622619560639311,4.68164693387354e-70,1.16416953755655e-69,"ZNF140"
"MA1487.1",0.555551327378708,-0.213794511868605,0.769345839247314,5.51768860683696e-70,1.36750687730909e-69,"FOXE1"
"MA0654.1",-0.615774260451806,0.285976834153989,-0.901751094605796,3.14887013996428e-69,7.70182663742084e-69,"ISX"
"MA0717.1",-0.615774260451806,0.285976834153989,-0.901751094605796,3.14887013996428e-69,7.70182663742084e-69,"RAX2"
"MA0720.1",-0.615774260451806,0.285976834153989,-0.901751094605796,3.14887013996428e-69,7.70182663742084e-69,"SHOX2"
"MA0701.2",-0.615774260451806,0.285976834153989,-0.901751094605796,3.14887013996428e-69,7.70182663742084e-69,"LHX9"
"MA0102.4",-0.651844626064095,0.29837872669615,-0.950223352760245,3.36564991902755e-69,8.20514653462272e-69,"CEBPA"
"MA1566.1",-0.457961589899043,0.166935577004435,-0.624897166903479,4.32202273464586e-69,1.05023744626899e-68,"TBX3"
"MA1149.1",-0.465168887584815,0.167396089843207,-0.632564977428022,4.36486892167684e-69,1.05720526479575e-68,"RARA::RXRG"
"MA0624.1",0.644009980467951,-0.239852708171705,0.883862688639656,7.52472798091862e-69,1.81664953843537e-68,"NFATC1"
"MA0900.2",-0.574431634019567,0.277586837461975,-0.852018471481542,3.86230631067461e-68,9.26456754907801e-68,"HOXA2"
"MA0902.2",-0.574431634019567,0.277586837461975,-0.852018471481542,3.86230631067461e-68,9.26456754907801e-68,"HOXB2"
"MA0812.1",-0.422485711327025,0.216716843970573,-0.639202555297598,5.04087164608798e-68,1.20528533589155e-67,"TFAP2B(VAR.2)"
"MA0081.2",0.461145331034811,-0.226107398489215,0.687252729524025,1.10949560850904e-67,2.64435694551995e-67,"SPIB"
"MA0515.1",-0.770440430437631,0.346261429165934,-1.11670185960357,4.87465762497096e-67,1.15811929561412e-66,"SOX6"
"MA1594.1",-0.407687960379573,0.165941570972243,-0.573629531351816,4.98133323504189e-67,1.17970622010833e-66,"ZNF382"
"MA1521.1",-0.622776111935766,0.229410289454034,-0.8521864013898,7.51564164039954e-67,1.77426223536014e-66,"MAFA"
"MA0017.2",-0.541791584767682,0.146164625454546,-0.687956210222228,8.38728191402241e-67,1.9737893715649e-66,"NR2F1"
"MA0834.1",0.58728917509883,-0.350286453276318,0.937575628375148,1.00555707324401e-66,2.35894835421394e-66,"ATF7"
"MA0874.1",-0.529076650116216,0.248793886949499,-0.777870537065715,1.56509262092901e-66,3.660059859602e-66,"ARX"
"MA0758.1",0.478235303052902,-0.188271996513936,0.666507299566838,2.43977325250873e-66,5.68772139491097e-66,"E2F7"
"MA1523.1",0.367833917090826,-0.184667776994103,0.552501694084929,3.10693671054439e-66,7.22048219958291e-66,"MSANTD3"
"MA0749.1",0.389126944243767,-0.137103180675309,0.526230124919076,3.70662431491701e-66,8.58739670474562e-66,"ZBED1"
"MA0152.1",0.613654426864673,-0.235953622742425,0.849608049607098,4.9954540608465e-66,1.15374883262894e-65,"NFATC2"
"MA1495.1",-0.498604631949565,0.241635678439837,-0.740240310389402,6.96396778092066e-66,1.59849845063594e-65,"HOXA1"
"MA0904.2",-0.498604631949565,0.241635678439837,-0.740240310389402,6.96396778092066e-66,1.59849845063594e-65,"HOXB5"
"MA0718.1",-0.579992189797299,0.291727812252776,-0.871720002050075,8.39136194100141e-66,1.91857459885134e-65,"RAX"
"MA1568.1",0.410998155886378,-0.197713427780745,0.608711583667124,8.40983771882557e-66,1.91857459885134e-65,"TCF21(VAR.2)"
"MA0886.1",-0.555265080196846,0.252728066909815,-0.80799314710666,1.18920415499823e-65,2.70471432813622e-65,"EMX2"
"MA0643.1",-0.479678357470231,0.169030370490659,-0.64870872796089,2.36333009372014e-65,5.35879711220433e-65,"ESRRG"
"MA1536.1",-0.566852372807329,0.145736685269057,-0.712589058076385,3.19661106143024e-65,7.22627833886957e-65,"NR2C2(VAR.2)"
"MA0716.1",-0.537550100782125,0.254099211650451,-0.791649312432576,7.15868268214944e-65,1.61340703349954e-64,"PRRX1"
"MA0690.1",-0.436117674710459,0.163632335702551,-0.59975001041301,2.18474586867103e-64,4.90909764466443e-64,"TBX21"
"MA0095.2",0.528248813396697,-0.155054235323853,0.68330304872055,8.36832644507325e-64,1.87470616457197e-63,"YY1"
"MA0658.1",-0.541009471798154,0.251418555453043,-0.792428027251197,2.8384784230423e-63,6.33983504068728e-63,"LHX6"
"MA0884.1",-0.456128886305401,0.164401838466831,-0.620530724772232,5.2364441137876e-63,1.16608576384643e-62,"DUXA"
"MA0597.1",-0.460508295859583,0.226974419316837,-0.68748271517642,2.06212366863511e-62,4.57840552619581e-62,"THAP1"
"MA1139.1",0.577005654671522,-0.358850028100296,0.935855682771819,2.245245836658e-62,4.97018811319545e-62,"FOSL2::JUNB(VAR.2)"
"MA0035.4",-0.392371651098865,0.164781362030268,-0.557153013129133,3.04775068975108e-62,6.72669235075238e-62,"GATA1"
"MA0616.2",0.393101632614665,-0.185679927764003,0.578781560378668,5.45674216556023e-62,1.20080520811443e-61,"HES2"
"MA1577.1",-0.550947793439515,0.25766159966202,-0.808609393101535,9.5600825794216e-62,2.09759458948486e-61,"TLX2"
"MA0894.1",-0.572638685865407,0.290437557270231,-0.863076243135639,9.66753268450508e-62,2.11494996558381e-61,"HESX1"
"MA0513.1",-0.539835793932281,0.183523800910619,-0.723359594842899,1.15629508290846e-61,2.52221091184127e-61,"SMAD2::SMAD3::SMAD4"
"MA0806.1",-0.431984290430503,0.165590608142795,-0.597574898573298,2.71095003396893e-61,5.87897885273495e-61,"TBX4"
"MA0807.1",-0.431984290430503,0.165590608142795,-0.597574898573298,2.71095003396893e-61,5.87897885273495e-61,"TBX5"
"MA0730.1",-0.454743671529901,0.156345110293582,-0.611088781823483,3.92937522281761e-61,8.49656207600563e-61,"RARA(VAR.2)"
"MA0503.1",0.452691918161959,-0.212858462296114,0.665550380458073,3.96805657570907e-61,8.55540521814731e-61,"NKX2-5(VAR.2)"
"MA1540.1",-0.428138945875244,0.152057394805945,-0.580196340681189,5.62226309765232e-61,1.20870555355868e-60,"NR5A1"
"MA1111.1",-0.508876099421951,0.150233382780141,-0.659109482202092,7.85188362656159e-61,1.68319114523418e-60,"NR2F2"
"MA1136.1",0.560630698017484,-0.362057487342775,0.922688185360259,9.31377140088106e-60,1.99085199571842e-59,"FOSB::JUNB(VAR.2)"
"MA0482.2",-0.44965936173982,0.155729878419353,-0.605389240159173,1.25985870462858e-59,2.68529883900835e-59,"GATA4"
"MA0709.1",-0.513232486238868,0.277117117033802,-0.79034960327267,3.0668234800977e-59,6.51809206881164e-59,"MSX3"
"MA1522.1",0.365020624242553,-0.16378755215459,0.528808176397143,4.87183182918348e-59,1.03249617743491e-58,"MAZ"
"MA1535.1",-0.472794395248224,0.139829484812918,-0.612623880061143,1.1033589517949e-58,2.33174441370819e-58,"NR2C1"
"MA0626.1",0.390335416249616,-0.212706293275526,0.603041709525141,1.44353495626246e-58,3.04202564229321e-58,"NPAS2"
"MA0876.1",-0.558852276710564,0.271552405845007,-0.830404682555571,4.88434663563974e-58,1.02640072963021e-57,"BSX"
"MA0766.2",-0.46030946854595,0.135724813452703,-0.596034281998654,1.72409851457707e-57,3.61285812324295e-57,"GATA5"
"MA0025.2",0.599754163468674,-0.191339794967869,0.791093958436543,2.83694425972851e-57,5.92818044189767e-57,"NFIL3"
"MA0889.1",-0.526752754078351,0.254147733530535,-0.780900487608886,4.24273905297842e-57,8.84101489810588e-57,"GBX1"
"MA0080.5",0.433380157092524,-0.190914113098866,0.62429427019139,6.18605838240799e-57,1.2854594855923e-56,"SPI1"
"MA0644.1",-0.548763980313428,0.281484102578455,-0.830248082891884,7.89710519475921e-57,1.63645568758066e-56,"ESX1"
"MA0892.1",-0.531749691396759,0.251626272233313,-0.783375963630072,1.85788065919537e-56,3.8392769300824e-56,"GSX1"
"MA0634.1",-0.544213807398761,0.256281811568548,-0.800495618967309,2.07189077168665e-56,4.2696975571222e-56,"ALX3"
"MA0043.3",0.627828180174319,-0.183241004128214,0.811069184302533,3.00695449266683e-56,6.17958140917205e-56,"HLF"
"MA0674.1",-0.542123762841108,0.259299647928705,-0.801423410769813,1.54187623174348e-55,3.15999909033141e-55,"NKX6-1"
"MA0811.1",-0.408459142453024,0.186372181271395,-0.594831323724419,1.84998035531028e-55,3.78105573989444e-55,"TFAP2B"
"MA0780.1",0.390106513988099,-0.146688262393253,0.536794776381352,2.04243710238679e-55,4.16300021415449e-55,"PAX3"
"MA0523.1",-0.440649395598282,0.17241787857824,-0.613067274176522,9.25103985132737e-55,1.88045660193194e-54,"TCF7L2"
"MA0620.3",0.385954254304899,-0.229464102637399,0.615418356942299,5.62659224934873e-54,1.14060810272124e-53,"MITF"
"MA1509.1",0.418039654598766,-0.126001989273193,0.544041643871959,6.87834111630496e-54,1.39058061592507e-53,"IRF6"
"MA1119.1",0.548361795071646,-0.17624069718774,0.724602492259386,7.5285601354948e-54,1.51792050299436e-53,"SIX2"
"MA0680.1",0.362561395567049,-0.139450786356629,0.502012181923678,1.24729319135639e-53,2.50803428774088e-53,"PAX7"
"MA0525.2",0.326222876123236,-0.168120827045765,0.494343703169001,2.03842069874758e-53,4.08780064856369e-53,"TP63"
"MA0710.1",-0.522773445509778,0.234095949568114,-0.756869395077892,2.60491080165203e-53,5.20982160330405e-53,"NOTO"
"MA0831.2",0.417924873425701,-0.217137646714845,0.635062520140547,3.58346660274525e-53,7.14777028248118e-53,"TFE3"
"MA0158.2",-0.423096481399907,0.186429120563194,-0.609525601963101,5.19020189468787e-53,1.03250416358324e-52,"HOXA5"
"MA1104.2",-0.436106891169514,0.146513637835569,-0.582620529005083,1.60146416601007e-52,3.1773730527753e-52,"GATA6"
"MA1620.1",-0.443260428169817,0.146347721261816,-0.589608149431633,1.8171614774361e-52,3.59576249911758e-52,"PTF1A(VAR.3)"
"MA0074.1",-0.357096162019478,0.121586834954426,-0.478682996973904,7.03407456299224e-51,1.38820624973339e-50,"RXRA::VDR"
"MA0091.1",-0.457598045961383,0.168374743949834,-0.625972789911218,2.44781948948067e-50,4.81813545950549e-50,"TAL1::TCF3"
"MA0510.2",-0.548823407384933,0.291696175183779,-0.840519582568711,2.8548119938078e-50,5.6044467036332e-50,"RFX5"
"MA1563.1",-0.437539912408021,0.194148003704366,-0.631687916112387,6.5219975681414e-50,1.27701054746286e-49,"SOX18"
"MA0631.1",-0.362366681843486,0.100971417338489,-0.463338099181975,6.93110536976645e-50,1.35356141514287e-49,"SIX3"
"MA0063.2",0.375190960949746,-0.166634552771789,0.541825513721535,2.44357757942623e-49,4.75955319648034e-49,"NKX2-5"
"MA1576.1",-0.382473107482239,0.138327025862489,-0.520800133344728,4.78901915143932e-49,9.3036674139941e-49,"THRB(VAR.3)"
"MA1133.1",0.469141782580128,-0.319130987254233,0.78827276983436,9.32897650721983e-49,1.80764064269766e-48,"JUN::JUNB(VAR.2)"
"MA0880.1",-0.427623849198272,0.237103869502928,-0.664727718701201,1.52646798391243e-48,2.94249383978984e-48,"DLX3"
"MA0881.1",-0.427623849198272,0.237103869502928,-0.664727718701201,1.52646798391243e-48,2.94249383978984e-48,"DLX4"
"MA0851.1",0.44991204500827,-0.164565861165714,0.614477906173984,2.41087961671027e-48,4.63535101563366e-48,"FOXJ3"
"MA0809.2",-1.06793082889961,0.391346964208448,-1.45927779310806,2.56137450018839e-48,4.91204467131245e-48,"TEAD4"
"MA1113.2",0.343018836121266,-0.139474937778249,0.482493773899515,3.51854923642241e-48,6.73035315479774e-48,"PBX2"
"MA0737.1",-0.374300863148226,0.151274943033459,-0.525575806181685,5.91296719148258e-48,1.12815179663581e-47,"GLIS3"
"MA0845.1",0.366396222767051,-0.139677150226152,0.506073372993203,6.78866051418431e-48,1.29192365907691e-47,"FOXB1"
"MA0836.2",-0.518642868397113,0.265034027457454,-0.783676895854568,9.83682459560488e-48,1.86724456700286e-47,"CEBPD"
"MA0494.1",-0.355394015581561,0.146678639203118,-0.502072654784679,4.63363950683251e-47,8.77333774643923e-47,"NR1H3::RXRA"
"MA0914.1",0.371822838762762,-0.143217896142241,0.515040734905003,5.52972172346524e-47,1.0443474444823e-46,"ISL2"
"MA1150.1",-0.413247576489595,0.114671651540718,-0.527919228030313,1.16091210031472e-46,2.1869707748353e-46,"RORB"
"MA0799.1",-0.499911777873635,0.281058551645965,-0.780970329519601,1.16762084436738e-46,2.19406838765256e-46,"RFX4"
"MA0600.2",-0.503054715306424,0.277501409214864,-0.780556124521288,1.43895055823607e-46,2.69712843327665e-46,"RFX2"
"MA1552.1",-0.367961662086717,0.107732775159949,-0.475694437246666,2.00230221269928e-46,3.74365275858061e-46,"RARB(VAR.3)"
"MA1583.1",0.340756137853175,-0.124313707154311,0.465069845007486,2.7472872621759e-46,5.12369074395805e-46,"ZFP57"
"MA0879.1",-0.485662304249931,0.23626690737188,-0.721929211621812,4.9164799885074e-46,9.14636925542773e-46,"DLX1"
"MA0635.1",-0.292374768461602,0.144381787096374,-0.436756555557976,5.105695340568e-46,9.47474806981026e-46,"BARHL2"
"MA0906.1",0.319775529650981,-0.136084372987127,0.455859902638108,7.93723062527517e-46,1.46927395693679e-45,"HOXC12"
"MA1121.1",-1.0010599771427,0.367862270974013,-1.36892224811671,1.12866442927453e-45,2.0841179807891e-45,"TEAD2"
"MA0024.3",0.346217973359576,-0.136247573403076,0.482465546762652,1.85662860327144e-45,3.41986404454442e-45,"E2F1"
"MA0866.1",-0.39486308643604,0.167698658047837,-0.562561744483878,3.85279202029458e-45,7.07926809640334e-45,"SOX21"
"MA1112.2",0.323305155448157,-0.166107945133808,0.489413100581964,4.00862296577099e-45,7.34750057116747e-45,"NR4A1"
"MA0858.1",-0.400332388048971,0.110463751610928,-0.510796139659898,8.29733190001178e-45,1.51711019544333e-44,"RARB(VAR.2)"
"MA0659.2",-0.390741788539633,0.161529061626747,-0.552270850166379,2.07359361769403e-44,3.78215364009717e-44,"MAFG"
"MA1109.1",-0.44505976111859,0.160318000249277,-0.605377761367867,2.4884266002932e-44,4.52772254589934e-44,"NEUROD1"
"MA0088.2",-0.339454816795539,0.136805057794525,-0.476259874590065,4.91366913203477e-44,8.91872791362028e-44,"ZNF143"
"MA0141.3",-0.372672728609639,0.136164043453979,-0.508836772063618,2.48268037442313e-43,4.49533873621276e-43,"ESRRB"
"MA1603.1",0.380859742262447,-0.107601106589011,0.488460848851458,3.52858138973848e-43,6.37366033110146e-43,"DMRT1"
"MA1155.1",0.297415912344239,-0.149251427895531,0.44666734023977,2.37834167404071e-42,4.2856108425951e-42,"ZSCAN4"
"MA0135.1",0.390266805371848,-0.138101315447525,0.528368120819372,3.24835915919557e-42,5.83921911508408e-42,"LHX3"
"MA1489.1",0.412444031668708,-0.126942438940719,0.539386470609428,3.29490618199346e-42,5.9086538744402e-42,"FOXN3"
"MA0798.2",-0.474310702994529,0.254675794740195,-0.728986497734724,4.65475669049046e-42,8.31818988172263e-42,"RFX3"
"MA0769.2",-0.364618500454966,0.127057514598496,-0.491676015053462,4.66086242702421e-42,8.31818988172263e-42,"TCF7"
"MA0754.1",0.256136034985939,-0.1559071083038,0.412043143289739,7.51777854265853e-42,1.33848754005328e-41,"CUX1"
"MA0660.1",0.485891963879382,-0.191525745272966,0.677417709152349,1.22967418583759e-41,2.184135577702e-41,"MEF2B"
"MA0683.1",0.437417472649688,-0.154178252242363,0.591595724892051,2.41441498891359e-41,4.27827454092528e-41,"POU4F2"
"MA1565.1",-0.341627906102267,0.120179912724553,-0.46180781882682,1.84610258173997e-40,3.26348939805217e-40,"TBX18"
"MA0651.1",0.273745579894639,-0.130028445856775,0.403774025751415,4.88571490870165e-40,8.61641447255658e-40,"HOXC11"
"MA1099.2",0.338311956546067,-0.126758131737686,0.465070088283754,1.70762341973849e-39,3.00445063944556e-39,"HES1"
"MA0612.2",-0.397976242934408,0.190379262098012,-0.588355505032419,2.27425097978929e-39,3.9919793668772e-39,"EMX1"
"MA1618.1",-0.456375602094323,0.150742188146104,-0.607117790240427,1.87002017309993e-38,3.27473016228297e-38,"PTF1A"
"MA0637.1",0.351913615740281,-0.0916229233957808,0.443536539136062,2.29771578010586e-38,4.01427628093437e-38,"CENPB"
"MA0887.1",-0.407863313945189,0.201835862194783,-0.609699176139972,2.31260357550138e-38,4.03084641898139e-38,"EVX1"
"MA0903.1",-0.453598144965856,0.201408697952893,-0.655006842918749,2.85858470253281e-38,4.9708722333088e-38,"HOXB3"
"MA0684.2",-0.390157928855093,0.169837568575389,-0.559995497430482,3.36064350138969e-38,5.83032570241094e-38,"RUNX3"
"MA0888.1",-0.407417182768084,0.194221052138062,-0.601638234906145,3.59997203339244e-38,6.23104208099944e-38,"EVX2"
"MA0753.2",0.280670222160303,-0.133981764796257,0.41465198695656,4.35970191184103e-38,7.52855931998473e-38,"ZNF740"
"MA1640.1",0.295443030606542,-0.119682461933399,0.415125492539941,1.62611588248261e-37,2.80157609314556e-37,"MEIS2(VAR.2)"
"MA1530.1",-0.366105084391402,0.155895980011458,-0.522001064402859,2.18285719146593e-37,3.75210014938614e-37,"NKX6-3"
"MA0027.2",-0.391530907811189,0.203855998312931,-0.59538690612412,9.54512306994271e-37,1.63693374946604e-36,"EN1"
"MA0711.1",-0.298046688975777,0.155521277991443,-0.45356796696722,4.42420655761591e-36,7.56985800913181e-36,"OTX1"
"MA0146.2",0.334150271068455,-0.0828164332512777,0.416966704319732,9.7501498208386e-36,1.66444205179533e-35,"ZFX"
"MA0606.1",0.438742819242575,-0.157993226582804,0.596736045825379,5.11707719438125e-35,8.71538718495071e-35,"NFAT5"
"MA1471.1",0.352046173426279,-0.102756225997727,0.454802399424006,9.87421436746912e-35,1.67794166700045e-34,"BARX2"
"MA0668.1",0.254267290861908,-0.112274324152293,0.366541615014202,1.50831945981836e-34,2.55728708414659e-34,"NEUROD2"
"MA0767.1",0.269702224917684,-0.100006808613512,0.369709033531197,2.00821833393631e-34,3.39712217033217e-34,"GCM2"
"MA1571.1",-0.318336663768059,0.0989598107829144,-0.417296474550973,4.85690696804564e-34,8.19740406823992e-34,"TGIF2LX"
"MA0630.1",-0.398388863842835,0.196458637702824,-0.594847501545659,4.95488383229872e-34,8.34389015551884e-34,"SHOX"
"MA0731.1",0.266879593910816,-0.112883702408552,0.379763296319367,5.73146547314091e-34,9.62989469135837e-34,"BCL6B"
"MA1154.1",0.274133294426651,-0.109132556925536,0.383265851352187,1.15146664471892e-33,1.93032385833779e-33,"ZNF282"
"MA0105.4",-0.445993715578766,0.110200349178614,-0.55619406475738,3.16309583153436e-33,5.29073876754402e-33,"NFKB1"
"MA0090.3",-0.803676925244287,0.266389083040209,-1.0700660082845,3.23046804524617e-33,5.39134040660771e-33,"TEAD1"
"MA0704.1",-0.377185314111792,0.180970925769051,-0.558156239880842,6.04053111581478e-33,1.00361608293938e-32,"LHX4"
"MA0721.1",-0.377185314111792,0.180970925769051,-0.558156239880842,6.04053111581478e-33,1.00361608293938e-32,"UNCX"
"MA1145.1",0.385796537567195,-0.309347455206701,0.695143992773896,6.36888730384061e-33,1.0558199841478e-32,"FOSL2::JUND(VAR.2)"
"MA0814.2",-0.281364860497261,0.142498590279629,-0.423863450776891,3.06862598171916e-32,5.07582036000553e-32,"TFAP2C(VAR.2)"
"MA1118.1",0.456343131072869,-0.105488085530902,0.561831216603771,5.47024826416124e-32,9.02833009969975e-32,"SIX1"
"MA0826.1",0.239301958867222,-0.122023841384622,0.361325800251844,9.30450583416952e-32,1.53226519918112e-31,"OLIG1"
"MA0882.1",-0.346298252240362,0.195331884176912,-0.541630136417274,1.80205431909645e-31,2.96108485032149e-31,"DLX6"
"MA0796.1",-0.320656450504689,0.111614882213848,-0.432271332718536,5.53015010645449e-31,9.06701533937374e-31,"TGIF1"
"MA0908.1",0.248081901949006,-0.118184312747147,0.366266214696153,8.25718560800367e-31,1.35084659288832e-30,"HOXD11"
"MA1146.1",-0.277308988085533,0.0973270749742047,-0.374636063059738,1.1387617788656e-30,1.85889778344362e-30,"NR1H4::RXRA"
"MA0071.1",-0.31227453508402,0.0996894523574992,-0.411963987441519,7.48847795486484e-30,1.21973898566139e-29,"RORA"
"MA1127.1",0.344886754256818,-0.277344899782015,0.622231654038833,8.62651130337474e-30,1.40204301357681e-29,"FOSB::JUN"
"MA0138.2",-0.318129025429288,0.124085986025115,-0.442215011454404,1.12153061182826e-29,1.81883007918235e-29,"REST"
"MA0764.2",-0.473840198894122,0.171065150859929,-0.644905349754051,1.53265375319822e-29,2.48017288478497e-29,"ETV4"
"MA0693.2",0.228577031505516,-0.126222402628136,0.354799434133652,5.12427155145113e-29,8.27425666100117e-29,"VDR"
"MA0611.1",0.286921301380479,-0.0835339611551718,0.370455262535651,7.02753764400415e-29,1.1322987219065e-28,"DUX"
"MA0259.1",0.217422685409611,-0.11255939204131,0.329982077450921,8.12973471599857e-29,1.30706510735667e-28,"ARNT::HIF1A"
"MA0511.2",-0.411732067856651,0.182790130456722,-0.594522198313373,1.17637776415377e-28,1.88726411195423e-28,"RUNX2"
"MA0046.2",0.271515397904038,-0.102483645497067,0.373999043401104,3.63476943462608e-28,5.81875106916535e-28,"HNF1A"
"MA0125.1",-0.3589583134668,0.202171767866885,-0.561130081333685,4.38230499653436e-28,7.00042725356452e-28,"NOBOX"
"MA0633.1",0.263068504874846,-0.155458741487737,0.418527246362584,5.0473116584393e-28,8.04550106238401e-28,"TWIST2"
"MA0615.1",0.266908113018064,-0.0839022909597843,0.350810403977849,7.56658324196618e-28,1.20355460522532e-27,"GMEB1"
"MA0695.1",0.282438852406145,-0.0884592881316603,0.370898140537806,8.14240705224178e-28,1.29239056616433e-27,"ZBTB7C"
"MA0855.1",0.20588415632847,-0.143153705194408,0.349037861522878,1.41512614816669e-27,2.24136752979268e-27,"RXRB"
"MA0801.1",-0.319555538167993,0.0944457124352006,-0.414001250603194,1.5310806719312e-27,2.41476993924033e-27,"MGA"
"MA0803.1",-0.319555538167993,0.0944457124352006,-0.414001250603194,1.5310806719312e-27,2.41476993924033e-27,"TBX15"
"MA1651.1",0.335677499225525,-0.0888807203874665,0.424558219612991,2.95132497322246e-27,4.6449122996286e-27,"ZFP42"
"MA1575.1",-0.230858099162586,0.0925398652105775,-0.323397964373163,1.29167570244621e-26,2.02861068215763e-26,"THRB(VAR.2)"
"MA0768.1",-0.282298601644288,0.126031293042681,-0.408329894686969,2.2072034379e-26,3.45918858124663e-26,"LEF1"
"MA0656.1",0.329502096155798,-0.255405731979585,0.584907828135383,4.31162822409621e-26,6.74313344900581e-26,"JDP2(VAR.2)"
"MA0623.2",0.210563938894462,-0.105564359605606,0.316128298500068,4.37603739439468e-26,6.82954790003855e-26,"NEUROG1"
"MA0628.1",-0.314033084558781,0.154821396708382,-0.468854481267163,4.92348944258305e-26,7.66789796277026e-26,"POU6F1"
"MA1550.1",0.216132297424625,-0.133110364706801,0.349242662131426,5.21681965885639e-26,8.10780721980598e-26,"PPARD"
"MA0466.2",-0.318058098278781,0.166870503772015,-0.484928602050796,9.25114805911981e-26,1.43479344118573e-25,"CEBPB"
"MA1498.1",-0.263480467176977,0.157868902108963,-0.421349369285941,2.46138937523038e-25,3.79379436760716e-25,"HOXA7"
"MA1502.1",-0.263480467176977,0.157868902108963,-0.421349369285941,2.46138937523038e-25,3.79379436760716e-25,"HOXB8"
"MA0910.2",-0.263480467176977,0.157868902108963,-0.421349369285941,2.46138937523038e-25,3.79379436760716e-25,"HOXD8"
"MA0817.1",0.201941471020077,-0.118085236037963,0.320026707058041,3.13454159238665e-25,4.82137737715554e-25,"BHLHE23"
"MA0111.1",0.232909721768517,-0.10096806726561,0.333877789034127,4.61047665081266e-25,7.07698679322272e-25,"SPZ1"
"MA1123.2",-0.425938586321071,0.137895800193095,-0.563834386514166,5.23792258619894e-25,8.02359394107682e-25,"TWIST1"
"MA1639.1",0.231059137388042,-0.115903494843975,0.346962632232017,7.99649839639503e-25,1.22241553354727e-24,"MEIS1(VAR.2)"
"MA1473.1",0.229340952814882,-0.0945156515780343,0.323856604392917,8.47064817171246e-25,1.29225021188088e-24,"CDX4"
"MA1126.1",0.310100175479773,-0.270339548020266,0.580439723500039,9.36953720279327e-25,1.42646423536404e-24,"FOS::JUN(VAR.2)"
"MA0520.1",0.267340851540943,-0.104227369446667,0.37156822098761,1.03679948249605e-24,1.57525949886366e-24,"STAT6"
"MA0614.1",0.291682242430764,-0.0873554015522576,0.379037643983022,2.06989306382366e-24,3.13849639352124e-24,"FOXJ2"
"MA1581.1",-0.276801383414645,0.125258938279782,-0.402060321694426,2.34321880323498e-24,3.54572257041237e-24,"ZBTB6"
"MA0666.1",-0.298858803376775,0.172926207062121,-0.471785010438896,2.74529371911044e-24,4.13735174637654e-24,"MSX1"
"MA0708.1",-0.298858803376775,0.172926207062121,-0.471785010438896,2.74529371911044e-24,4.13735174637654e-24,"MSX2"
"MA0037.3",-0.29968275522667,0.0960693762788856,-0.395752131505556,5.66022826961055e-24,8.51316590550296e-24,"GATA3"
"MA1533.1",-0.21727551762705,0.0878971556284715,-0.305172673255522,7.30193178501075e-24,1.09602436853481e-23,"NR1I2"
"MA0797.1",-0.27768877594098,0.0895179066562736,-0.367206682597253,1.21765675111587e-23,1.82404003279606e-23,"TGIF2"
"MA1153.1",-0.278909746750089,0.0833899046991536,-0.362299651449243,1.60943757604074e-23,2.40609304955188e-23,"SMAD4"
"MA0509.2",-0.324741271176739,0.198183508550956,-0.522924779727695,1.93362360578424e-23,2.88496641983008e-23,"RFX1"
"MA0106.3",-0.288187022513345,0.0451661896205452,-0.33335321213389,8.07163430603322e-23,1.20188407031952e-22,"TP53"
"MA1599.1",-0.276967838241991,0.0987189411005868,-0.375686779342578,8.54789191304929e-23,1.2702644157639e-22,"ZNF682"
"MA1574.1",0.196465299630864,-0.13401464933575,0.330479948966614,1.00842490755301e-22,1.49559638376649e-22,"THRB"
"MA0112.3",0.200012211845886,-0.125893266904358,0.325905478750243,1.34101892246812e-22,1.98492086539924e-22,"ESR1"
"MA0782.2",-0.34586742340881,0.0925195849054119,-0.438387008314222,4.4199386549755e-22,6.52925591408261e-22,"PKNOX1"
"MA0669.1",-0.265679832121804,0.0792729643679593,-0.344952796489763,6.95858705025563e-22,1.02591026472148e-21,"NEUROG2"
"MA0837.1",-0.289025615556021,0.15365680816765,-0.442682423723671,7.59560824612242e-22,1.11761809696397e-21,"CEBPE"
"MA1463.1",-0.325900962392549,0.167692099640018,-0.493593062032567,9.4108722658376e-22,1.38199029730607e-21,"ARGFX"
"MA0159.1",-0.278418334307181,0.0574975352257948,-0.335915869532976,1.57089886302581e-21,2.3023390016056e-21,"RARA::RXRA"
"MA1494.1",0.151705921243577,-0.12011210260419,0.271818023847768,1.71552929071127e-21,2.5093820605306e-21,"HNF4A(VAR.2)"
"MA0822.1",0.184376188764878,-0.104910540833533,0.289286729598411,1.85326483850451e-21,2.70554905973456e-21,"HES7"
"MA0743.2",-0.234047852705049,0.0771780198143142,-0.311225872519364,2.11088217103876e-21,3.07562128827132e-21,"SCRT1"
"MA1642.1",-0.317364193398304,0.0975667345534705,-0.414930927951774,3.375115161689e-21,4.90806220393761e-21,"NEUROG2(VAR.2)"
"MA0066.1",-0.257845854346461,0.0758513989002396,-0.3336972532467,6.17987757436198e-21,8.9692386585098e-21,"PPARG"
"MA0736.1",-0.255413880751816,0.0959080051935516,-0.351321885945368,6.94024222676197e-21,1.00532440799309e-20,"GLIS2"
"MA0618.1",-0.308992406161034,0.158298000441204,-0.467290406602238,9.5277205886778e-21,1.37745727890574e-20,"LBX1"
"MA0486.2",-0.25135940714872,0.115295588551449,-0.366654995700169,1.05881220131325e-20,1.52780251872279e-20,"HSF1"
"MA0610.1",-0.217298702121568,0.0697306138276963,-0.287029315949264,1.43018145877355e-20,2.05968217807929e-20,"DMRT3"
"MA0258.2",-0.288713392840355,0.0725463458954779,-0.361259738735832,1.7188776790907e-20,2.47067966975272e-20,"ESR2"
"MA1638.1",-0.35086403619791,0.114212466527263,-0.465076502725173,1.85720362608145e-20,2.66437289433993e-20,"HAND2"
"MA0702.2",-0.267380302190778,0.138656590630672,-0.40603689282145,5.43704679768227e-20,7.78509963737231e-20,"LMX1A"
"MA0783.1",-0.293717013752354,0.0780839836226958,-0.37180099737505,5.75428355903162e-20,8.22355466482297e-20,"PKNOX2"
"MA1138.1",0.584539770307808,-0.767422999054169,1.35196276936198,6.17506363057325e-20,8.80802575221347e-20,"FOSL2::JUNB"
"MA0867.2",-0.385758190888257,0.223559838124141,-0.609318029012398,8.95019358809915e-20,1.2742069497561e-19,"SOX4"
"MA0878.2",0.194880144794769,-0.0899961200553644,0.284876264850133,9.44148713025974e-20,1.34159036174738e-19,"CDX1"
"MA0771.1",-0.234545962287137,0.0915002409232206,-0.326046203210358,1.09885670608815e-19,1.55845456795011e-19,"HSF4"
"MA0595.1",0.204528234597417,-0.127614560898424,0.33214279549584,1.82457028672019e-19,2.5827882996077e-19,"SREBF1"
"MA0707.1",-0.333169840603158,0.169771678060397,-0.502941518663555,1.88550382040229e-19,2.66398835231081e-19,"MNX1"
"MA1132.1",0.524676799246696,-0.698462663572779,1.22313946281947,2.62606484021596e-19,3.70329748733669e-19,"JUN::JUNB"
"MA0142.1",0.372910645686771,-0.0905929862493058,0.463503631936076,3.85762435213046e-19,5.42978823903646e-19,"POU5F1::SOX2"
"MA0130.1",-0.2336686210907,0.0805390630474422,-0.314207684138142,5.62581515514397e-19,7.90368758142636e-19,"ZNF354C"
"MA0508.3",0.236076917453573,-0.0844473747530373,0.32052429220661,7.76916887888754e-19,1.08943608715228e-18,"PRDM1"
"MA0030.1",0.257813632515211,-0.0791161444799904,0.336929776995201,7.90750212916158e-19,1.10675358130479e-18,"FOXF2"
"MA0598.3",0.300324019125897,-0.111519607092535,0.411843626218432,1.07630363707899e-18,1.50360021209911e-18,"EHF"
"MA0853.1",-0.278351638965081,0.144366128856153,-0.422717767821234,2.09581739835879e-18,2.9223921106087e-18,"ALX4"
"MA0852.2",0.255327585057303,-0.0769307866880485,0.332258371745351,7.54602755077095e-18,1.05024935687969e-17,"FOXK1"
"MA1508.1",-0.306264542807379,0.131311146876344,-0.437575689683723,8.80909833675345e-18,1.22375928477059e-17,"IKZF1"
"MA1135.1",0.543168519081233,-0.754715681292377,1.29788420037361,8.90770976930949e-18,1.2351582691273e-17,"FOSB::JUNB"
"MA0629.1",0.224671048719654,-0.0639717632141493,0.288642811933803,1.3710300772227e-17,1.89756667459765e-17,"RHOX11"
"MA0752.1",-0.226595748157376,0.0561078847031444,-0.28270363286052,1.84569853492393e-17,2.54979834639491e-17,"ZNF410"
"MA0018.4",-0.588969233964031,0.0598942825801313,-0.648863516544162,2.60211813329605e-17,3.58813332243781e-17,"CREB1"
"MA0155.1",-0.232100769188899,0.0756287663871379,-0.307729535576037,2.99335199255274e-17,4.12000108200063e-17,"INSM1"
"MA0905.1",0.16516402999457,-0.0848692027330353,0.250033232727605,4.70633569194218e-17,6.46579452336807e-17,"HOXC10"
"MA0099.3",0.555235024331004,-0.780616813864969,1.33585183819597,6.33397938933006e-17,8.68593497139748e-17,"FOS::JUN"
"MA1600.1",-0.227431549602312,0.0940521904122082,-0.32148374001452,7.08848283977757e-17,9.70276733664966e-17,"ZNF684"
"MA1627.1",0.18990237596186,-0.0852679640071271,0.275170339968987,7.72937481612172e-17,1.05606476425399e-16,"WT1"
"MA0087.1",-0.238405787186593,0.136988060867582,-0.375393848054175,8.54071975551329e-17,1.16478554618152e-16,"SOX5"
"MA0621.1",-0.293914918670835,0.147899657189042,-0.441814575859878,9.92898025100253e-17,1.35164585168757e-16,"MIX-A"
"MA0605.2",0.221851944960983,-0.208207800831151,0.430059745792134,1.72808544265113e-16,2.34818167617076e-16,"ATF3"
"MA0810.1",-0.213184615258943,0.11019294299945,-0.323377558258393,2.10632592916215e-16,2.8569438966454e-16,"TFAP2A(VAR.2)"
"MA1131.1",0.222312053475225,-0.229400171064746,0.451712224539971,9.22686595071913e-16,1.24922722309192e-15,"FOSL2::JUN(VAR.2)"
"MA0829.2",0.16320166763238,-0.0781255874245186,0.241327255056899,9.82282391917222e-16,1.3275048267577e-15,"SREBF1(VAR.2)"
"MA1134.1",0.443781334344067,-0.729524856518281,1.17330619086235,2.80090418036209e-15,3.77843493408701e-15,"FOS::JUNB"
"MA0703.2",-0.25807038870646,0.146368631095322,-0.404439019801782,3.79251634611917e-15,5.10689024224712e-15,"LMX1B"
"MA0113.3",-0.193256000017844,0.0550390315447688,-0.248295031562612,4.11631277928377e-15,5.53291771773998e-15,"NR3C1"
"MA0655.1",0.366369336762424,-0.645703781887809,1.01207311865023,4.12787798424708e-15,5.53848377023079e-15,"JDP2"
"MA0745.2",-0.234072701640197,0.0713919386517959,-0.305464640291993,4.17445956424296e-15,5.59092789035054e-15,"SNAI2"
"MA1137.1",0.451354488089033,-0.736523712531889,1.18787820062092,4.83291259333408e-15,6.46120572513839e-15,"FOSL1::JUNB"
"MA1128.1",0.454867643576023,-0.747398066413605,1.20226570998963,1.24923037880668e-14,1.66713034452555e-14,"FOSL1::JUN"
"MA0856.1",0.138228448852509,-0.107172185451181,0.24540063430369,1.49422007384567e-14,1.99051459837298e-14,"RXRG"
"MA0117.2",-0.191314851500581,0.0856089781725529,-0.276923829673134,1.63274570641646e-14,2.17117343491387e-14,"MAFB"
"MA1148.1",-0.248890541569134,0.0437422280818799,-0.292632769651014,1.78611143270602e-14,2.37088812953503e-14,"PPARA::RXRA"
"MA0594.2",0.191249357004238,-0.047242477255377,0.238491834259615,1.78989874103498e-14,2.37169531227725e-14,"HOXA9"
"MA0646.1",0.162661268683174,-0.0677297581559793,0.230391026839153,2.04919422612493e-14,2.71045902959078e-14,"GCM1"
"MA0038.2",-0.175495505315341,0.102894853161663,-0.278390358477004,2.2187892799935e-14,2.92958726172593e-14,"GFI1"
"MA1152.1",-0.30297315993254,0.186279575672657,-0.489252735605197,3.567576421945e-14,4.70214136178617e-14,"SOX15"
"MA1144.1",0.382642155443982,-0.702907127967763,1.08554928341175,5.26149857095698e-14,6.92253603868414e-14,"FOSL2::JUND"
"MA0818.1",0.141744878787432,-0.0897049552697715,0.231449834057204,6.03213164536843e-14,7.92248275958601e-14,"BHLHE22"
"MA1655.1",-0.212340831758879,0.11330067698732,-0.325641508746199,6.64740285751657e-14,8.71522413305336e-14,"ZNF341"
"MA0480.1",0.260945728773359,-0.0663240184394417,0.3272697472128,6.89495549892119e-14,9.02392421437756e-14,"FOXO1"
"MA1538.1",-0.199295934552349,0.0516928650902111,-0.25098879964256,1.74816827855431e-13,2.28394664763838e-13,"NR2F1(VAR.3)"
"MA1607.1",0.174645000095237,-0.0697666054747613,0.244411605569998,1.77925002272172e-13,2.32049041424895e-13,"FOXL2"
"MA1130.1",0.399992440236424,-0.719722225335962,1.11971466557239,2.45812109911019e-13,3.20027633496719e-13,"FOSL2::JUN"
"MA0461.2",0.13462233017316,-0.0847722323370103,0.219394562510171,3.18179237976121e-13,4.13522145522972e-13,"ATOH1"
"MA0468.1",-0.183546817491144,0.073569357771743,-0.257116175262887,7.29481937152149e-13,9.46423521940005e-13,"DUX4"
"MA0805.1",-0.201305422072557,0.0668741280664948,-0.268179550139052,8.20486532663974e-13,1.06264401626272e-12,"TBX1"
"MA1524.1",-0.162986371643788,0.0751163141804894,-0.238102685824277,8.97297005116487e-13,1.16011016606048e-12,"MSGN1"
"MA1506.1",0.144102718605511,-0.0754111139398438,0.219513832545355,9.33298068139875e-13,1.20456809486565e-12,"HOXD10"
"MA0857.1",0.0892168607462055,-0.109356496565627,0.198573357311833,9.95510175005584e-13,1.28264350700201e-12,"RARB"
"MA1578.1",0.168895554816138,-0.0712185741247546,0.240114128940893,1.13897097391067e-12,1.46495232161614e-12,"VEZF1"
"MA1141.1",0.408460855614917,-0.735866806158492,1.14432766177341,1.25867852020036e-12,1.61613455433644e-12,"FOS::JUND"
"MA1657.1",0.201465695641609,-0.046360329337043,0.247826024978652,1.51431930812352e-12,1.94103471453633e-12,"ZNF652"
"MA0476.1",0.381722695853672,-0.699365072567721,1.08108776842139,1.56020640447186e-12,1.99642191721442e-12,"FOS"
"MA0083.3",-0.293573272087988,0.105448649345387,-0.399021921433375,1.74510481931239e-12,2.22919211508055e-12,"SRF"
"MA0592.3",-0.220733053749639,0.0471551170255127,-0.267888170775152,1.82888489105958e-12,2.33221902347085e-12,"ESRRA"
"MA0725.1",-0.229902040841558,0.136861843271878,-0.366763884113436,2.02046441076756e-12,2.56774523071993e-12,"VSX1"
"MA0726.1",-0.229902040841558,0.136861843271878,-0.366763884113436,2.02046441076756e-12,2.56774523071993e-12,"VSX2"
"MA0854.1",-0.240266612056604,0.106902137882674,-0.347168749939278,2.05598092533173e-12,2.60843838485965e-12,"ALX1"
"MA0009.2",-0.180923790438063,0.0444343715738668,-0.22535816201193,2.52089384295544e-12,3.19284687070418e-12,"TBXT"
"MA0070.1",-0.166464472543492,0.0841498855274893,-0.250614358070981,2.87282102993226e-12,3.63241438699909e-12,"PBX1"
"MA1478.1",0.175185014488805,-0.0517468840805661,0.226931898569371,4.32519359733243e-12,5.4595506321658e-12,"DMRTA2"
"MA0728.1",0.112167786272933,-0.107489312027602,0.219657098300535,4.36150401168773e-12,5.49608444716055e-12,"NR2F6(VAR.2)"
"MA1142.1",0.315608009331183,-0.656276231205809,0.971884240536993,6.43193124474865e-12,8.09143458445614e-12,"FOSL1::JUND"
"MA0036.3",-0.221083915391705,0.0526050069725345,-0.27368892236424,7.44272842953199e-12,9.34726499735836e-12,"GATA2"
"MA0793.1",-0.23108543499347,0.107825676858001,-0.338911111851471,1.18726999342772e-11,1.48857716823038e-11,"POU6F2"
"MA0841.1",0.258651517140828,-0.568534437397319,0.827185954538147,1.19253949874738e-11,1.49267527863346e-11,"NFE2"
"MA0869.1",-0.144796571762781,0.131181323613117,-0.275977895375898,1.349602649532e-11,1.6864381516765e-11,"SOX11"
"MA0479.1",-0.167873861134012,0.0748394054449117,-0.242713266578924,2.23574960495643e-11,2.78907893862458e-11,"FOXH1"
"MA1621.1",-0.200700254822622,0.0496725248221983,-0.25037277964482,6.85464377445121e-11,8.53683515148681e-11,"RBPJL"
"MA0713.1",-0.18526069072715,0.11618261881371,-0.30144330954086,7.51574703091873e-11,9.34457880844228e-11,"PHOX2A"
"MA0896.1",-0.192415945112854,0.112416893509635,-0.304832838622489,7.67744816612732e-11,9.52974431269714e-11,"HMX1"
"MA1479.1",-0.15544347781331,0.0712474060719685,-0.226690883885279,7.98646080429267e-11,9.89684345515337e-11,"DMRTC2"
"MA1537.1",0.101054550324505,-0.100531247609482,0.201585797933986,1.63030393943953e-10,2.01692659837792e-10,"NR2F1(VAR.2)"
"MA0029.1",-0.171459560892791,0.0519725026459404,-0.223432063538732,1.69515329609841e-10,2.09368271339307e-10,"MECOM"
"MA0495.3",-0.155753400110528,0.0795523131023083,-0.235305713212836,1.84978968985913e-10,2.28089770022299e-10,"MAFF"
"MA0613.1",0.157102160464972,-0.0340451538925964,0.191147314357569,5.04843217527601e-10,6.21473663821107e-10,"FOXG1"
"MA1114.1",-0.252428204040288,0.0532221011352895,-0.305650305175577,8.19423497362032e-10,1.00706742838892e-09,"PBX3"
"MA0681.2",0.173993278951836,-0.0470231326806982,0.221016411632534,1.55940252822171e-09,1.9133458652194e-09,"PHOX2B"
"MA0526.3",0.0757368078785319,-0.116103663664287,0.191840471542819,1.58008433435599e-09,1.93553844569715e-09,"USF2"
"MA0478.1",0.263033785323865,-0.664002082989935,0.9270358683138,1.82435912932801e-09,2.23110149258802e-09,"FOSL2"
"MA0477.2",0.230266951764838,-0.629740571196918,0.860007522961756,2.19550468316207e-09,2.68059982592292e-09,"FOSL1"
"MA1525.1",0.204564545344563,-0.0663016470039789,0.270866192348541,2.28634228004222e-09,2.7869466354763e-09,"NFATC4"
"MA0727.1",-0.146202643137142,0.0371234667599821,-0.183326109897124,2.60139413691981e-09,3.1658075467246e-09,"NR3C2"
"MA0072.1",0.103057186233257,-0.0659468735151963,0.169004059748454,3.17867343660394e-09,3.86203645554811e-09,"RORA(VAR.2)"
"MA1632.1",-0.513389122275579,0.0271185002170174,-0.540507622492597,3.22475560283901e-09,3.91165476376895e-09,"ATF2"
"MA1559.1",-0.163210123060882,0.0616145874576561,-0.224824710518538,4.98511727708233e-09,6.03717124789517e-09,"SNAI3"
"MA0491.2",0.178217491948208,-0.582778891858449,0.760996383806657,5.07793815493461e-09,6.13961404146065e-09,"JUND"
"MA0114.4",-0.152119981415403,0.0599673481420074,-0.21208732955741,1.21414136325171e-08,1.4656140080676e-08,"HNF4A"
"MA1549.1",-0.179387012666372,0.0625450262894037,-0.241932038955776,2.13244284992533e-08,2.56995535709903e-08,"POU6F1(VAR.2)"
"MA1570.1",0.122251116974405,-0.0840204156222414,0.206271532596647,2.58694436779738e-08,3.11267822318846e-08,"TFAP4(VAR.2)"
"MA0609.2",0.10426285586382,-0.12579969599933,0.23006255186315,3.61713206736713e-08,4.3452182322961e-08,"CREM"
"MA0650.2",0.130862681841047,-0.0347026644385299,0.165565346279577,9.10597099512639e-08,1.09213092642513e-07,"HOXA13"
"MA0504.1",0.0884298321161232,-0.0512468462097236,0.139676678325847,1.20996916535184e-07,1.44885553347106e-07,"NR2C2"
"MA0804.1",-0.125133127171017,0.0428918112107369,-0.168024938381754,1.36415926914768e-07,1.63086989548745e-07,"TBX19"
"MA1101.2",0.0901606739292586,-0.508410765838636,0.598571439767895,2.05574225052905e-07,2.45373395023148e-07,"BACH2"
"MA0897.1",0.143651680492896,-0.0287836588610378,0.172435339353934,2.70242819984417e-07,3.22046555444689e-07,"HMX2"
"MA0489.1",0.157307543853331,-0.59954974204323,0.756857285896561,3.98986331045887e-07,4.74711009505952e-07,"JUN(VAR.2)"
"MA1108.2",-0.197622913401331,0.0256196628667685,-0.223242576268099,4.22137155769423e-07,5.0145592070699e-07,"MXI1"
"MA0148.4",0.111258670327592,-0.0360168460687681,0.14727551639636,5.16516048044723e-07,6.12592960002167e-07,"FOXA1"
"MA0729.1",0.0528008231460469,-0.0734104054072219,0.126211228553269,7.05946208847433e-07,8.35929955238389e-07,"RARA"
"MA1542.1",-0.0972532605934786,0.0571539621489509,-0.154407222742429,1.13791822648903e-06,1.34530427410589e-06,"OSR1"
"MA1636.1",0.141304629183975,-0.104265498293927,0.245570127477902,1.1718947080918e-06,1.38328077885519e-06,"CEBPG(VAR.2)"
"MA1124.1",-0.144330598556598,0.046606293751039,-0.190936892307637,1.478182493768e-06,1.74206025331901e-06,"ZNF24"
"MA0512.2",0.0614635954404472,-0.0867615104082396,0.148225105848687,1.53519723641622e-06,1.80639927187146e-06,"RXRA"
"MA1572.1",-0.134010496960656,0.0352791826257461,-0.169289679586402,1.61455655078071e-06,1.89678612107466e-06,"TGIF2LY"
"MA0700.2",-0.140656588214647,0.101201936955866,-0.241858525170513,1.69231602605044e-06,1.98501219407803e-06,"LHX2"
"MA0488.1",0.0268551103701505,-0.199337103056355,0.226192213426506,1.75375182823462e-06,2.05384437027163e-06,"JUN"
"MA0498.2",-0.13949487873864,0.05657357566523,-0.19606845440387,1.78285713449916e-06,2.08465740178115e-06,"MEIS1"
"MA0859.1",0.0437981585043666,-0.0796752220101573,0.123473380514524,2.04558295857334e-06,2.38811406431253e-06,"RARG"
"MA0150.2",-0.542025079681283,0.00612060008480747,-0.548145679766091,2.17914574840936e-06,2.54006676298966e-06,"NFE2L2"
"MA0153.2",0.107267491046035,-0.0450052945473821,0.152272785593417,2.36937763540057e-06,2.75749721686245e-06,"HNF1B"
"MA0164.1",-0.101336194057047,0.0939914405208435,-0.19532763457789,2.9196478641098e-06,3.39261262714317e-06,"NR2E3"
"MA0842.2",-0.105756029469067,0.0481057070013655,-0.153861736470433,3.99346879290752e-06,4.63316908166254e-06,"NRL"
"MA0827.1",0.0753241027600735,-0.0570725929932927,0.132396695753366,4.16627348843987e-06,4.82614910306854e-06,"OLIG3"
"MA0107.1",-0.0651064441347934,-0.0516337637870195,-0.0134726803477739,4.59825771010148e-06,5.31829496393132e-06,"RELA"
"MA1556.1",-0.157881906278025,0.021376125821826,-0.179258032099851,4.75918393255025e-06,5.49589971158279e-06,"RXRG(VAR.2)"
"MA1622.1",0.0835485160677468,-0.584297269689506,0.667845785757253,5.05791381906512e-06,5.83184499076132e-06,"SMAD2::SMAD3"
"MA0519.1",-0.147672069850751,0.0730270473031333,-0.220699117153884,1.01929518544731e-05,1.17344785238224e-05,"STAT5A::STAT5B"
"MA1634.1",0.0906517612622077,-0.540856347227236,0.631508108489444,1.11664832067542e-05,1.28354337014463e-05,"BATF"
"MA0462.2",0.0885235208743322,-0.53005025144763,0.618573772321962,1.58341678331549e-05,1.81727526208208e-05,"BATF::JUN"
"MA1147.1",-0.119954499507004,0.0316705528511778,-0.151625052358182,1.86850494386721e-05,2.14117463613662e-05,"NR4A2::RXRA"
"MA1534.1",0.0781093719406642,-0.0419125211370957,0.12002189307776,2.50615646546677e-05,2.8674735018991e-05,"NR1I3"
"MA0591.1",-0.44578832822916,-0.00621101963504824,-0.439577308594112,2.59075935092947e-05,2.95973426614607e-05,"BACH1::MAFK"
"MA1491.1",0.114419347060918,-0.0515067065980362,0.165926053658954,3.94630028731441e-05,4.50143733078983e-05,"GLI3"
"MA0821.1",0.0677596300354986,-0.0650218131093764,0.132781443144875,4.12353729493005e-05,4.69642568246995e-05,"HES5"
"MA0151.1",0.149292659447654,0.0023302410465032,0.146962418401151,4.17052445771311e-05,4.74270006928961e-05,"ARID3A"
"MA0835.2",0.0512998499714206,-0.49680946958023,0.548109319551651,5.98577492893847e-05,6.79663332874901e-05,"BATF3"
"MA1588.1",0.10621185085741,-0.0168736826095436,0.123085533466953,8.17589745147038e-05,9.26933054528405e-05,"ZNF136"
"MA0777.1",0.115351243320623,-0.0194478758404313,0.134799119161054,8.30711656237452e-05,9.40380721628435e-05,"MYBL2"
"MA0593.1",0.103993723101977,-0.0257658686040419,0.129759591706019,0.00017448042557443,0.00019721575375534,"FOXP2"
"MA0833.2",0.160381568941863,-0.14637486174262,0.306756430684483,0.000189728704417413,0.000214126495454448,"ATF4"
"MA0761.2",-0.20382994293415,0.07174393113591,-0.27557387407006,0.000193302279263141,0.000217830060921908,"ETV1"
"MA0662.1",-0.120459787945941,0.0905508848444235,-0.211010672790364,0.000292024355442651,0.00032858245725523,"MIXL1"
"MA0084.1",0.0869209102673447,-0.0150726000760804,0.101993510343425,0.000492136796356933,0.000552912726027518,"SRY"
"MA0724.1",0.10169419324091,0.000509913817572415,0.101184279423338,0.000563361719974313,0.000631981718948628,"VENTX"
"MA0062.3",0.0837510876546543,-0.0553628459827033,0.139113933637358,0.000620800464240061,0.000695371090575203,"GABPA"
"MA0101.1",-0.308352566314509,0.0523978749090915,-0.3607504412236,0.000688137308370987,0.000769640827653307,"REL"
"MA0770.1",0.0865886172308684,-0.0177989371690055,0.104387554399874,0.000846259776472989,0.000945074540791691,"HSF2"
"MA0640.2",-0.168110389266325,0.0647725629986175,-0.232882952264942,0.00121615682627913,0.00135613302302576,"ELF3"
"MA0145.3",0.092557305466105,-0.0101807358051764,0.102738041271281,0.00136147623551443,0.00151591234581159,"TFCP2"
"MA0490.2",-0.128345586353358,-0.433927329126138,0.30558174277278,0.00161304757774144,0.00179334350669913,"JUNB"
"MA0093.3",-0.0222458460546578,-0.0838948476122386,0.0616490015575808,0.00212975580851369,0.00236428248980835,"USF1"
"MA0895.1",0.0906049513554271,-0.0014258503196226,0.0920308016750497,0.00217618970346532,0.00241223999819484,"HMBOX1"
"MA1606.1",-0.148186114987724,0.0759571312420063,-0.22414324622973,0.00250140465705295,0.00276861702397849,"FOXF1"
"MA1557.1",-0.0826619545471918,0.0192619193201358,-0.101923873867328,0.00331174128178348,0.00366008740179329,"SMAD5"
"MA0496.3",-0.454355283465147,-0.0551916431767064,-0.399163640288441,0.00417056536799529,0.00460242864574628,"MAFK"
"MA0734.2",0.0822951550198352,-0.0398212233115385,0.122116378331374,0.00527610633725557,0.00581384834208664,"GLI2"
"MA1649.1",-0.0769356996454285,0.0355659391490325,-0.112501638794461,0.00539082944209952,0.00593150260148414,"ZBTB12"
"MA0505.1",0.0496989990473343,-0.0245309283923564,0.0742299274396907,0.00570990195565652,0.00627332379811453,"NR5A2"
"MA0109.1",-0.0423366549755988,0.0377713775373284,-0.0801080325129273,0.00644411108806887,0.00706956892896967,"HLTF"
"MA0040.1",-0.112266029995336,0.0617321469363456,-0.173998176931682,0.00657383793391561,0.00720129676754926,"FOXQ1"
"MA0774.1",0.0434983263490886,-0.0413713294890108,0.0848696558380994,0.00916171415699735,0.0100214644591203,"MEIS2"
"MA1625.1",0.0412542290563219,-0.0120831781796365,0.0533374072359584,0.0129587191398451,0.0141540329111631,"STAT5B"
"MA0481.3",-0.104793561256587,0.0750723588541051,-0.179865920110692,0.0131049737757389,0.0142928515156451,"FOXP1"
"MA0907.1",0.0694889306181285,-0.00203603690349881,0.0715249675216273,0.0156077980263497,0.0169976895294261,"HOXC13"
"MA0909.2",-0.0598323664294895,0.0243198049564086,-0.0841521713858981,0.016179257769819,0.0175943532015815,"HOXD13"
"MA0514.1",-0.069341297578077,0.0904053245815122,-0.159746622159589,0.016925276181151,0.0183788297396487,"SOX3"
"MA0861.1",0.0108948148242203,-0.0635471461511856,0.0744419609754059,0.0177174102121133,0.019211029096274,"TP73"
"MA0115.1",-0.00495848273373715,-0.0645269124885749,0.0595684297548378,0.0181803480667467,0.0196843826673338,"NR1H2::RXRA"
"MA1683.1",-0.0991794542073082,0.0747800885060503,-0.173959542713359,0.01939966344202,0.0209741288807926,"FOXA3"
"MA0689.1",-0.0581952201986791,0.0337566367932385,-0.0919518569919176,0.0203706455678799,0.0219920428272625,"TBX20"
"MA0899.1",-0.0469305933492208,0.0385559126623843,-0.0854865060116051,0.0229178810419698,0.0247062706030483,"HOXA10"
"MA1493.1",0.0282730273965179,-0.0397481463599879,0.0680211737565057,0.0321005818512837,0.0345556047057109,"HES6"
"MA0607.1",0.0249210048195342,-0.0394618549272445,0.0643828597467787,0.052889559994775,0.0568524665073518,"BHLHA15"
"MA0501.1",-0.0832996604623261,-0.207489814567131,0.124190154104805,0.0585821429390364,0.0628809764496707,"MAF::NFE2"
"MA0492.1",-0.11112722222682,-0.147749182648973,0.0366219604221528,0.076092249650644,0.0815586468956616,"JUND(VAR.2)"
"MA1579.1",0.0241257682078348,-0.0197841797788263,0.0439099479866611,0.077647691427125,0.0831064243968942,"ZBTB26"
"MA0838.1",0.0491633123311386,0.00831699757604786,0.0408463147550907,0.0781033934439806,0.0834744004429936,"CEBPG"
"MA0518.1",-0.0659142496821437,0.0574144987286915,-0.123328748410835,0.0835491564726517,0.0891669109135883,"STAT4"
"MA0469.3",0.0454316624910408,-0.0103335699916768,0.0557652324827175,0.0955369564180601,0.10181509926839,"E2F3"
"MA0019.1",0.0454602285410941,-0.00136315299494498,0.0468233815360391,0.0973184497070273,0.103565711100488,"DDIT3::CEBPA"
"MA0160.1",-0.116234136238734,-0.0176130942477141,-0.0986210419910203,0.103356633535565,0.109834827090501,"NR4A2"
"MA0042.2",0.0299330863998102,0.0308074722208184,-0.000874385821008201,0.11690889550357,0.123357901054686,"FOXI1"
"MA0033.2",0.0299330863998102,0.0308074722208184,-0.000874385821008201,0.11690889550357,0.123357901054686,"FOXL1"
"MA0848.1",0.0299330863998102,0.0308074722208184,-0.000874385821008201,0.11690889550357,0.123357901054686,"FOXO4"
"MA0849.1",0.0299330863998102,0.0308074722208184,-0.000874385821008201,0.11690889550357,0.123357901054686,"FOXO6"
"MA0850.1",0.0299330863998102,0.0308074722208184,-0.000874385821008201,0.11690889550357,0.123357901054686,"FOXP3"
"MA0913.2",0.0387241570905349,-0.00423963222784306,0.0429637893183779,0.117320071621671,0.123616911623965,"HOXD9"
"MA1561.1",0.0869620094747464,0.0251742074200735,0.0617878020546729,0.123013798762501,0.129433418726129,"SOX12"
"MA0898.1",0.0432511828385273,0.0113547409674511,0.0318964418710762,0.125883101521273,0.13226590666883,"HMX3"
"MA0144.2",0.0308964264183873,0.00545634302599849,0.0254400833923888,0.134171516640835,0.140776302973366,"STAT3"
"MA1602.1",0.0184105316106554,-0.0254780654218213,0.0438885970324767,0.136068532381326,0.142566187017513,"ZSCAN29"
"MA0775.1",0.00836712594326381,-0.0389363699261921,0.047303495869456,0.154371732851643,0.161516567611958,"MEIS3"
"MA0735.1",-0.034267427277223,0.0194656577615543,-0.0537330850387774,0.180542795960846,0.188634349841444,"GLIS1"
"MA1539.1",-0.0606552927871597,-0.0043553987634889,-0.0562998940236708,0.258162939535521,0.269356018032865,"NR2F6(VAR.3)"
"MA0911.1",-0.039997777332116,0.00750818921909078,-0.0475059665512068,0.261286512902022,0.272234271822498,"HOXA11"
"MA1116.1",-0.0570739584868622,0.0394065361764345,-0.0964804946632967,0.263199077685272,0.273844507605597,"RBPJ"
"MA0089.2",-0.358941586287763,-0.144874419678833,-0.21406716660893,0.274525896195204,0.285231641450727,"NFE2L1"
"MA1633.1",-0.222408145529882,-0.269877381925786,0.0474692363959038,0.290086032577215,0.300979388459809,"BACH1"
"MA1624.1",-0.0427779916858438,0.027792850416635,-0.0705708421024789,0.307887648503375,0.31900581358822,"STAT5A"
"MA0484.2",-0.0308795183515299,0.0116946614661175,-0.0425741798176475,0.32893438739807,0.340339879332816,"HNF4G"
"MA0149.1",-0.0632917023624776,0.00949155150412258,-0.0727832538666002,0.354030526939228,0.365798854704521,"EWSR1-FLI1"
"MA0715.1",0.0479578263741614,0.0167376348856949,0.0312201914884664,0.368572866459772,0.380297867744108,"PROP1"
"MA1647.1",-0.0233316375985105,0.0258143204238998,-0.0491459580224103,0.369911529217144,0.38115193480109,"PRDM4"
"MA0473.3",-0.0148201729019656,0.00510647382931491,-0.0199266467312805,0.385605741997397,0.396775011765598,"ELF1"
"MA0442.2",0.0774757102846034,0.0461325824454408,0.0313431278391626,0.440806988892658,0.452950432112841,"SOX10"
"MA1580.1",0.00608463439133322,-0.00662715402679584,0.0127117884181291,0.487628082494541,0.500372145173215,"ZBTB32"
"MA0778.1",-0.136642508742353,-0.0277932373265047,-0.108849271415849,0.518704835825504,0.531529955392618,"NFKB2"
"MA0047.3",-0.00914754653526226,0.0274597080353512,-0.0366072545706135,0.52620285177124,0.538473700166454,"FOXA2"
"MA0163.1",-0.00967599814449686,0.00361244699823383,-0.0132884451427307,0.53197006360376,0.543629681436171,"PLAG1"
"MA1468.1",-0.0492005593157476,0.00368866653396938,-0.052889225849717,0.537178299872054,0.548201110402944,"ATOH7"
"MA0776.1",0.0253048488972753,0.00268241080020475,0.0226224380970706,0.555086555823904,0.56570296536152,"MYBL1"
"MA0031.1",-0.00479070704951061,0.0416337302931606,-0.0464244373426712,0.579514756994961,0.588989112695151,"FOXD1"
"MA0157.2",-0.00479070704951061,0.0416337302931606,-0.0464244373426712,0.579514756994961,0.588989112695151,"FOXO3"
"MA1630.1",-0.0128626785985421,-0.000405923823697167,-0.0124567547748449,0.581277972994898,0.589977371230196,"ZNF281"
"MA0677.1",-0.0826177904849317,-0.0386325651294108,-0.0439852253555209,0.608413827191735,0.616680319409014,"NR2F6"
"MA0528.2",-0.0360934119224664,0.0249740787692488,-0.0610674906917153,0.617789437285362,0.625333677360759,"ZNF263"
"MA1616.1",0.0187891632539204,0.0156914176661789,0.0030977455877415,0.631475161715176,0.638320420920761,"PRDM15"
"MA1656.1",0.0191858916228622,0.00168364001867412,0.0175022516041881,0.692554704898783,0.699114762996606,"ZNF449"
"MA0602.1",-0.00399512082466529,0.00658902119243982,-0.0105841420171051,0.72091666248403,0.726761932720387,"ARID5A"
"MA1546.1",-0.0102122872020295,-0.00422073091958718,-0.00599155628244231,0.811869682138286,0.817347885121675,"PAX3(VAR.2)"
"MA1103.2",-0.0168340998833437,0.0380592549599544,-0.0548933548432981,0.883329966899997,0.888091853514013,"FOXK2"
"MA1541.1",-0.0319925668322848,-0.0222515637535252,-0.00974100307875955,0.88877318759841,0.892361773820207,"NR6A1"
"MA0137.3",-0.0166461585457275,0.0195402737405239,-0.0361864322862514,0.89149046165185,0.893886941387473,"STAT1"
"MA0678.1",-0.0213523964953403,-0.00706912227585541,-0.0142832742194849,0.906451073174385,0.907667786024283,"OLIG2"
"MA0596.1",-0.039545031736114,-0.0290706431247957,-0.0104743886113183,0.975728508549017,0.975728508549017,"SREBF2"
