"SYMBOL_UPPER","Overall_pvalue_Males","Expression_coef_FM","Expression_Lower95_FM","Expression_Upper95_FM","Expression_SE_FM","Expression_pvalue_FM","Recurrence_Recurrent_coef_FM","Recurrence_Recurrent_Lower95_FM","Recurrence_Recurrent_Upper95_FM","Recurrence_Recurrent_SE_FM","Recurrence_Recurrent_pvalue_FM","Recurrence_Secondary_coef_FM","Recurrence_Secondary_Lower95_FM","Recurrence_Secondary_Upper95_FM","Recurrence_Secondary_SE_FM","Recurrence_Secondary_pvalue_FM","Age_coef_FM","Age_Lower95_FM","Age_Upper95_FM","Age_SE_FM","Age_pvalue_FM","Subtype_Mesenchymal_coef_FM","Subtype_Mesenchymal_Lower95_FM","Subtype_Mesenchymal_Upper95_FM","Subtype_Mesenchymal_SE_FM","Subtype_Mesenchymal_pvalue_FM","Subtype_Proneural_coef_FM","Subtype_Proneural_Lower95_FM","Subtype_Proneural_Upper95_FM","Subtype_Proneural_SE_FM","Subtype_Proneural_pvalue_FM","MGMT_Unmethylated_coef_FM","MGMT_Unmethylated_Lower95_FM","MGMT_Unmethylated_Upper95_FM","MGMT_Unmethylated_SE_FM","MGMT_Unmethylated_pvalue_FM","Overall_pvalue_Females","Expression_coef_FF","Expression_Lower95_FF","Expression_Upper95_FF","Expression_SE_FF","Expression_pvalue_FF","Recurrence_Recurrent_coef_FF","Recurrence_Recurrent_Lower95_FF","Recurrence_Recurrent_Upper95_FF","Recurrence_Recurrent_SE_FF","Recurrence_Recurrent_pvalue_FF","Recurrence_Secondary_coef_FF","Recurrence_Secondary_Lower95_FF","Recurrence_Secondary_Upper95_FF","Recurrence_Secondary_SE_FF","Recurrence_Secondary_pvalue_FF","Age_coef_FF","Age_Lower95_FF","Age_Upper95_FF","Age_SE_FF","Age_pvalue_FF","Subtype_Mesenchymal_coef_FF","Subtype_Mesenchymal_Lower95_FF","Subtype_Mesenchymal_Upper95_FF","Subtype_Mesenchymal_SE_FF","Subtype_Mesenchymal_pvalue_FF","Subtype_Proneural_coef_FF","Subtype_Proneural_Lower95_FF","Subtype_Proneural_Upper95_FF","Subtype_Proneural_SE_FF","Subtype_Proneural_pvalue_FF","MGMT_Unmethylated_coef_FF","MGMT_Unmethylated_Lower95_FF","MGMT_Unmethylated_Upper95_FF","MGMT_Unmethylated_SE_FF","MGMT_Unmethylated_pvalue_FF","Overall_pvalue_All","Expression_coef_FA","Expression_Lower95_FA","Expression_Upper95_FA","Expression_SE_FA","Expression_pvalue_FA","Recurrence_Recurrent_coef_FA","Recurrence_Recurrent_Lower95_FA","Recurrence_Recurrent_Upper95_FA","Recurrence_Recurrent_SE_FA","Recurrence_Recurrent_pvalue_FA","Recurrence_Secondary_coef_FA","Recurrence_Secondary_Lower95_FA","Recurrence_Secondary_Upper95_FA","Recurrence_Secondary_SE_FA","Recurrence_Secondary_pvalue_FA","Age_coef_FA","Age_Lower95_FA","Age_Upper95_FA","Age_SE_FA","Age_pvalue_FA","Subtype_Mesenchymal_coef_FA","Subtype_Mesenchymal_Lower95_FA","Subtype_Mesenchymal_Upper95_FA","Subtype_Mesenchymal_SE_FA","Subtype_Mesenchymal_pvalue_FA","Subtype_Proneural_coef_FA","Subtype_Proneural_Lower95_FA","Subtype_Proneural_Upper95_FA","Subtype_Proneural_SE_FA","Subtype_Proneural_pvalue_FA","MGMT_Unmethylated_coef_FA","MGMT_Unmethylated_Lower95_FA","MGMT_Unmethylated_Upper95_FA","MGMT_Unmethylated_SE_FA","MGMT_Unmethylated_pvalue_FA"
"ZFX",0.0012603330704088,0.644984488269093,0.36613953266551,1.13619249765031,0.288888864406434,0.129018137501824,0.348297347912502,0.102423099231901,1.18441097245277,0.624472851040817,0.0912304564365825,0.419223665629119,0.0554554963929535,3.16918057279976,1.03207189996625,0.399600243212043,1.02615455736552,1.00910756517175,1.04348952673129,0.00854711353521215,0.0025218035054044,1.12144419391993,0.726314541751971,1.73153228770984,0.221631326817671,0.605049333238248,1.2648711195632,0.800118118324561,1.9995784528105,0.233660492305334,0.314605461531996,1.2432817688048,0.855540144461196,1.80675280599004,0.190705919022488,0.253523094404369,0.00123545081676062,1.8666769736382,1.12754170807994,3.09033617021998,0.257208832034861,0.0152382931648628,0.342182150564717,0.124113967373883,0.943396030620587,0.517429387501787,0.0382116936073855,0.610440946292177,0.135922416266911,2.74155035750937,0.766390258351198,0.519559870773288,1.02936392227097,1.01068109782552,1.04839210583119,0.00934537704178724,0.00195600861630935,0.780311930994724,0.453551306037862,1.34248695031183,0.27683434946023,0.370218132870466,0.655757675561834,0.379702807633617,1.13251237655633,0.278781889077137,0.130127605173873,1.13608767176786,0.721560892787221,1.78875436687992,0.231600684296025,0.581697265879605,2.04729915175256e-06,1.02784378266722,0.692583211890993,1.52539481672268,0.201427211304714,0.891550121062784,0.506173215431776,0.251436133778004,1.01899166269696,0.356991211657136,0.0564864606433256,0.511311972531046,0.156722776905759,1.6681680762382,0.60332814001945,0.26622761952658,1.02775136814982,1.0153720719615,1.04028159125286,0.0061828479584789,9.54231794228717e-06,0.928355479708469,0.672226323988775,1.28207400684763,0.164706926526681,0.651736927688367,0.903448181811012,0.643426764797218,1.2685493701445,0.173171826317702,0.557651111513206,1.29500032569933,0.985800983541061,1.70118093972415,0.139192217720062,0.0632794764511886
"KLF4",0.00283235584900987,0.926035785984069,0.717948412367327,1.19443439410294,0.12985706078366,0.554020672743202,0.328986218433568,0.0959879699859905,1.12755725467489,0.628477359469321,0.0769037079266306,0.4327106177463,0.0570477167667844,3.28213799468664,1.03378487940414,0.417762102727416,1.02639331728992,1.00937676860164,1.04369673896584,0.00852971993531546,0.00225701023548195,1.01453746702474,0.670306239345068,1.53554630940426,0.211459706281736,0.945584042450943,1.19558644462593,0.756381396367667,1.8898229827409,0.233599369541727,0.444441599094541,1.23176212072761,0.84851766965072,1.78810409768359,0.190161725181792,0.273013165109185,0.00148514356904684,1.33815015696294,1.04964935119485,1.70594669595289,0.123896166004761,0.0187196656450357,0.356581916806149,0.127510516952609,0.997177851928914,0.524685736642777,0.0493737042723314,0.497654574658391,0.110316941579348,2.24498678201923,0.768661420887851,0.363943868441802,1.03007053966026,1.01079197716055,1.04971679697794,0.00963952693559004,0.00211549052772889,0.743684016649764,0.429677969763028,1.28716377273275,0.279893008011055,0.290035504608458,0.680813269556711,0.394448635646735,1.17507494288714,0.278474064746903,0.167395446701338,1.31598103358667,0.839065098482721,2.06397106004227,0.229621263014274,0.231772381746231,6.69601144692182e-07,1.15762289667086,0.973178411323624,1.37702476267838,0.0885508756515024,0.0983444747471577,0.454011069071427,0.226940272642779,0.908283260784824,0.353799721667986,0.0256237962515706,0.46988343112614,0.142645937440539,1.54782142981752,0.608235180045237,0.21433209302871,1.02844157802089,1.01596380733225,1.041072597044,0.0062281244377335,6.70322332594443e-06,0.893082214365632,0.648500762621957,1.22990733024192,0.163276195270874,0.48859312043587,0.932171165897739,0.662195267306801,1.3122157850285,0.174470539639397,0.687255213921949,1.29173313420109,0.983112934859099,1.69723582187647,0.139296492783977,0.0661069765912723
"KLF9",0.000144250857119519,1.29426311768595,1.07147543283616,1.56337417216201,0.096381824233219,0.00744518820928132,0.366642140211416,0.107133295949213,1.25475892240385,0.627721974264514,0.109947537082085,0.536646038042763,0.0707692620134894,4.06940756414982,1.03364857316039,0.54707103604446,1.02406053903464,1.00682800458409,1.04158801983376,0.00865875384618447,0.00603542288834887,1.19749456673191,0.777351201437878,1.84471733587078,0.220460452618909,0.413629552546676,1.66962213429632,1.00286806582966,2.77966580681379,0.260072826430842,0.0487266057462498,1.19646783152146,0.81947808994546,1.74688657260004,0.193096078573596,0.352922674414419,0.00160642851875251,1.26307325954151,1.01064319991128,1.57855320167282,0.113757644566494,0.0400696773732459,0.70040532447245,0.24291002510977,2.01954455493417,0.540299772365306,0.509849980578563,0.566706571347432,0.127217703610654,2.52446262503881,0.762229229799734,0.456229810080001,1.03120281972249,1.0113030926533,1.05149411994151,0.00994213015321758,0.00199836466954835,0.972420439651536,0.547855865976885,1.72600417404672,0.292748250724301,0.923891755756393,0.889598372874921,0.480255845965945,1.64784098240383,0.314521657017344,0.709932789286332,1.29911310439293,0.826672083569368,2.04155298279625,0.23063126854768,0.256529200142454,2.00940134780273e-08,1.2465181101458,1.08698486453465,1.42946553316238,0.0698719312101925,0.0016122228317707,0.683607314725283,0.341065750226921,1.37017264394033,0.354755690592964,0.283626949599094,0.478073342935691,0.145499524306757,1.57082383818552,0.606945510209195,0.224019204617287,1.02937235875804,1.01677415380904,1.04212666009023,0.00628288823329505,4.07274666282542e-06,1.11013488628868,0.79622821870175,1.54779677083613,0.169569929376506,0.537791574035221,1.20216407523136,0.823303104343678,1.75536622679075,0.193143438203021,0.340438907073001,1.33842530878285,1.01581222863726,1.76349748180691,0.14071955641775,0.0383165931833125
"ZIC1",0.00251283617896004,1.05014249777914,0.931778028419228,1.18354289541762,0.06101465520296,0.422627729381464,0.347630099987248,0.100663769196067,1.2004983260836,0.632334597826977,0.0947263063673356,0.417763559501878,0.0548376290615724,3.18260279728212,1.03600832533699,0.399506714192158,1.0267386304934,1.00966820215069,1.04409766802792,0.00855405327372658,0.00203700524235819,1.02949565097772,0.677839343065994,1.56358775309218,0.21322534629266,0.891560365651064,1.29008534355384,0.800446275742548,2.07924034890223,0.243521942197554,0.295590567027705,1.25030205562675,0.857252458320086,1.82356459305805,0.192558633506945,0.246012542587727,0.000150636108298617,0.812248214346972,0.720207601638941,0.916051372143936,0.0613615714539588,0.000701691206411349,0.216095438856131,0.0732946118200941,0.637116938541744,0.551659656803046,0.00548398510923473,0.62577222553992,0.142276508271071,2.75232280448653,0.755735337014748,0.535072313485123,1.02887099812303,1.01031912510519,1.0477635278541,0.00928376056070239,0.00217093977868717,0.725872418577706,0.418877859561097,1.25786253922308,0.280512753771626,0.253401498162523,0.635382415168351,0.368507696171331,1.0955288524489,0.277946663301274,0.102740681336448,1.21818222652766,0.780081011519604,1.90232541891656,0.227410950738165,0.385473623155461,2.6865008150243e-07,0.911669637058182,0.839960393069441,0.989500855030298,0.0417981888494187,0.0269336194394339,0.375674401456376,0.179863882081851,0.784655897982795,0.375783670674213,0.00917915177222217,0.531344708511678,0.162636036071887,1.73594491160967,0.604039763953019,0.295164738820254,1.02734292855716,1.01507267838835,1.03976150213414,0.00613050747847286,1.08124398509818e-05,0.880594273767603,0.638769757058265,1.21396836093723,0.163805519555174,0.43758605921428,0.846165458312293,0.599203258021698,1.19491336746858,0.176081831570834,0.342797693285011,1.2601656849173,0.958525688373031,1.65672925901291,0.139595485784702,0.0976158419747216
"KLF5",0.00305183311993069,0.965523484250272,0.814759900472397,1.14418443776906,0.0866224875199642,0.68545420442191,0.328143233873168,0.0951411604257369,1.13177074417533,0.631689420573066,0.0777306627246525,0.452117486579894,0.0599720090604628,3.40842711247572,1.03066390522589,0.441183642234276,1.02608297213277,1.00902651607871,1.04342774835333,0.00855250022313201,0.00260686320289438,1.02796126585697,0.660547159882296,1.59974098486861,0.225649169054534,0.902729540406011,1.23587257600236,0.776397187376142,1.96726759054413,0.237182067568762,0.371916616726817,1.24367656520115,0.848401528399347,1.82311246155897,0.195142983491219,0.263781298928246,0.00384389279762399,1.13020686733811,0.967828587930979,1.31982830318019,0.079134602269742,0.121925862990411,0.323125440459931,0.107651158076397,0.969892494777693,0.56079837972119,0.043959620723204,0.651385532997695,0.147885019064474,2.86914195422126,0.756476456501063,0.570955400729777,1.02569646321302,1.00705648168646,1.04468145906362,0.00935739486765885,0.00669950454405209,0.76857739650081,0.445236151222137,1.32673686265257,0.278544123784824,0.344677547696606,0.600845076076174,0.347331050875408,1.03939686513799,0.279626955632296,0.0684887213556241,1.1984407550119,0.769581161448285,1.86628820353472,0.2259889481888,0.423120903227043,1.44363683112124e-06,1.05275726032167,0.943846198583466,1.17423564434897,0.0557177258189481,0.356145426031586,0.451424606172503,0.217545010493306,0.936744881419702,0.37245714999598,0.0327279327839679,0.514816070208519,0.157861903000224,1.67890783721622,0.603117752048372,0.270959485183455,1.0275744325773,1.01522510449483,1.04007397946682,0.00616885799553461,1.03646332187442e-05,0.898438727848684,0.647830009365149,1.24599375766705,0.166855198331491,0.520967624272468,0.881392377094307,0.624917329705895,1.24312846751356,0.175454007283957,0.471786505728224,1.27108250892342,0.965064664603823,1.67413729229669,0.140527621298043,0.0878375852392054
"TCF7L1",0.00180293327221426,1.14393146129767,0.920592306595055,1.4214535346125,0.110822946749779,0.224982387941866,0.30526955384018,0.0898510879156003,1.03715494896754,0.62401220519522,0.0572363634713665,0.424883250391858,0.0561691199800985,3.21396839629165,1.03239003514614,0.407055346127052,1.0269017304732,1.00969309058354,1.04440366472094,0.00862251884785509,0.00207898514282322,1.09056504108853,0.706264030562797,1.68397661126347,0.221668399066117,0.695718527832024,1.1996878233147,0.759544217435036,1.89488753962197,0.233217609517785,0.435008252423385,1.27518954712246,0.87108546289642,1.86676101295901,0.194447459998149,0.211232849871964,0.000876298777128899,0.74425593504432,0.586024122608711,0.945211767704905,0.121953271942204,0.0154355316755411,0.378329014552962,0.139537571435748,1.02576561839133,0.50890237753551,0.056136372935519,0.869886069605308,0.197257482115054,3.83611189791021,0.75708144085928,0.853920150578239,1.02747318347847,1.00910003319867,1.04618086218965,0.0092061338871335,0.00324032969423628,0.633314077869624,0.35207902310706,1.13919516615419,0.299551843516505,0.127282209660172,0.652353845999918,0.378324667320239,1.12486860400952,0.277981836593148,0.124372548665775,1.39337132555323,0.884376618977287,2.19531318356103,0.231942268190951,0.15265666559701,1.20779781932441e-06,0.919763572802918,0.793213399215664,1.06650370592792,0.0755240213547886,0.268101989916941,0.496020757993107,0.252193292867889,0.975587374121574,0.345119580409122,0.0421963501258819,0.551973407020038,0.168392565995718,1.8093117131136,0.605726392361032,0.326561953497888,1.02762934469243,1.01533695523855,1.04007055453318,0.00613991352208581,9.04143231724842e-06,0.881259012934499,0.632032094499345,1.22876267619522,0.169600772690955,0.456089520233642,0.917283727459332,0.652664896344641,1.28919058060904,0.173652686203692,0.619054799834479,1.30154450060718,0.990915692082978,1.70954814884387,0.139123708728009,0.0581760523204227
"KLF10",0.00288956543043194,1.0946316350712,0.794837185481899,1.50750171026811,0.163286614603982,0.579758596968757,0.312210836417824,0.0918599378852953,1.06113294457519,0.624202140589822,0.0621949755770357,0.462704376541818,0.0613576170308991,3.48930337309443,1.03081946917114,0.454686077277844,1.02669039607767,1.00953941412875,1.04413275464616,0.00859516808423387,0.00217989357611801,0.98029018952706,0.650853606771449,1.47647465679705,0.208965011753053,0.924105909877533,1.20670287755464,0.764865889474432,1.90377405338237,0.232630047153582,0.419272074184138,1.2225952999165,0.842051087850645,1.77511707893315,0.190253744142894,0.290805095804526,0.00871039202788325,1.02831073547269,0.702918699538592,1.50433182298676,0.194101237553925,0.885635476552142,0.460541329184692,0.168659059400249,1.25755661534829,0.512521317157137,0.130325298016026,0.65501343793214,0.144349820451779,2.97224203347732,0.771655041119498,0.583484976699819,1.02665861135208,1.00782508117754,1.04584408936506,0.00944651959619489,0.005351190780828,0.79135395835718,0.446292080327987,1.40320905302049,0.292235841073515,0.423272270018134,0.630171497428257,0.362345822139919,1.09595886555476,0.282348522350184,0.101957428214769,1.24196874415808,0.796645566817506,1.93622663040433,0.226556829209459,0.338828131368989,2.02881391833484e-06,1.02437656106992,0.806976983327035,1.30034357924702,0.12170852562578,0.8431356649435,0.510111276532624,0.259427427381694,1.00303008464441,0.344981793700155,0.0510339787341174,0.520375588212045,0.157814687940198,1.71587801073145,0.608750651409165,0.283260064951202,1.02776034134413,1.0153735493911,1.0402982428223,0.00618656016983589,9.59754211227205e-06,0.926861040865391,0.67175699391138,1.27884249343209,0.164241279925841,0.643766304058196,0.900103186446385,0.639541423165878,1.26682294047558,0.17436953833459,0.54612327659577,1.29622088774627,0.987004299361231,1.70231131811392,0.139050465825779,0.0620566082233177
"THAP1",0.00326136192084477,1.00399749071324,0.663769944354737,1.51861495075434,0.211131012674843,0.984924106929043,0.313901298778024,0.0924709580088381,1.06556726021063,0.623574710191087,0.0631519668280756,0.455965587011107,0.0604831990047326,3.43739451549373,1.03065756894023,0.44607339737288,1.02625480436427,1.00898407250995,1.04382115850531,0.00865939759981748,0.00276408023196012,0.991976225631639,0.653735022820005,1.50522275519775,0.212757498973151,0.969795036480117,1.21238716233372,0.766660395191079,1.91725389835125,0.23383216583223,0.410149603910247,1.22209753176394,0.840217081631567,1.77754345846354,0.191158441566104,0.294073479963749,0.00655497216665701,0.833872029719286,0.553585136561861,1.25607158867507,0.209016286516592,0.384742002380596,0.476449701435843,0.178183445266968,1.27399219191316,0.50181970481298,0.139565943510802,0.759891515866808,0.16380078466856,3.52522802045641,0.78293516161598,0.725809365195092,1.02817824556568,1.00874068609183,1.04799034997809,0.00973784995039915,0.00432183429862984,0.790912818796619,0.458910083841333,1.36310599606064,0.277726251322929,0.398334325982742,0.650416866752621,0.378223785233061,1.11849681874348,0.276600718276822,0.119922245328434,1.25967472798314,0.807734405295274,1.96448289179823,0.226726368219874,0.308581353778757,1.8597234777143e-06,0.93509909277963,0.71382890020298,1.22495784783811,0.137762331008625,0.626193935887689,0.511772958341907,0.260910421477654,1.00383710013078,0.343732821410896,0.0513166478004965,0.534472273616127,0.161828587538816,1.76520487269207,0.609573538907692,0.304078079002442,1.02788729314354,1.01547346994328,1.0404528711764,0.00619937280414037,9.12960180471283e-06,0.924890572689062,0.672940121585046,1.27117189778228,0.162257612857003,0.630367857074814,0.904367853095953,0.644314406662129,1.26938216072246,0.172987555571439,0.561188580995849,1.29752161016038,0.987947872246366,1.70410036412666,0.139074665049612,0.0610990291899964
"KLF3",0.00101808104857304,1.44295576772488,0.952426474682369,2.18612292177712,0.211961034231634,0.0836294010399222,0.259834141025745,0.0746632867169576,0.904243354548885,0.636264249335534,0.0341612150420022,0.442257742691578,0.0585828728112242,3.33872173870544,1.03137122687661,0.428916947971756,1.02740909681029,1.01009785241945,1.04501702451913,0.0086700488412377,0.00181585985101734,0.967876264572512,0.642253448397208,1.45859000969268,0.209249379716327,0.876002424173227,1.25867480935062,0.796046224784174,1.99016366935644,0.233758097591806,0.325028312264964,1.21619235243457,0.8360208740451,1.76924271156482,0.191241602302029,0.306098248386509,0.0064781829149152,1.28139535035831,0.746052043743258,2.20088405050325,0.275979315640409,0.368953442220702,0.438813171189491,0.162695462400053,1.18354253012845,0.506230536730193,0.103718449919383,0.613990498435467,0.136384450176719,2.76412986730202,0.767617021414779,0.525140411931317,1.0271951949344,1.00829144971332,1.04645335314141,0.00947706783536565,0.00463660391406985,0.802595171127159,0.466855276943393,1.37978307310584,0.276449534476139,0.426345357886362,0.619518551713422,0.358759162128976,1.06980748209886,0.278725193633834,0.085820995142409,1.20610986535403,0.770467904973258,1.88807476328922,0.228655973554358,0.412459743150026,1.47961865883687e-06,1.15457350561968,0.836701518448502,1.59320851042648,0.164298374864506,0.381673468671352,0.489352518969765,0.247582631110911,0.967216022980139,0.347628192891647,0.0397967740343511,0.497287230776506,0.151618859911048,1.63102789480444,0.606030481396935,0.249022596524748,1.02812655608983,1.015690526012,1.0407148518826,0.00620907639843965,7.91855015176696e-06,0.928136880469354,0.676653758984757,1.27308547015223,0.161237409010451,0.643706105993033,0.898014210701968,0.639245559275966,1.26153324167957,0.173420138491366,0.535072160017311,1.28678450774418,0.979431152174062,1.6905878128289,0.139252461734243,0.070185028983308
"REST",0.00247542148264752,0.807615396672115,0.485481019399738,1.34349769172914,0.259670975070843,0.41059534443924,0.34204346988645,0.0991663586401514,1.17977242379648,0.631715181258362,0.0894584553967729,0.554375526539158,0.0697534891864737,4.40597636060856,1.05760864769639,0.576994605501728,1.02613475005223,1.00900227095788,1.04355813219839,0.0085905054994392,0.00267149917417928,1.00474129651619,0.667411463598713,1.51256777562935,0.208717421088945,0.981919361100566,1.16016601497312,0.725654863963306,1.85485586763278,0.239414543388758,0.534911095770301,1.17092740040626,0.79646912430635,1.72143644390011,0.196617388065325,0.422232525337424,0.000370509827887543,0.489249007166316,0.294826612302631,0.811882581235665,0.258415028201586,0.0056676027104956,0.548990867975622,0.202435564120518,1.48882423120671,0.509019645912255,0.238758757252414,0.601271297342345,0.134845431563631,2.681048729761,0.762726806849112,0.504797042982152,1.02564775921298,1.00689932009229,1.04474529378189,0.00941279770965351,0.00713622795616638,0.906201479725123,0.522512354089765,1.5716396280937,0.28093018122512,0.725889812467935,0.654414825224391,0.377879415314545,1.13332122925243,0.280192037417426,0.130204171311586,1.26459114835541,0.807816265889948,1.97964665979717,0.228662113493743,0.304599910435467,6.69641464625749e-08,0.620348373825242,0.440542043088122,0.873542289426038,0.174633478659265,0.00625416115517915,0.56872053582957,0.287828775656792,1.12373423100666,0.347467297764747,0.10432715645973,0.550361769429888,0.167213990431708,1.81143979919374,0.607818032377786,0.325855010748855,1.02745197991115,1.01499044397085,1.04006651224557,0.00622599898281384,1.36253663795119e-05,0.996252551796378,0.723944090063043,1.37098867244619,0.162904333083304,0.981612628978482,0.8798417867853,0.62562461980703,1.2373579064269,0.173978483220084,0.461853094816195,1.25951816485868,0.958458209538345,1.65514363779416,0.139369171291617,0.0978179162272782
"WT1",0.00113890171170999,0.709589451520445,0.455695254738782,1.10494279778647,0.225954295027622,0.128936214612321,0.355187805301634,0.104559747071937,1.20656735089646,0.623933928335359,0.0971150775040764,0.423682035551029,0.0560946662677867,3.20006302188748,1.03162228547647,0.405156056240185,1.03048595755152,1.01246187519086,1.04883090882874,0.00900303750855831,0.000851168101439388,0.975720717175859,0.648700171181545,1.467597759674,0.208272077521109,0.906057086223501,1.17179802946174,0.742039903249413,1.85045388507751,0.233112245630024,0.496441936909875,1.19742423693316,0.824631960319034,1.73874512775402,0.190304967047644,0.343762026053854,0.00135956483895307,1.34930777887773,1.05319187647177,1.72867976179149,0.12641368468489,0.0177914073329789,0.231487062768784,0.0664644798374086,0.80623906724925,0.636673086987032,0.021547799465154,0.576177613133491,0.129915832528694,2.55535168743104,0.759977827327533,0.468165199202634,1.02451318002485,1.00594739126523,1.04342161941934,0.00933067048656896,0.00944593474663382,0.758999440916732,0.438192211542381,1.31467455636462,0.280282388794306,0.325192060631259,0.632609511456785,0.367270507121008,1.0896458774288,0.27743096167877,0.0988391439804363,1.20923781482439,0.775806523187176,1.88482056943014,0.22645435079814,0.401481561763821,1.46852070104989e-06,1.10089571813316,0.895773101750217,1.35298925568976,0.105202071068349,0.360869481335969,0.454544150843895,0.218359356436701,0.946194330474184,0.374064486185624,0.0350466493476577,0.505147900424309,0.154737346857013,1.64908088762104,0.603644824442836,0.257928404832421,1.02666421817524,1.01415033034718,1.03933251840537,0.00625714276202048,2.60411800856409e-05,0.935845680074707,0.68201472263327,1.28414696611385,0.161431204152805,0.681270302396914,0.914612851576906,0.650370260200446,1.28621605177922,0.173961885834427,0.607903194223927,1.29978836694211,0.989473733019932,1.70742258481359,0.139177820974596,0.059574265515764
"KLF2",0.00148783865167291,1.21518987221556,0.935216515165387,1.57897813136258,0.133613448796173,0.144650992950077,0.362215132732463,0.106726708910196,1.22930617574643,0.623463946005395,0.103348952470019,0.535798408530934,0.0701972596732998,4.08961739988655,1.03698268365838,0.547345080354528,1.02793157923365,1.01076288216348,1.04539190173278,0.00859364415595515,0.00134736417037455,0.997007336970374,0.663101306414714,1.4990524379258,0.208080532940335,0.988507829202498,1.3036714650162,0.818542929560325,2.0763227282537,0.237460446164812,0.264100270075895,1.25469300567431,0.861716956407905,1.82688123609679,0.191697065714425,0.236574996579815,0.00676432084421304,1.18346677109293,0.793099175532115,1.76597535527815,0.204215525064355,0.409454262136976,0.539911878642836,0.190783320132588,1.52793670063531,0.530758530383605,0.245535652959801,0.635246926926201,0.144796951584357,2.78692785831257,0.754443127085341,0.547556477911572,1.02929944751461,1.0092960301758,1.04969931613557,0.010013109902399,0.0039258232214462,0.782441645773402,0.452474457990029,1.35303754329064,0.279437803319945,0.379964028728382,0.68733015832751,0.388009915625099,1.21755328284698,0.29173182061846,0.198714276699468,1.31310295233051,0.825146741533625,2.089615430359,0.23703856083598,0.250493890444944,4.52039778532985e-07,1.22938944353444,0.994100805289272,1.52036734688502,0.108386850036172,0.056731265396832,0.606881815912654,0.304347478303763,1.21014815216521,0.352130960670199,0.156108279278355,0.534974717466038,0.164104398006507,1.74399925781709,0.602927757611843,0.299504254078789,1.03028868169744,1.01758847360183,1.0431473971758,0.006328407085752,2.41598775950005e-06,0.920821740249672,0.670981772912842,1.26368958375055,0.161495056675952,0.609503525352911,0.985275231543431,0.693923558756732,1.39895420704874,0.178860029692409,0.933901012697731,1.3555459402884,1.02756824562781,1.78820706464095,0.141333819931327,0.0313673296873439
"ZNF682",0.00184906551039088,1.41081064305913,0.810764636880012,2.45495003115617,0.282628634077452,0.223327807621163,0.322475017600141,0.0946187914264139,1.09904317534098,0.625608215711539,0.0704499235448133,0.287757800543553,0.0335590964233943,2.46742494878197,1.09635239010189,0.255887931709075,1.02527427847242,1.00811865744969,1.04272184462533,0.00860948835613836,0.00374180360386584,1.0567842563288,0.692568241772254,1.61253851543436,0.215605532374589,0.79782348528992,1.18627166224005,0.750797105092511,1.87432855972502,0.233389575284591,0.464236140175942,1.24674295209845,0.857472048869467,1.81273312716899,0.190973513750948,0.248175986024934,0.00594921036877953,0.66767108772087,0.301903313867939,1.47658094794338,0.404950734567201,0.318496412754161,0.453714700360965,0.169130076565038,1.21715210862853,0.503478886501837,0.116496070471914,0.619706343333606,0.140651211762476,2.73041339036913,0.756627462241435,0.527109694216713,1.02849381835738,1.00927037944109,1.04808340356241,0.00962657818607577,0.00351690425825378,0.701305355434329,0.384772302363817,1.2782344221228,0.306276880488794,0.246673207233368,0.667519701431953,0.384921958843172,1.15759192626718,0.280886944861312,0.150160549136964,1.26913188724736,0.812765217357606,1.9817478809743,0.227374642384737,0.294548469612246,2.05833812526461e-06,0.982290458723967,0.630861485696925,1.52948716505368,0.225922888388952,0.936961071572427,0.511993660826392,0.260669803229209,1.00563051599771,0.34442355289982,0.0519362016330577,0.51473457967281,0.156270041429576,1.69547332993027,0.608208034635549,0.274875946526778,1.02777309386755,1.0153081178938,1.04039110282044,0.00622577052493813,1.08168654094036e-05,0.928495674404521,0.664564002101219,1.29724784168583,0.170632998888411,0.663714713925804,0.905454351173021,0.642939021756224,1.27515604795412,0.174690443367363,0.56966869834624,1.29634623878201,0.987015447624595,1.70262134685802,0.139094040776316,0.0620411223668168
"SP2",0.00273219554485269,1.32417855304848,0.580981621452996,3.01807970442906,0.420328367745509,0.504113914805546,0.313109576126382,0.0923214157293411,1.06191619666513,0.623111998339755,0.0623845409345654,0.45519100673573,0.0604072109892787,3.43003507726688,1.03043150627322,0.444989578440855,1.02574127604369,1.00864555076265,1.04312676002407,0.00857523682874443,0.00303835722125758,1.06038073619993,0.674566021141932,1.66686027825782,0.230776564679193,0.799459466397063,1.24050910565744,0.782951626767338,1.96546349558363,0.234803410836611,0.358680556818342,1.21362750377105,0.83582660586327,1.76219769456645,0.190283041608737,0.308913590978337,0.00693984469380665,0.639053939235357,0.20911568841549,1.95293782282274,0.569960080728606,0.432095924770991,0.405837670306478,0.142928912995552,1.15235057195822,0.532461752517177,0.0903324611229641,0.669639757610047,0.152157928486194,2.94705250941116,0.756044967974262,0.59582625015471,1.02605261004747,1.00722822792751,1.04522880653519,0.00944751685991456,0.00648282821927362,0.701135308728532,0.369656706504635,1.3298574393366,0.326600968796253,0.276983857274358,0.584921834119594,0.326569354849801,1.04765969907736,0.297370707171933,0.0713260908996161,1.19972983661981,0.763281697221529,1.88574111774888,0.230731032720641,0.429986348017336,2.02347837315852e-06,1.07221416543965,0.563397865755937,2.04055302024781,0.328319826620378,0.831817099963958,0.518441330528535,0.26232309383508,1.02461971331116,0.347582888124881,0.0587592100555359,0.507742630115611,0.155299152363236,1.66003854183139,0.604409786521745,0.262120832907146,1.02772275863223,1.01533884966933,1.04025771194968,0.00618533906213657,9.82410114154861e-06,0.949603034190243,0.664545176042059,1.35693697742867,0.182116192174386,0.776451443251114,0.911196339687276,0.643756996887946,1.28973941017065,0.177267070706358,0.599851172519176,1.29909467246947,0.988325232547496,1.70758259777351,0.139498006540372,0.0606854507090298
"TFAP2A",0.00315052449145666,1.04918130295238,0.764736655709073,1.43942545220902,0.161346788196161,0.766039962069588,0.279967007936091,0.0658200899786609,1.19084500732373,0.738659826553579,0.0847973378522782,0.470325287066027,0.0617880844508195,3.58007336883555,1.03558740559994,0.466363529178756,1.02650644989399,1.00934301237926,1.04396174417466,0.00860301748898385,0.00235842567224379,0.98309129603749,0.651628879789129,1.48315786227496,0.209813443970092,0.935220599919967,1.17734350156157,0.717545181052994,1.93177761801021,0.252647496497316,0.518150304830913,1.21086539482621,0.830809572724161,1.76477865990408,0.192192292322775,0.319473215267619,0.0033081043658728,1.28612586184695,0.958989407335282,1.72485714634515,0.149752619860025,0.0928922544996692,0.41379612222517,0.151838664849874,1.12769188887352,0.511516977025065,0.0845221528768511,0.592857557413978,0.133312324352515,2.63651605423559,0.761370870344423,0.492298504406325,1.02734638834823,1.00844740264312,1.04659955381498,0.00947325204076064,0.00440046441826729,0.815560836102797,0.473412781204238,1.40498842404033,0.277509346023782,0.462537271177823,0.565269724731206,0.321348264962533,0.994341331623333,0.288157097785327,0.0477420611214096,1.26001189719469,0.80692948220971,1.96749532155469,0.227371606734617,0.309395691351379,5.9991637977795e-07,1.19034244107433,0.975859558820723,1.45196623245159,0.101367999859412,0.0856333432543364,0.401712992704983,0.190353664286152,0.847755303861169,0.3810550388342,0.0166929995891765,0.500187421130896,0.152708390224547,1.63833471029124,0.605344140650455,0.252446438890747,1.02868876952641,1.01620642701991,1.0413244360725,0.00622891406204592,5.60113516547623e-06,0.910208956009239,0.663204025306655,1.24920885879176,0.161529254778684,0.560270408896285,0.809341343822397,0.562048450907711,1.16543940253258,0.186040512080889,0.255523779839354,1.27746125007925,0.972485860770113,1.67807812050011,0.139173196455346,0.0784932654665239
"RREB1",0.00321069564432655,1.1180994845709,0.376643130275809,3.31918029802441,0.555156884339104,0.840636852849323,0.308811483623004,0.0900960811870976,1.05847591993932,0.628508659059391,0.0615472385557996,0.459181605401189,0.0608763572237029,3.46354079571498,1.03093777528919,0.450277226150752,1.02607110528683,1.00896597376596,1.04346622232946,0.00857721356356751,0.00269421369062918,0.985550195788542,0.653177040415433,1.4870534760393,0.209877248660099,0.944710146801918,1.20914176252003,0.7660543657191,1.9085118071191,0.232868033600876,0.414769114220751,1.21911908007958,0.83965713775502,1.77006931113319,0.190253583826488,0.297693721559676,0.00877693201369303,1.02071937733596,0.235870378748481,4.41712118663322,0.747452774438248,0.978111412944044,0.465511801095429,0.167340729115493,1.2949700775449,0.522002153079274,0.142981202519616,0.642245918855512,0.144004022583532,2.86436318157219,0.762835470203072,0.56161459911702,1.02659489328863,1.00742800533987,1.04612644212798,0.00961591300766177,0.00634152022933787,0.800863792415756,0.46108418470341,1.39103190974792,0.281694077277789,0.430510967117118,0.635914257311511,0.369275843663826,1.09508095260135,0.277311131437991,0.102588531259688,1.24081470907879,0.795732694488679,1.93484715775768,0.226667505783363,0.34114011720604,2.0488286719349e-06,0.944346801316495,0.396874039772599,2.24703757813858,0.442291046988835,0.896988652257266,0.517820247681643,0.259950406798206,1.03149601576591,0.351607124180402,0.0612386499208961,0.507957633168467,0.154980578119044,1.66485994713428,0.605673495829067,0.263415932855104,1.02782973098414,1.01531605068136,1.04049764128714,0.00624989952168854,1.1231573536767e-05,0.935289996599657,0.679898345867705,1.2866149521558,0.162713878868415,0.680967822362742,0.903437197980765,0.643401312309502,1.26856870677738,0.173185806543974,0.557635746220971,1.29681923455153,0.987324250280325,1.70333112614759,0.139120564584438,0.0617246999201175
"INSM1",0.0032412310155547,0.992618728959295,0.885168005214298,1.11311291786041,0.058454731349279,0.899144902468768,0.308313462428888,0.0883507633404523,1.07590684585932,0.637665881496317,0.0650045297186226,0.461497775964834,0.0607528570252139,3.50568199833131,1.03454101220448,0.454785928094799,1.02621206080057,1.00916208022146,1.04355010396491,0.00854814143630386,0.00247071568127746,0.986531594854367,0.652165546608282,1.49232751209789,0.211175776645639,0.948801769985527,1.2244606864589,0.755566796659094,1.98434338209791,0.246324719354799,0.411027056704672,1.21619577235318,0.832960304652775,1.77575347639927,0.19311429291593,0.31080549619332,0.0042320920640195,0.905800116770014,0.785914252094861,1.04397375331162,0.0724354981543085,0.171983475554818,0.377280029142898,0.134033676368414,1.06197355953156,0.5280181769657,0.0648795487938881,0.711766259623375,0.159745729896203,3.17135993974567,0.762343705939388,0.655596852069206,1.02606989657007,1.00744376497894,1.04504039753456,0.00934694361823745,0.00589798783703605,0.800858328270387,0.46590509400832,1.37661955236872,0.276383706366166,0.421692260241128,0.724462630783379,0.409079653429655,1.28299244169529,0.291597344071954,0.268996116369403,1.24806015822614,0.801416535259923,1.94362617942026,0.226006663393873,0.326859150292523,1.5364731890327e-06,0.964067418207405,0.883195069491718,1.0523450808936,0.0447024209622879,0.413006379604645,0.467013243778807,0.229228113481242,0.951459952064961,0.363088294307046,0.035993207372834,0.531306337247995,0.162197355450903,1.74038857301423,0.605380983150581,0.296180733929805,1.02750496657182,1.01515687444667,1.04000325753123,0.00616865639480903,1.08947435221209e-05,0.922061516043735,0.671376447366731,1.26634981418176,0.16188151415366,0.616194196251795,0.948478171649771,0.663220192141516,1.35642860810869,0.182529744675082,0.771971832292697,1.2854799181486,0.978081321532304,1.68949000822806,0.139438576162235,0.0716992062295842
"TFAP2B",0.000489039076030065,0.568736114826259,0.330249906958719,0.979442420700212,0.277335144466883,0.0418647692900155,0.395745255884382,0.117136151860139,1.33702793772834,0.621151088126079,0.135603306213433,0.437059354022535,0.0578742508374208,3.30061946676783,1.0315477506492,0.422337109827637,1.02796498566749,1.01048534698147,1.04574699169561,0.00875033876009196,0.00162153858727217,1.04578500465095,0.692437030375754,1.57944510183013,0.210363957298391,0.831474235516393,1.39879072392588,0.873486435806876,2.24000672378351,0.240244604764124,0.162430617583966,1.25008518250749,0.859413025904148,1.81834917137861,0.191185832359878,0.243003788613385,0.00763207929007777,0.809506810560318,0.402520981681034,1.62799284053921,0.356474898511333,0.553292903416274,0.466773406017272,0.174428494866537,1.24909300359251,0.502217923186641,0.12924317755768,0.602063742593337,0.13420377346464,2.70097286229437,0.765832430540066,0.507627436976885,1.02728622720266,1.00815803880574,1.04677734241984,0.00958979482137045,0.0049972224761246,0.827427496124127,0.476415786477017,1.4370562033743,0.281653395591157,0.50121599148857,0.696156335151867,0.376888400111649,1.28588102692604,0.313079799792931,0.247340622130757,1.25376189628299,0.803672946661499,1.95591863468958,0.226897753039636,0.318911094777893,5.42588663025586e-07,0.709299184407239,0.474019598853831,1.06135977123577,0.205630691633819,0.0948476023463596,0.540563284638765,0.275423195023383,1.0609442849381,0.344038418627026,0.0737746615376482,0.475049221881563,0.144888834960439,1.55755109268355,0.605853801448126,0.219231180418576,1.02843663172929,1.01586171081173,1.04116721225525,0.00627694564986217,7.92828246491342e-06,0.980314402227864,0.711374192070063,1.35092942354131,0.163612576634064,0.903280433686585,1.02177460203367,0.709577039686841,1.4713319047384,0.186037666807718,0.907820594649473,1.32676372211661,1.00854667843489,1.74538473227282,0.139917021504737,0.0433016805743899
"KLF6",0.00133027398450287,1.17479139170836,0.952797109918528,1.44850860657006,0.106861089648195,0.131688535557175,0.256894301408096,0.0731282780182761,0.902450924380584,0.641057488552003,0.0339996416728171,0.436615158011196,0.0577840697228305,3.29905451657419,1.0318245898441,0.421891850922885,1.02763489571315,1.01034445728025,1.04522123249938,0.00865762062388597,0.00164018288550976,0.97849480703682,0.651090539091334,1.47053601598059,0.207844008097468,0.916695826247119,1.26100385198539,0.796988901641467,1.99517297097487,0.234097483811217,0.321857683643407,1.22205934644352,0.840636326009424,1.77654593314971,0.190887980848259,0.293465179886092,0.000376179626618925,1.51909631784228,1.14251734882896,2.01979744574316,0.145350426807168,0.00401979609345853,0.377927464453963,0.142384326726106,1.0031242319483,0.498056272529576,0.0507365981811995,0.360000317019925,0.0719983930415912,1.80004334512828,0.821168717821194,0.21344736120896,1.03081405514364,1.01170045750816,1.05028875730554,0.00954930732606491,0.00148233906151567,0.794373638072861,0.460597500581117,1.37002366723434,0.278081317231902,0.407772292652244,0.848787734900821,0.473427155913378,1.52175600811941,0.297868268431865,0.582046322294225,1.33836970149732,0.852643681368834,2.10079954502259,0.230037785881917,0.205164060035657,1.87991233040567e-08,1.3271933929009,1.12149272487203,1.57062303044436,0.085922953172052,0.000986242531341744,0.399496312177206,0.200466297687779,0.796130348512526,0.351821971333195,0.0091073677587942,0.375897941344359,0.111320949300515,1.26929623934022,0.620878862701264,0.115050853746523,1.03008625764459,1.01754535482714,1.04278172285351,0.00624977397945056,2.10598560811418e-06,0.912868056801832,0.665993441533163,1.25125569887111,0.160876186295151,0.570937492450748,1.02550437033397,0.72469237254945,1.4511801881871,0.177142330583789,0.88694467954959,1.31606040553078,1.00165799621074,1.72914807005788,0.139281186598254,0.0486258102932489
"SOX15",0.0016487616672593,0.780694338148463,0.538142873714701,1.13256846719889,0.189829820510939,0.192173433312536,0.279025466209116,0.0806755828864952,0.96504057371053,0.633107088266781,0.0437820856656061,0.436978605925293,0.0578826160803911,3.29892314768926,1.03137973659696,0.422157947230171,1.02601968986665,1.0089197328103,1.04340947030718,0.00857503026673419,0.00273949802715421,0.84741288221969,0.528092710027754,1.35981538717727,0.241288201412766,0.492599344651596,1.10465783340907,0.686833291734332,1.776659552758,0.242453083413732,0.681413058117309,1.13300462114838,0.769733920418796,1.66771846412218,0.197240074573467,0.526667118989604,0.00816005827475294,0.916199096289918,0.61908982814743,1.35589497012793,0.199995162079548,0.661662854303026,0.460602448523954,0.172368244090868,1.23082193419815,0.50148990941456,0.122144748672139,0.681539809716239,0.15078503673355,3.08052126583921,0.769656713810885,0.618381871534674,1.02683474112837,1.00806608302905,1.04595284311116,0.00941204935113223,0.00490020994322705,0.77558320018878,0.441274529754039,1.36316342742545,0.287733891521942,0.377102983268907,0.609802449902072,0.343805333688813,1.08159761198803,0.292382640629605,0.090705463073623,1.23942604370609,0.795382972409722,1.93136761925249,0.226320464049121,0.342912196637738,1.12910563985756e-06,0.859593195043334,0.66692879204465,1.1079150724615,0.129479913229851,0.242609024715092,0.486852795060615,0.247139399803311,0.959076716407714,0.34592944807421,0.037456590681488,0.540030376042911,0.165324883524205,1.76399826107454,0.60394623075233,0.307646223252617,1.02800202961076,1.01566435239476,1.04048957747914,0.00616042371042449,7.36030652219796e-06,0.863282634002027,0.61315288400014,1.21545038051115,0.174558223583951,0.399675360174607,0.844303641528363,0.590066242402406,1.20808239460666,0.182797945120674,0.354525056795975,1.26347085297143,0.958995180787969,1.66461586907735,0.140682079176057,0.0964430099771435
"KLF11",0.00315360120419423,0.957747776434851,0.716804248180047,1.27968103648222,0.147850509486462,0.770294544967387,0.322936811141759,0.0940103684582609,1.10932640410521,0.629629729803101,0.0726250492687836,0.441310897496215,0.0578823146928239,3.36467726424665,1.03641583920394,0.429957746504597,1.02587990325812,1.00869167163889,1.04336102448326,0.00862085740383657,0.00303844020070635,1.0150974814316,0.655067369977307,1.57300293684981,0.223474434155549,0.946539447976717,1.2276944927262,0.772027977346959,1.95230459477621,0.236673993774531,0.386077080709906,1.24587394439851,0.839257837747616,1.84949346376896,0.201572352512344,0.275443602249957,0.00831879692907169,1.06283020981484,0.774645737301228,1.45822535450912,0.161372774720366,0.705723162828116,0.429752018768921,0.14596957372168,1.26524174132416,0.550933664847043,0.125291227202284,0.655456611767411,0.148381166562099,2.89540364093184,0.75794642603704,0.577304787521396,1.02660359622221,1.00783040558185,1.04572648130011,0.00941648278320402,0.00529872721603196,0.776036785061933,0.439091688387909,1.37154290936435,0.290562315603226,0.382861099610583,0.610542095213959,0.341755325298203,1.09072667617686,0.296052473341014,0.0955892752539193,1.22711259130766,0.784871600383664,1.91853713525846,0.228013916311409,0.369402039489983,2.04247810029308e-06,0.983791903004797,0.799445285101044,1.21064759084228,0.10586740475942,0.877331905617542,0.521637324528327,0.257215907323884,1.0578875201464,0.360749857073295,0.0712356652267052,0.507223364095527,0.154717847771574,1.66286918277345,0.605801104076339,0.262498168987548,1.02766391500421,1.01527010805327,1.04020901809744,0.00619066949475859,1.04351989062435e-05,0.940610628076628,0.673518522148708,1.31362141434228,0.170418321217803,0.719393904729817,0.911291945832711,0.638873550505059,1.29987070193007,0.18120576086866,0.608208401477944,1.30292914184004,0.984103218084339,1.72504704532988,0.14318600193618,0.0645950847232784
"PLAGL1",0.000662290107192599,0.807356519709662,0.650168560176445,1.00254701602428,0.110478408699026,0.0527528161355015,0.313655045815547,0.0932717201895378,1.05476223195665,0.618775067145013,0.0609578278782664,0.57976932962376,0.0755818956443429,4.44726177753048,1.03951580440088,0.599998433787347,1.02480605812191,1.00739701545752,1.04251595016528,0.00874178889430554,0.0050626996759869,1.25873367964802,0.788821054284699,2.00858035884576,0.238433964931175,0.334508212402562,1.14801667006665,0.726048271664101,1.81522679164319,0.233766844106416,0.554865528299123,1.29817642221864,0.887577776817791,1.89872039073186,0.19399318363532,0.178559163553581,0.00877905833165682,1.00125891572119,0.797789359655655,1.25662169365592,0.115904579089391,0.991339272604538,0.467258756166767,0.174591038349891,1.25052664373853,0.502272938877549,0.129808412237472,0.641144078885433,0.144342284270954,2.84785384938355,0.760762321313628,0.559029411413695,1.02662571228362,1.00745732344738,1.04615880850947,0.00961638170761033,0.00628426985088429,0.802003078314698,0.466063020853275,1.38009004972902,0.276939570101214,0.425614633775793,0.635559393550269,0.369709716725658,1.0925754029606,0.276427220993646,0.101073565250059,1.24108193791445,0.796209924609254,1.93452044367997,0.226471474365987,0.340240696709469,1.25472515942038e-06,0.927357018674593,0.805396770546713,1.06778555804397,0.0719419271417812,0.294500845476866,0.524791259946103,0.267526203107298,1.02945380047636,0.343773187497202,0.0607207381434674,0.511244633623121,0.156603386411461,1.66900014998214,0.603649767106165,0.266388573881958,1.0280347911688,1.01558173376809,1.040640547888,0.00621818822941441,8.72913754581958e-06,0.978973465282422,0.705278434884282,1.35888040570009,0.167305048923965,0.898926208701439,0.892894684933264,0.635109862513125,1.25531182152851,0.173814747028025,0.514551779524414,1.31142789488428,0.997111700276991,1.7248249348622,0.1398030886101,0.0524679440342866
"RUNX1",0.00317718337089398,0.853151675460809,0.253803771854341,2.86783673868846,0.618570513894585,0.797371828327105,0.31395124038303,0.0926642467656879,1.06368297135439,0.622590510554719,0.0627721603717431,0.455000500293695,0.0603716064693649,3.42918579402995,1.03051873992707,0.444786031714828,1.02587294972542,1.00861355849654,1.04342768358884,0.00865691159630695,0.00317059521560285,1.01306777892715,0.652510361762595,1.57285827910545,0.224448712028577,0.953872461052974,1.21235876452061,0.768450392117034,1.91269831987554,0.232630358226263,0.407792433986916,1.23197693227153,0.844203410685249,1.79786902355344,0.192851475646974,0.279356583068336,0.0043816466254385,3.13863475370328,0.600391176907923,16.4076830174086,0.843873561601212,0.175289512627556,0.37159687346344,0.128835451854471,1.07178757384093,0.540455630016951,0.0669980295611443,0.771025741205032,0.169408675745578,3.50915141142816,0.773181434085014,0.736632359423965,1.02972582299487,1.01019831194109,1.04963080813808,0.00976850373496714,0.00271155690592463,0.703576811022162,0.39617673381299,1.24949368995955,0.293024081072211,0.230206509072423,0.623819756098179,0.362492172925315,1.07354342290466,0.276973758899303,0.0884279625861246,1.2764193565018,0.818250788272959,1.99113327723305,0.226863955648928,0.282019597538497,2.0178839965041e-06,1.11788816669739,0.428280239032862,2.91788842759604,0.48950842009295,0.81991080467005,0.505984320204597,0.255191735155147,1.00324617541887,0.349236272338699,0.0510946515036115,0.516479762127182,0.15791187122883,1.68924187023534,0.604602438638863,0.274474627633671,1.02796419112914,1.01539853291261,1.04068535062059,0.00627519398219311,1.1070326709913e-05,0.920593960370939,0.658245310061803,1.28750365086821,0.171146714929229,0.628795628840211,0.903536434503305,0.643524075644488,1.26860535506359,0.173144505679206,0.557968032426142,1.29494050709708,0.985925360489898,1.70080919319047,0.139104280653278,0.0631598268234642
