"Term","Overlap","P.value","Adjusted.P.value","Old.P.value","Old.Adjusted.P.value","Odds.Ratio","Combined.Score","Genes"
"Positive Regulation Of Cell Population Proliferation (GO:0008284)","9/483",3.20405352571083e-06,0.0018855081963109,0,0,8.80424954792043,111.383387071807,"NR4A3;SPHK1;PDGFB;PTK2B;HAS2;HMOX1;SCN5A;DYNAP;HBEGF"
"Positive Regulation Of Blood Vessel Endothelial Cell Migration (GO:0043536)","4/46",5.65369774006266e-06,0.0018855081963109,0,0,40.338399189463,487.416975727511,"PDGFB;HMOX1;GATA2;PTGS2"
"Positive Regulation Of Cell Migration Involved In Sprouting Angiogenesis (GO:0090050)","3/16",8.54481619992012e-06,0.00189979746844891,0,0,95.8461538461538,1118.54241893154,"HMOX1;GATA2;PTGS2"
"Regulation Of Cell Migration Involved In Sprouting Angiogenesis (GO:0090049)","3/30",6.04102776735879e-05,0.0100734138020708,0,0,46.1157407407407,447.984506353784,"HMOX1;GATA2;PTGS2"
"Positive Regulation Of Vascular Associated Smooth Muscle Cell Migration (GO:1904754)","2/7",0.00013278706358199,0.0163119809586959,0,0,162.808163265306,1453.35000816089,"NR4A3;PDGFB"
"Cellular Response To Platelet-Derived Growth Factor Stimulus (GO:0036120)","2/8",0.000176760867397907,0.0163119809586959,0,0,135.666666666667,1172.25669919875,"PDGFB;HAS2"
"Positive Regulation Of Blood Vessel Endothelial Cell Proliferation Involved In Sprouting Angiogenesis (GO:1903589)","2/8",0.000176760867397907,0.0163119809586959,0,0,135.666666666667,1172.25669919875,"HMOX1;GATA2"
"Response To Platelet-Derived Growth Factor (GO:0036119)","2/9",0.00022689356243183,0.0163119809586959,0,0,116.279883381924,975.707936180679,"PDGFB;HAS2"
"Positive Regulation Of Smooth Muscle Cell Proliferation (GO:0048661)","3/47",0.000234013700124142,0.0163119809586959,0,0,28.2741477272727,236.375575994933,"NR4A3;PDGFB;HMOX1"
"Positive Regulation Of Cell Motility (GO:2000147)","5/221",0.000244557435662608,0.0163119809586959,0,0,9.93005233494364,82.5789146544443,"SPHK1;PDGFB;PTK2B;HAS2;HBEGF"
"Regulation Of Smooth Muscle Cell Proliferation (GO:0048660)","3/54",0.00035350099215855,0.0214350147063411,0,0,24.3848039215686,193.801259367725,"NR4A3;PDGFB;HMOX1"
"Regulation Of Vascular Associated Smooth Muscle Cell Migration (GO:1904752)","2/12",0.000413940999133227,0.0224013903715557,0,0,81.3836734693878,633.961490431445,"NR4A3;PDGFB"
"Glycosaminoglycan Biosynthetic Process (GO:0006024)","3/58",0.000436608807841415,0.0224013903715557,0,0,22.6068181818182,174.897037130885,"CHST11;DSEL;HAS2"
"Hyaluronan Metabolic Process (GO:0030212)","2/14",0.00056887832293831,0.0237492319370765,0,0,67.812925170068,506.687597403379,"TNFAIP6;HAS2"
"Positive Regulation Of Cell Migration (GO:0030335)","5/272",0.000631910705776284,0.0237492319370765,0,0,8.01253867448298,59.0264691335318,"SPHK1;PDGFB;PTK2B;HAS2;HBEGF"
"Platelet-Derived Growth Factor Receptor Signaling Pathway (GO:0048008)","2/15",0.000655328635916484,0.0237492319370765,0,0,62.5934065934066,458.83306235776,"NR4A3;PDGFB"
"Peptidyl-Serine Phosphorylation (GO:0018105)","4/158",0.000701899114780903,0.0237492319370765,0,0,10.939486045869,79.4394941854802,"RPS6KA3;DYRK3;MAST4;PDGFB"
"Positive Regulation Of Cellular Process (GO:0048522)","7/594",0.000732796447326459,0.0237492319370765,0,0,5.24756078674307,37.8802658029491,"RPS6KA3;SPHK1;PDGFB;PTK2B;HAS2;DYNAP;HBEGF"
"Positive Regulation Of Smooth Muscle Cell Migration (GO:0014911)","2/16",0.000747726942546638,0.0237492319370765,0,0,58.1195335276968,418.371875244538,"NR4A3;PDGFB"
"Chondroitin Sulfate Metabolic Process (GO:0030204)","2/16",0.000747726942546638,0.0237492319370765,0,0,58.1195335276968,418.371875244538,"CHST11;DSEL"
"Regulation Of Blood Vessel Endothelial Cell Proliferation Involved In Sprouting Angiogenesis (GO:1903587)","2/16",0.000747726942546638,0.0237492319370765,0,0,58.1195335276968,418.371875244538,"HMOX1;GATA2"
"Peptidyl-Serine Modification (GO:0018209)","4/166",0.000844088781614269,0.025591237151669,0,0,10.3950617283951,73.5684805281848,"RPS6KA3;DYRK3;MAST4;PDGFB"
"Positive Regulation Of Endothelial Cell Proliferation (GO:0001938)","3/77",0.00100041380907377,0.0290120004631394,0,0,16.7863175675676,115.948828898342,"PDGFB;HMOX1;GATA2"
"Regulation Of Neuroinflammatory Response (GO:0150077)","2/19",0.00106031340178179,0.029467876624519,0,0,47.8559423769508,327.77447798035,"SPHK1;PTGS2"
"Activation Of Protein Kinase Activity (GO:0032147)","3/81",0.00115852652730812,0.030174253850033,0,0,15.9222756410256,107.644237269789,"PDGFB;PTK2B;DYNAP"
"Positive Regulation Of Vascular Associated Smooth Muscle Cell Proliferation (GO:1904707)","2/20",0.00117620779625316,0.030174253850033,0,0,45.1950113378685,304.861129772852,"NR4A3;PDGFB"
"Positive Regulation Of Endothelial Cell Migration (GO:0010595)","3/85",0.00133159152353618,0.0328952424518011,0,0,15.1425304878049,100.264454849509,"PDGFB;PTK2B;GATA2"
"Positive Regulation Of Vascular Endothelial Growth Factor Production (GO:0010575)","2/24",0.00169750013073722,0.0402700131796481,0,0,36.9703153988868,235.818802840274,"CCBE1;PTGS2"
"Activation Of Protein Kinase B Activity (GO:0032148)","2/25",0.00184210688477969,0.0402700131796481,0,0,35.3611357586513,222.6636020827,"PDGFB;DYNAP"
"Regulation Of Protein Processing (GO:0070613)","2/25",0.00184210688477969,0.0402700131796481,0,0,35.3611357586513,222.6636020827,"CCBE1;PLAUR"
"Regulation Of Canonical Wnt Signaling Pathway (GO:0060828)","4/207",0.001904256253373,0.0402700131796481,0,0,8.27837752856095,51.8529733570926,"JADE1;PRDM15;LYPD6;BICC1"
"Positive Regulation Of Phosphatidylinositol 3-Kinase Activity (GO:0043552)","2/26",0.00199236946765875,0.0402700131796481,0,0,33.8860544217687,210.71807980633,"PDGFB;PTK2B"
"Regulation Of Vascular Endothelial Growth Factor Production (GO:0010574)","2/26",0.00199236946765875,0.0402700131796481,0,0,33.8860544217687,210.71807980633,"CCBE1;PTGS2"
"Positive Regulation Of Fibroblast Proliferation (GO:0048146)","2/28",0.00230974767968357,0.045224018395182,0,0,31.276295133438,189.866408620947,"SPHK1;PDGFB"
"Positive Regulation Of Vasculature Development (GO:1904018)","3/104",0.00237307442853279,0.045224018395182,0,0,12.2821782178218,74.2281907593447,"SPHK1;HMOX1;GATA2"
"Positive Regulation Of Lipid Kinase Activity (GO:0090218)","2/30",0.00264940692474591,0.0490876227445979,0,0,29.0393586005831,172.302695601263,"PDGFB;PTK2B"
"Regulation Of Cell Population Proliferation (GO:0042127)","7/766",0.00313866679002946,0.0538867516296397,0,0,4.02233800455144,23.1845839347907,"NR4A3;PDGFB;PTK2B;HAS2;IGFBP7;DYNAP;HBEGF"
"Cardiac Muscle Contraction (GO:0060048)","2/33",0.00320017839999247,0.0538867516296397,0,0,26.2251481237656,150.651641105406,"TNNT2;SCN5A"
"Positive Regulation Of Epidermal Growth Factor Receptor Signaling Pathway (GO:0045742)","2/33",0.00320017839999247,0.0538867516296397,0,0,26.2251481237656,150.651641105406,"PLAUR;HBEGF"
"Regulation Of Phosphatidylinositol 3-Kinase Activity (GO:0043551)","2/34",0.00339466542068064,0.0538867516296397,0,0,25.4043367346939,144.437628587568,"PDGFB;PTK2B"
"Regulation Of DNA Biosynthetic Process (GO:2000278)","2/34",0.00339466542068064,0.0538867516296397,0,0,25.4043367346939,144.437628587568,"JADE1;PDGFB"
"Positive Regulation Of Carbohydrate Metabolic Process (GO:0045913)","2/34",0.00339466542068064,0.0538867516296397,0,0,25.4043367346939,144.437628587568,"PDGFB;SLC4A4"
"Positive Regulation Of Angiogenesis (GO:0045766)","3/119",0.00347395850086133,0.0538867516296397,0,0,10.6858836206897,60.508394517462,"SPHK1;HMOX1;GATA2"
"Positive Regulation Of Epithelial Cell Proliferation (GO:0050679)","3/123",0.00381207244278332,0.0577875527121926,0,0,10.3276041666667,57.5204412595572,"NR4A3;PDGFB;SCN5A"
"Regulation Of Vascular Associated Smooth Muscle Cell Proliferation (GO:1904705)","2/37",0.00401042670494095,0.0594434358265692,0,0,23.2233236151603,128.16621679983,"NR4A3;PDGFB"
"Positive Regulation Of Protein Tyrosine Kinase Activity (GO:0061098)","2/38",0.00422635517856509,0.0612821500891938,0,0,22.5770975056689,123.415791624711,"PDGFB;HBEGF"
"Regulation Of Cell Migration (GO:0030334)","5/434",0.00486514561946256,0.0681699156018481,0,0,4.94577885882234,26.3395298701349,"SPHK1;PDGFB;PTK2B;HAS2;HBEGF"
"Heart Contraction (GO:0060047)","2/41",0.00490578103281666,0.0681699156018481,0,0,20.8372579801151,110.79880549074,"TNNT2;SCN5A"
"Positive Regulation Of miRNA Transcription (GO:1902895)","2/43",0.00538482681577297,0.0732995813493993,0,0,19.8188153310105,103.536863051939,"PDGFB;GATA2"
"Positive Regulation Of Leukocyte Cell-Cell Adhesion (GO:1903039)","2/44",0.0056320972485067,0.0751321772950793,0,0,19.3459669582119,100.198051931233,"NR4A3;HAS2"
"Epidermal Growth Factor Receptor Signaling Pathway (GO:0007173)","2/45",0.00588449693055528,0.0755777707382194,0,0,18.8951115329853,97.0345986776113,"PTK2B;HBEGF"
"Transmembrane Receptor Protein Tyrosine Kinase Signaling Pathway (GO:0007169)","4/284",0.00589212005755233,0.0755777707382194,0,0,5.97841945288754,30.6940388880414,"NR4A3;FLRT2;PDGFB;PTK2B"
"Regulation Of Fibroblast Proliferation (GO:0048145)","2/46",0.00614199915043744,0.0772964798743731,0,0,18.4647495361781,94.033675724603,"SPHK1;PDGFB"
"Positive Regulation Of miRNA Metabolic Process (GO:2000630)","2/49",0.00694485540309864,0.0832441514506718,0,0,17.2835432045158,85.8949601055436,"PDGFB;GATA2"
"Negative Regulation Of Cysteine-Type Endopeptidase Activity Involved In Apoptotic Process (GO:0043154)","2/49",0.00694485540309864,0.0832441514506718,0,0,17.2835432045158,85.8949601055436,"RPS6KA3;PLAUR"
"Regulation Of Cellular Component Organization (GO:0051128)","3/153",0.00698901421474905,0.0832441514506718,0,0,8.24958333333333,40.9461119351709,"SPHK1;JADE1;METTL4"
"Cell Chemotaxis (GO:0060326)","2/50",0.00722250262714212,0.0832915158109163,0,0,16.922619047619,83.4378830060969,"PDGFB;HBEGF"
"Cellular Response To Growth Factor Stimulus (GO:0071363)","3/155",0.00724274050529707,0.0832915158109163,0,0,8.14021381578947,40.112984389952,"SPHK1;PDGFB;HAS2"
"Sprouting Angiogenesis (GO:0002040)","2/52",0.00779268229845081,0.0880969337807914,0,0,16.2440816326531,78.8580338487459,"CCBE1;PTK2B"
"Blood Vessel Morphogenesis (GO:0048514)","2/53",0.00808516259177118,0.0887484286960612,0,0,15.9247699079632,76.7211569429203,"CCBE1;HAS2"
"ERBB Signaling Pathway (GO:0038127)","2/54",0.0083825352441557,0.0887484286960612,0,0,15.6177394034537,74.6778588702288,"PTK2B;HBEGF"
"Peptidyl-Tyrosine Modification (GO:0018212)","2/54",0.0083825352441557,0.0887484286960612,0,0,15.6177394034537,74.6778588702288,"PDGFB;PTK2B"
"Regulation Of Blood Vessel Endothelial Cell Migration (GO:0043535)","2/54",0.0083825352441557,0.0887484286960612,0,0,15.6177394034537,74.6778588702288,"PDGFB;GATA2"
"Protein Phosphorylation (GO:0006468)","5/500",0.00873612709948857,0.0910468246149824,0,0,4.27184892402284,20.2497955215497,"RPS6KA3;DYRK3;MAST4;PDGFB;PTK2B"
"Positive Regulation Of Cytokine Production (GO:0001819)","4/320",0.00890423821915117,0.0913711829565205,0,0,5.28763802854834,24.9641442446752,"CCBE1;SPHK1;HMOX1;PTGS2"
"Striated Muscle Contraction (GO:0006941)","2/57",0.00930374945847701,0.0940242558909722,0,0,14.7636363636364,69.0545143182893,"TNNT2;SCN5A"
"Metal Ion Transport (GO:0030001)","3/171",0.00946982586566847,0.0942742366029981,0,0,7.35900297619048,34.2903396564639,"SLC41A2;SCN5A;SLC4A4"
"Regulation Of Phagocytosis (GO:0050764)","2/58",0.00962043412262824,0.0943651405851917,0,0,14.4992711370262,67.3326706374396,"SPHK1;GATA2"
"Regulation Of miRNA Transcription (GO:1902893)","2/59",0.00994188290783623,0.0961048681090836,0,0,14.2441818832796,65.6799062673964,"PDGFB;GATA2"
"Fat Cell Differentiation (GO:0045444)","2/62",0.0109345608098483,0.0983261782877666,0,0,13.5299319727891,61.0988292610534,"NR4A3;GATA2"
"Positive Regulation Of Cell Cycle (GO:0045787)","2/65",0.0119692083073165,0.0983261782877666,0,0,12.8837058632977,57.0157825630268,"SPHK1;PDGFB"
"Peptidyl-Tyrosine Phosphorylation (GO:0018108)","2/67",0.0126819574677714,0.0983261782877666,0,0,12.4860282574568,54.5336644602373,"PDGFB;PTK2B"
"Regulation Of Glomerular Filtration (GO:0003093)","1/5",0.0126862849341824,0.0983261782877666,0,0,99.725,435.522390256301,"PDGFB"
"Negative Regulation Of Nervous System Process (GO:0031645)","1/5",0.0126862849341824,0.0983261782877666,0,0,99.725,435.522390256301,"JAM2"
"Regulation Of Hyaluronan Biosynthetic Process (GO:1900125)","1/5",0.0126862849341824,0.0983261782877666,0,0,99.725,435.522390256301,"PDGFB"
"Inflammatory Response To Wounding (GO:0090594)","1/5",0.0126862849341824,0.0983261782877666,0,0,99.725,435.522390256301,"HMOX1"
"Regulation Of Type B Pancreatic Cell Proliferation (GO:0061469)","1/5",0.0126862849341824,0.0983261782877666,0,0,99.725,435.522390256301,"NR4A3"
"Regulation Of Ventricular Cardiac Muscle Cell Membrane Depolarization (GO:0060373)","1/5",0.0126862849341824,0.0983261782877666,0,0,99.725,435.522390256301,"SCN5A"
"Response To Catecholamine (GO:0071869)","1/5",0.0126862849341824,0.0983261782877666,0,0,99.725,435.522390256301,"NR4A3"
"Dermatan Sulfate Metabolic Process (GO:0030205)","1/5",0.0126862849341824,0.0983261782877666,0,0,99.725,435.522390256301,"DSEL"
"Dermatan Sulfate Proteoglycan Metabolic Process (GO:0050655)","1/5",0.0126862849341824,0.0983261782877666,0,0,99.725,435.522390256301,"DSEL"
"snRNA Modification (GO:0040031)","1/5",0.0126862849341824,0.0983261782877666,0,0,99.725,435.522390256301,"METTL4"
"Endothelin Receptor Signaling Pathway (GO:0086100)","1/5",0.0126862849341824,0.0983261782877666,0,0,99.725,435.522390256301,"PTK2B"
"Positive Regulation Of Fever Generation (GO:0031622)","1/5",0.0126862849341824,0.0983261782877666,0,0,99.725,435.522390256301,"PTGS2"
"Sulfur Compound Biosynthetic Process (GO:0044272)","2/70",0.0137850641096028,0.0983261782877666,0,0,11.9333733493397,51.1245951358328,"CHST11;DSEL"
"Positive Regulation Of Cell-Substrate Adhesion (GO:0010811)","2/71",0.0141617305863652,0.0983261782877666,0,0,11.75983436853,50.0641077757277,"PDGFB;PTK2B"
"Cellular Response To Hypoxia (GO:0071456)","2/72",0.0145428386908298,0.0983261782877666,0,0,11.5912536443149,49.0386136482717,"HMOX1;PTGS2"
"Cellular Response To Decreased Oxygen Levels (GO:0036294)","2/73",0.0149283642566728,0.0983261782877666,0,0,11.4274216728945,48.0465056814403,"HMOX1;PTGS2"
"AV Node Cell Action Potential (GO:0086016)","1/6",0.0152045515346865,0.0983261782877666,0,0,79.776,333.955136289159,"SCN5A"
"AV Node Cell To Bundle Of His Cell Communication (GO:0086067)","1/6",0.0152045515346865,0.0983261782877666,0,0,79.776,333.955136289159,"SCN5A"
"Positive Regulation Of Mast Cell Activation (GO:0033005)","1/6",0.0152045515346865,0.0983261782877666,0,0,79.776,333.955136289159,"NR4A3"
"SA Node Cell Action Potential (GO:0086015)","1/6",0.0152045515346865,0.0983261782877666,0,0,79.776,333.955136289159,"SCN5A"
"Vascular Wound Healing (GO:0061042)","1/6",0.0152045515346865,0.0983261782877666,0,0,79.776,333.955136289159,"GATA2"
"Regulation Of Inositol Phosphate Biosynthetic Process (GO:0010919)","1/6",0.0152045515346865,0.0983261782877666,0,0,79.776,333.955136289159,"PTK2B"
"Histone H4-K12 Acetylation (GO:0043983)","1/6",0.0152045515346865,0.0983261782877666,0,0,79.776,333.955136289159,"JADE1"
"Hyaluronan Biosynthetic Process (GO:0030213)","1/6",0.0152045515346865,0.0983261782877666,0,0,79.776,333.955136289159,"HAS2"
"Positive Regulation Of Unsaturated Fatty Acid Biosynthetic Process (GO:2001280)","1/6",0.0152045515346865,0.0983261782877666,0,0,79.776,333.955136289159,"PTGS2"
"Regulation Of Prostaglandin Biosynthetic Process (GO:0031392)","1/6",0.0152045515346865,0.0983261782877666,0,0,79.776,333.955136289159,"PTGS2"
"Marginal Zone B Cell Differentiation (GO:0002315)","1/6",0.0152045515346865,0.0983261782877666,0,0,79.776,333.955136289159,"PTK2B"
"Cellular Response To Monoamine Stimulus (GO:0071868)","1/6",0.0152045515346865,0.0983261782877666,0,0,79.776,333.955136289159,"NR4A3"
"Regulation Of Vascular Associated Smooth Muscle Cell Differentiation (GO:1905063)","1/6",0.0152045515346865,0.0983261782877666,0,0,79.776,333.955136289159,"PDGFB"
"Regulation Of Atrial Cardiac Muscle Cell Membrane Depolarization (GO:0060371)","1/6",0.0152045515346865,0.0983261782877666,0,0,79.776,333.955136289159,"SCN5A"
"Regulation Of Atrial Cardiac Muscle Cell Membrane Repolarization (GO:0060372)","1/6",0.0152045515346865,0.0983261782877666,0,0,79.776,333.955136289159,"SCN5A"
"Regulation Of Angiogenesis (GO:0045765)","3/205",0.0154067278287438,0.0983261782877666,0,0,6.10983910891089,25.4960591763983,"SPHK1;HMOX1;GATA2"
"Positive Regulation Of Protein Phosphorylation (GO:0001934)","4/377",0.0154786337634415,0.0983261782877666,0,0,4.46660201928013,18.6181134028902,"SPHK1;PLAUR;PDGFB;PTK2B"
"Negative Regulation Of Cell Population Proliferation (GO:0008285)","4/379",0.0157526609953329,0.0984743333736836,0,0,4.44232624113475,18.4389677690102,"PTK2B;HMOX1;IGFBP7;GATA2"
"Negative Regulation Of Programmed Cell Death (GO:0043069)","4/381",0.0160297462202917,0.0984743333736836,0,0,4.41830803092725,18.2622329853888,"RPS6KA3;SPHK1;PLAUR;PTK2B"
"Negative Regulation Of Neural Precursor Cell Proliferation (GO:2000178)","1/7",0.0177165217463899,0.0984743333736836,0,0,66.4766666666667,268.11752389985,"GATA2"
"Venous Blood Vessel Development (GO:0060841)","1/7",0.0177165217463899,0.0984743333736836,0,0,66.4766666666667,268.11752389985,"CCBE1"
"Negative Regulation Of Vascular Associated Smooth Muscle Cell Differentiation (GO:1905064)","1/7",0.0177165217463899,0.0984743333736836,0,0,66.4766666666667,268.11752389985,"PDGFB"
"Atrial Cardiac Muscle Cell To AV Node Cell Signaling (GO:0086026)","1/7",0.0177165217463899,0.0984743333736836,0,0,66.4766666666667,268.11752389985,"SCN5A"
"Positive Regulation Of Vascular Endothelial Growth Factor Signaling Pathway (GO:1900748)","1/7",0.0177165217463899,0.0984743333736836,0,0,66.4766666666667,268.11752389985,"CCBE1"
"Leukocyte Aggregation (GO:0070486)","1/7",0.0177165217463899,0.0984743333736836,0,0,66.4766666666667,268.11752389985,"JAM2"
"Regulation Of Stem Cell Division (GO:2000035)","1/7",0.0177165217463899,0.0984743333736836,0,0,66.4766666666667,268.11752389985,"PRDM15"
"protein-RNA Complex Disassembly (GO:0032988)","1/7",0.0177165217463899,0.0984743333736836,0,0,66.4766666666667,268.11752389985,"DYRK3"
"Cellular Response To Leptin Stimulus (GO:0044320)","1/7",0.0177165217463899,0.0984743333736836,0,0,66.4766666666667,268.11752389985,"NR4A3"
"Monosaccharide Biosynthetic Process (GO:0046364)","1/7",0.0177165217463899,0.0984743333736836,0,0,66.4766666666667,268.11752389985,"DSEL"
"Regulation Of DNA-templated Transcription In Response To Stress (GO:0043620)","1/7",0.0177165217463899,0.0984743333736836,0,0,66.4766666666667,268.11752389985,"RPS6KA3"
"Positive Regulation Of Calcium Ion Import (GO:0090280)","1/7",0.0177165217463899,0.0984743333736836,0,0,66.4766666666667,268.11752389985,"PDGFB"
"Dermatan Sulfate Proteoglycan Biosynthetic Process (GO:0050651)","1/7",0.0177165217463899,0.0984743333736836,0,0,66.4766666666667,268.11752389985,"DSEL"
"Positive Regulation Of Growth (GO:0045927)","2/81",0.0181687270874176,0.0999127006432725,0,0,10.2660811159907,41.1470018837552,"RPS6KA3;SPHK1"
"Sodium Ion Transmembrane Transport (GO:0035725)","2/82",0.0185929371096228,0.0999127006432725,0,0,10.1372448979592,40.3966522374426,"SCN5A;SLC4A4"
"Cellular Response To Oxygen-Containing Compound (GO:1901701)","4/406",0.0197554384447467,0.0999127006432725,0,0,4.13824494548534,16.2398241427014,"NR4A3;PDGFB;PTK2B;SCN5A"
"Positive Regulation Of Canonical Wnt Signaling Pathway (GO:0090263)","2/85",0.0198905587551663,0.0999127006432725,0,0,9.76936316695353,38.2715788208864,"PRDM15;LYPD6"
"Regulation Of Cell Growth (GO:0001558)","3/227",0.0201489557484231,0.0999127006432725,0,0,5.50362723214286,21.4894783879144,"RPS6KA3;SPHK1;JADE1"
"Negative Regulation Of Smooth Muscle Cell Differentiation (GO:0051151)","1/8",0.0202222107748752,0.0999127006432725,0,0,56.9771428571429,222.266337799251,"PDGFB"
"Regulation Of Macrophage Migration (GO:1905521)","1/8",0.0202222107748752,0.0999127006432725,0,0,56.9771428571429,222.266337799251,"PTK2B"
"Regulation Of Mitochondrial Gene Expression (GO:0062125)","1/8",0.0202222107748752,0.0999127006432725,0,0,56.9771428571429,222.266337799251,"METTL4"
"Bone Resorption (GO:0045453)","1/8",0.0202222107748752,0.0999127006432725,0,0,56.9771428571429,222.266337799251,"PTK2B"
"Manganese Ion Transport (GO:0006828)","1/8",0.0202222107748752,0.0999127006432725,0,0,56.9771428571429,222.266337799251,"SLC41A2"
"Regulation Of Urine Volume (GO:0035809)","1/8",0.0202222107748752,0.0999127006432725,0,0,56.9771428571429,222.266337799251,"HAS2"
"Regulation Of Vesicle Fusion (GO:0031338)","1/8",0.0202222107748752,0.0999127006432725,0,0,56.9771428571429,222.266337799251,"SPHK1"
"Cyclooxygenase Pathway (GO:0019371)","1/8",0.0202222107748752,0.0999127006432725,0,0,56.9771428571429,222.266337799251,"PTGS2"
"Response To Leptin (GO:0044321)","1/8",0.0202222107748752,0.0999127006432725,0,0,56.9771428571429,222.266337799251,"NR4A3"
"Embryonic Placenta Development (GO:0001892)","1/8",0.0202222107748752,0.0999127006432725,0,0,56.9771428571429,222.266337799251,"PDGFB"
"Negative Regulation Of Intracellular Signal Transduction (GO:1902532)","3/231",0.0210883774601809,0.103426086514269,0,0,5.40597587719298,20.8618405049015,"PLAUR;PRDM15;CGNL1"
"Sodium Ion Transport (GO:0006814)","2/89",0.0216781745230008,0.104519515685189,0,0,9.31832043162092,35.7026723594334,"SCN5A;SLC4A4"
"Regulation Of Peptidyl-Tyrosine Phosphorylation (GO:0050730)","2/90",0.0221351857372418,0.104519515685189,0,0,9.21196660482375,35.1029985464868,"PDGFB;PTK2B"
"Regulation Of Epithelial Cell Proliferation (GO:0050678)","2/91",0.0225961945539437,0.104519515685189,0,0,9.10800275166246,34.5190915208855,"NR4A3;SCN5A"
"Regulation Of Ceramide Biosynthetic Process (GO:2000303)","1/9",0.0227216338446064,0.104519515685189,0,0,49.8525,188.663684205116,"SPHK1"
"Negative Regulation Of Leukocyte Migration (GO:0002686)","1/9",0.0227216338446064,0.104519515685189,0,0,49.8525,188.663684205116,"HMOX1"
"Positive Regulation Of Smooth Muscle Contraction (GO:0045987)","1/9",0.0227216338446064,0.104519515685189,0,0,49.8525,188.663684205116,"SPHK1"
"Regulation Of Sequestering Of Calcium Ion (GO:0051282)","1/9",0.0227216338446064,0.104519515685189,0,0,49.8525,188.663684205116,"PTK2B"
"Chondroitin Sulfate Proteoglycan Metabolic Process (GO:0050654)","1/9",0.0227216338446064,0.104519515685189,0,0,49.8525,188.663684205116,"DSEL"
"Regulation Of Actin Filament-Based Movement (GO:1903115)","1/9",0.0227216338446064,0.104519515685189,0,0,49.8525,188.663684205116,"SCN5A"
"Regulation Of Inflammatory Response (GO:0050727)","3/240",0.0232892603467531,0.10639682637866,0,0,5.19831223628692,19.5444217692902,"TNFAIP6;SPHK1;PTGS2"
"Phosphorylation (GO:0016310)","4/429",0.0236222265811719,0.106444783122115,0,0,3.90968710888611,14.6439958203074,"DYRK3;SPHK1;PDGFB;PTK2B"
"Regulation Of Cysteine-Type Endopeptidase Activity Involved In Apoptotic Signaling Pathway (GO:2001267)","1/10",0.0252148061968427,0.106444783122115,0,0,44.3111111111111,163.079241679152,"PLAUR"
"Heme Catabolic Process (GO:0042167)","1/10",0.0252148061968427,0.106444783122115,0,0,44.3111111111111,163.079241679152,"HMOX1"
"Angiogenesis Involved In Wound Healing (GO:0060055)","1/10",0.0252148061968427,0.106444783122115,0,0,44.3111111111111,163.079241679152,"GATA2"
"Positive Regulation Of Transforming Growth Factor Beta Production (GO:0071636)","1/10",0.0252148061968427,0.106444783122115,0,0,44.3111111111111,163.079241679152,"PTGS2"
"Basement Membrane Organization (GO:0071711)","1/10",0.0252148061968427,0.106444783122115,0,0,44.3111111111111,163.079241679152,"FLRT2"
"Mast Cell Activation Involved In Immune Response (GO:0002279)","1/10",0.0252148061968427,0.106444783122115,0,0,44.3111111111111,163.079241679152,"NR4A3"
"Mast Cell Degranulation (GO:0043303)","1/10",0.0252148061968427,0.106444783122115,0,0,44.3111111111111,163.079241679152,"NR4A3"
"Protein Kinase C Signaling (GO:0070528)","1/10",0.0252148061968427,0.106444783122115,0,0,44.3111111111111,163.079241679152,"PDGFB"
"Muscle Filament Sliding (GO:0030049)","1/10",0.0252148061968427,0.106444783122115,0,0,44.3111111111111,163.079241679152,"TNNT2"
"Diol Metabolic Process (GO:0034311)","1/10",0.0252148061968427,0.106444783122115,0,0,44.3111111111111,163.079241679152,"SPHK1"
"Positive Regulation Of Epidermal Growth Factor-Activated Receptor Activity (GO:0045741)","1/10",0.0252148061968427,0.106444783122115,0,0,44.3111111111111,163.079241679152,"HBEGF"
"Sphingoid Metabolic Process (GO:0046519)","1/11",0.0277017430592619,0.110569541823891,0,0,39.878,143.012873944803,"SPHK1"
"Positive Regulation Of Muscle Contraction (GO:0045933)","1/11",0.0277017430592619,0.110569541823891,0,0,39.878,143.012873944803,"SPHK1"
"Regulation Of Homotypic Cell-Cell Adhesion (GO:0034110)","1/11",0.0277017430592619,0.110569541823891,0,0,39.878,143.012873944803,"PLAUR"
"Positive Regulation Of Protein Maturation (GO:1903319)","1/11",0.0277017430592619,0.110569541823891,0,0,39.878,143.012873944803,"CCBE1"
"Magnesium Ion Transport (GO:0015693)","1/11",0.0277017430592619,0.110569541823891,0,0,39.878,143.012873944803,"SLC41A2"
"Mast Cell Mediated Immunity (GO:0002448)","1/11",0.0277017430592619,0.110569541823891,0,0,39.878,143.012873944803,"NR4A3"
"Cellular Response To Fluid Shear Stress (GO:0071498)","1/11",0.0277017430592619,0.110569541823891,0,0,39.878,143.012873944803,"HAS2"
"Positive Regulation Of Behavior (GO:0048520)","1/11",0.0277017430592619,0.110569541823891,0,0,39.878,143.012873944803,"NR4A3"
"Positive Regulation Of Stress-Activated MAPK Cascade (GO:0032874)","2/105",0.0294576182540356,0.110569541823891,0,0,7.86447394491777,27.7207191366078,"SPHK1;PTK2B"
"Response To Calcium Ion (GO:0051592)","2/106",0.0299759378394035,0.110569541823891,0,0,7.78846153846154,27.3169407293183,"TNNT2;SCN5A"
"Positive Regulation Of Cell Growth (GO:0030307)","2/106",0.0299759378394035,0.110569541823891,0,0,7.78846153846154,27.3169407293183,"RPS6KA3;SPHK1"
"Negative Regulation Of Potassium Ion Transport (GO:0043267)","1/12",0.0301824596395909,0.110569541823891,0,0,36.2509090909091,126.896101729017,"PTK2B"
"Actin-Myosin Filament Sliding (GO:0033275)","1/12",0.0301824596395909,0.110569541823891,0,0,36.2509090909091,126.896101729017,"TNNT2"
"Regulation Of Lymphocyte Migration (GO:2000401)","1/12",0.0301824596395909,0.110569541823891,0,0,36.2509090909091,126.896101729017,"JAM2"
"Positive Regulation Of Sodium Ion Transport (GO:0010765)","1/12",0.0301824596395909,0.110569541823891,0,0,36.2509090909091,126.896101729017,"SCN5A"
"Atrial Cardiac Muscle Cell Action Potential (GO:0086014)","1/12",0.0301824596395909,0.110569541823891,0,0,36.2509090909091,126.896101729017,"SCN5A"
"Ionotropic Glutamate Receptor Signaling Pathway (GO:0035235)","1/12",0.0301824596395909,0.110569541823891,0,0,36.2509090909091,126.896101729017,"PTK2B"
"Nuclear Body Organization (GO:0030575)","1/12",0.0301824596395909,0.110569541823891,0,0,36.2509090909091,126.896101729017,"DYRK3"
"Regulation Of Transcription From RNA Polymerase II Promoter In Response To Stress (GO:0043618)","1/12",0.0301824596395909,0.110569541823891,0,0,36.2509090909091,126.896101729017,"HMOX1"
"Polysaccharide Biosynthetic Process (GO:0000271)","1/12",0.0301824596395909,0.110569541823891,0,0,36.2509090909091,126.896101729017,"HAS2"
"Porphyrin-Containing Compound Catabolic Process (GO:0006787)","1/12",0.0301824596395909,0.110569541823891,0,0,36.2509090909091,126.896101729017,"HMOX1"
"Multicellular Organismal-Level Iron Ion Homeostasis (GO:0060586)","1/12",0.0301824596395909,0.110569541823891,0,0,36.2509090909091,126.896101729017,"HMOX1"
"Positive Regulation Of Fatty Acid Oxidation (GO:0046321)","1/12",0.0301824596395909,0.110569541823891,0,0,36.2509090909091,126.896101729017,"NR4A3"
"Sodium Ion Export Across Plasma Membrane (GO:0036376)","1/12",0.0301824596395909,0.110569541823891,0,0,36.2509090909091,126.896101729017,"SLC4A4"
"Response To Tumor Necrosis Factor (GO:0034612)","2/108",0.0310234985969286,0.110569541823891,0,0,7.64073931459376,26.5363666631108,"SPHK1;HAS2"
"Cellular Response To Salt (GO:1902075)","2/109",0.0315526974951537,0.110569541823891,0,0,7.56894907495709,26.1590160950482,"PDGFB;SCN5A"
"Positive Regulation Of Wnt Signaling Pathway (GO:0030177)","2/109",0.0315526974951537,0.110569541823891,0,0,7.56894907495709,26.1590160950482,"PRDM15;LYPD6"
"Sphingoid Biosynthetic Process (GO:0046520)","1/13",0.0326569711233982,0.110569541823891,0,0,33.2283333333333,113.697286334424,"SPHK1"
"Sphingosine Biosynthetic Process (GO:0046512)","1/13",0.0326569711233982,0.110569541823891,0,0,33.2283333333333,113.697286334424,"SPHK1"
"Regulation Of Leukocyte Migration (GO:0002685)","1/13",0.0326569711233982,0.110569541823891,0,0,33.2283333333333,113.697286334424,"HMOX1"
"Mature B Cell Differentiation Involved In Immune Response (GO:0002313)","1/13",0.0326569711233982,0.110569541823891,0,0,33.2283333333333,113.697286334424,"PTK2B"
"Peptidyl-Tyrosine Autophosphorylation (GO:0038083)","1/13",0.0326569711233982,0.110569541823891,0,0,33.2283333333333,113.697286334424,"PTK2B"
"Membrane Depolarization (GO:0051899)","1/13",0.0326569711233982,0.110569541823891,0,0,33.2283333333333,113.697286334424,"SCN5A"
"Membrane Depolarization During Action Potential (GO:0086010)","1/13",0.0326569711233982,0.110569541823891,0,0,33.2283333333333,113.697286334424,"SCN5A"
"Regulation Of Response To Stress (GO:0080134)","1/13",0.0326569711233982,0.110569541823891,0,0,33.2283333333333,113.697286334424,"DYRK3"
"Chondroitin Sulfate Biosynthetic Process (GO:0030206)","1/13",0.0326569711233982,0.110569541823891,0,0,33.2283333333333,113.697286334424,"CHST11"
"Positive Regulation Of Brown Fat Cell Differentiation (GO:0090336)","1/13",0.0326569711233982,0.110569541823891,0,0,33.2283333333333,113.697286334424,"PTGS2"
"Negative Regulation Of Bone Mineralization (GO:0030502)","1/13",0.0326569711233982,0.110569541823891,0,0,33.2283333333333,113.697286334424,"PTK2B"
"Negative Regulation Of Cell Activation (GO:0050866)","1/13",0.0326569711233982,0.110569541823891,0,0,33.2283333333333,113.697286334424,"PDGFB"
"Small GTPase Mediated Signal Transduction (GO:0007264)","2/112",0.033161716299909,0.111335219828619,0,0,7.36141001855288,25.0756066821517,"RRAD;RASGRP3"
"Regulation Of Apoptotic Process (GO:0042981)","5/705",0.033216954641522,0.111335219828619,0,0,2.9889751552795,10.1765483222616,"RPS6KA3;SPHK1;PLAUR;PTK2B;DYNAP"
"Negative Regulation Of Apoptotic Process (GO:0043066)","4/482",0.0341949713090538,0.112637356821003,0,0,3.46674975518561,11.7026263160111,"RPS6KA3;SPHK1;PLAUR;PTK2B"
"Negative Regulation Of Canonical Wnt Signaling Pathway (GO:0090090)","2/114",0.0342520388803964,0.112637356821003,0,0,7.22922740524781,24.3914796779849,"JADE1;BICC1"
"Monoatomic Cation Transmembrane Transport (GO:0098655)","3/281",0.0348410396317446,0.112637356821003,0,0,4.42243705035971,14.8459411285573,"SLC41A2;SCN5A;SLC4A4"
"Regulation Of Feeding Behavior (GO:0060259)","1/14",0.035125292681812,0.112637356821003,0,0,30.6707692307692,102.71130924814,"NR4A3"
"RNA Phosphodiester Bond Hydrolysis, Endonucleolytic (GO:0090502)","1/14",0.035125292681812,0.112637356821003,0,0,30.6707692307692,102.71130924814,"ZC3H12C"
"Regulation Of Microglial Cell Activation (GO:1903978)","1/14",0.035125292681812,0.112637356821003,0,0,30.6707692307692,102.71130924814,"SPHK1"
"Prostanoid Biosynthetic Process (GO:0046457)","1/14",0.035125292681812,0.112637356821003,0,0,30.6707692307692,102.71130924814,"PTGS2"
"Odontogenesis Of Dentin-Containing Tooth (GO:0042475)","1/14",0.035125292681812,0.112637356821003,0,0,30.6707692307692,102.71130924814,"SCN5A"
"Positive Regulation Of Acute Inflammatory Response (GO:0002675)","1/14",0.035125292681812,0.112637356821003,0,0,30.6707692307692,102.71130924814,"PTGS2"
"Inorganic Cation Transmembrane Transport (GO:0098662)","3/284",0.0357839160307047,0.114200344461627,0,0,4.37455516014235,14.568391891494,"SLC41A2;SCN5A;SLC4A4"
"Cellular Response To Tumor Necrosis Factor (GO:0071356)","2/119",0.0370383943165297,0.114478639778783,0,0,6.91854177568463,22.8021315072765,"PTK2B;HAS2"
"Sphingolipid Catabolic Process (GO:0030149)","1/15",0.0375874394476065,0.114478639778783,0,0,28.4785714285714,93.4406232651433,"SPHK1"
"Negative Regulation Of Platelet Activation (GO:0010544)","1/15",0.0375874394476065,0.114478639778783,0,0,28.4785714285714,93.4406232651433,"PDGFB"
"Histone H4-K5 Acetylation (GO:0043981)","1/15",0.0375874394476065,0.114478639778783,0,0,28.4785714285714,93.4406232651433,"JADE1"
"Histone H4-K8 Acetylation (GO:0043982)","1/15",0.0375874394476065,0.114478639778783,0,0,28.4785714285714,93.4406232651433,"JADE1"
"Positive Regulation Of Transmembrane Transport (GO:0034764)","1/15",0.0375874394476065,0.114478639778783,0,0,28.4785714285714,93.4406232651433,"NR4A3"
"mRNA Methylation (GO:0080009)","1/15",0.0375874394476065,0.114478639778783,0,0,28.4785714285714,93.4406232651433,"METTL4"
"Protein Localization To Cell-Cell Junction (GO:0150105)","1/15",0.0375874394476065,0.114478639778783,0,0,28.4785714285714,93.4406232651433,"CGNL1"
"Cellular Response To Sterol (GO:0036315)","1/15",0.0375874394476065,0.114478639778783,0,0,28.4785714285714,93.4406232651433,"DYNAP"
"Positive Regulation Of Cyclin-Dependent Protein Serine/Threonine Kinase Activity (GO:0045737)","1/15",0.0375874394476065,0.114478639778783,0,0,28.4785714285714,93.4406232651433,"PDGFB"
"Positive Regulation Of Homotypic Cell-Cell Adhesion (GO:0034112)","1/16",0.0400434265231352,0.116125936917092,0,0,26.5786666666667,85.5245877658264,"PLAUR"
"Positive Regulation Of Lymphocyte Migration (GO:2000403)","1/16",0.0400434265231352,0.116125936917092,0,0,26.5786666666667,85.5245877658264,"JAM2"
"Regulation Of Fatty Acid Oxidation (GO:0046320)","1/16",0.0400434265231352,0.116125936917092,0,0,26.5786666666667,85.5245877658264,"NR4A3"
"Regulation Of Fibrinolysis (GO:0051917)","1/16",0.0400434265231352,0.116125936917092,0,0,26.5786666666667,85.5245877658264,"PLAUR"
"Positive Regulation Of Muscle Hypertrophy (GO:0014742)","1/16",0.0400434265231352,0.116125936917092,0,0,26.5786666666667,85.5245877658264,"NR4A3"
"Positive Regulation Of Myeloid Leukocyte Cytokine Production Involved In Immune Response (GO:0061081)","1/16",0.0400434265231352,0.116125936917092,0,0,26.5786666666667,85.5245877658264,"NR4A3"
"Regulation Of Plasminogen Activation (GO:0010755)","1/16",0.0400434265231352,0.116125936917092,0,0,26.5786666666667,85.5245877658264,"PLAUR"
"Membrane Depolarization During Cardiac Muscle Cell Action Potential (GO:0086012)","1/16",0.0400434265231352,0.116125936917092,0,0,26.5786666666667,85.5245877658264,"SCN5A"
"Regulation Of Transforming Growth Factor Beta Production (GO:0071634)","1/16",0.0400434265231352,0.116125936917092,0,0,26.5786666666667,85.5245877658264,"PTGS2"
"Regulation Of NMDA Receptor Activity (GO:2000310)","1/16",0.0400434265231352,0.116125936917092,0,0,26.5786666666667,85.5245877658264,"PTK2B"
"Negative Regulation Of ATP-dependent Activity (GO:0032780)","1/16",0.0400434265231352,0.116125936917092,0,0,26.5786666666667,85.5245877658264,"TNNT2"
"Extracellular Matrix Assembly (GO:0085029)","1/17",0.042493268979737,0.116159878727396,0,0,24.91625,78.6957230101767,"HAS2"
"Positive Regulation Of Lymphocyte Chemotaxis (GO:0140131)","1/17",0.042493268979737,0.116159878727396,0,0,24.91625,78.6957230101767,"PTK2B"
"Regulation Of Establishment Of Cell Polarity (GO:2000114)","1/17",0.042493268979737,0.116159878727396,0,0,24.91625,78.6957230101767,"PTK2B"
"Regulation Of Glucose Transmembrane Transport (GO:0010827)","1/17",0.042493268979737,0.116159878727396,0,0,24.91625,78.6957230101767,"NR4A3"
"Ventricular Cardiac Muscle Cell Action Potential (GO:0086005)","1/17",0.042493268979737,0.116159878727396,0,0,24.91625,78.6957230101767,"SCN5A"
"Regulation Of Leukocyte Chemotaxis (GO:0002688)","1/17",0.042493268979737,0.116159878727396,0,0,24.91625,78.6957230101767,"PTK2B"
"Leukocyte Tethering Or Rolling (GO:0050901)","1/17",0.042493268979737,0.116159878727396,0,0,24.91625,78.6957230101767,"JAM2"
"Prostaglandin Biosynthetic Process (GO:0001516)","1/17",0.042493268979737,0.116159878727396,0,0,24.91625,78.6957230101767,"PTGS2"
"Regulation Of DNA-templated DNA Replication (GO:0090329)","1/17",0.042493268979737,0.116159878727396,0,0,24.91625,78.6957230101767,"METTL4"
"Positive Regulation Of Cardiac Muscle Hypertrophy (GO:0010613)","1/17",0.042493268979737,0.116159878727396,0,0,24.91625,78.6957230101767,"NR4A3"
"Positive Regulation Of Cell Cycle Phase Transition (GO:1901989)","1/17",0.042493268979737,0.116159878727396,0,0,24.91625,78.6957230101767,"DYRK3"
"Diol Biosynthetic Process (GO:0034312)","1/17",0.042493268979737,0.116159878727396,0,0,24.91625,78.6957230101767,"SPHK1"
"Regulation Of Brown Fat Cell Differentiation (GO:0090335)","1/17",0.042493268979737,0.116159878727396,0,0,24.91625,78.6957230101767,"PTGS2"
"Positive Regulation Of Fatty Acid Metabolic Process (GO:0045923)","1/17",0.042493268979737,0.116159878727396,0,0,24.91625,78.6957230101767,"NR4A3"
"Positive Regulation Of Peptidyl-Tyrosine Phosphorylation (GO:0050731)","2/130",0.0434621800096945,0.117081901984705,0,0,6.32047193877551,19.8201413267302,"PDGFB;PTK2B"
"Positive Regulation Of Intracellular Signal Transduction (GO:1902533)","4/525",0.0445212503847564,0.117081901984705,0,0,3.17360231959815,9.87557973187523,"SPHK1;PDGFB;HMOX1;HBEGF"
"Positive Regulation Of Glycolytic Process (GO:0045821)","1/18",0.0449369818711913,0.117081901984705,0,0,23.4494117647059,72.751663373286,"SLC4A4"
"Regulation Of Establishment Or Maintenance Of Cell Polarity (GO:0032878)","1/18",0.0449369818711913,0.117081901984705,0,0,23.4494117647059,72.751663373286,"PTK2B"
"Negative Regulation Of Monoatomic Ion Transport (GO:0043271)","1/18",0.0449369818711913,0.117081901984705,0,0,23.4494117647059,72.751663373286,"PTK2B"
"Cardiac Muscle Cell Contraction (GO:0086003)","1/18",0.0449369818711913,0.117081901984705,0,0,23.4494117647059,72.751663373286,"SCN5A"
"Regulation Of Ventricular Cardiac Muscle Cell Membrane Repolarization (GO:0060307)","1/18",0.0449369818711913,0.117081901984705,0,0,23.4494117647059,72.751663373286,"SCN5A"
"Renal Absorption (GO:0070293)","1/18",0.0449369818711913,0.117081901984705,0,0,23.4494117647059,72.751663373286,"HAS2"
"Myoblast Fusion (GO:0007520)","1/18",0.0449369818711913,0.117081901984705,0,0,23.4494117647059,72.751663373286,"JAM2"
"Positive Regulation Of Cyclin-Dependent Protein Kinase Activity (GO:1904031)","1/18",0.0449369818711913,0.117081901984705,0,0,23.4494117647059,72.751663373286,"PDGFB"
"Regulation Of Cell Cycle G2/M Phase Transition (GO:1902749)","1/18",0.0449369818711913,0.117081901984705,0,0,23.4494117647059,72.751663373286,"DYRK3"
"Endothelial Cell Proliferation (GO:0001935)","1/18",0.0449369818711913,0.117081901984705,0,0,23.4494117647059,72.751663373286,"HMOX1"
"Sphingosine Metabolic Process (GO:0006670)","1/19",0.0473745801991261,0.118792650348936,0,0,22.1455555555556,67.5366248256853,"SPHK1"
"Gastrulation (GO:0007369)","1/19",0.0473745801991261,0.118792650348936,0,0,22.1455555555556,67.5366248256853,"NR4A3"
"Leukocyte Adhesion To Vascular Endothelial Cell (GO:0061756)","1/19",0.0473745801991261,0.118792650348936,0,0,22.1455555555556,67.5366248256853,"JAM2"
"Bicarbonate Transport (GO:0015701)","1/19",0.0473745801991261,0.118792650348936,0,0,22.1455555555556,67.5366248256853,"SLC4A4"
"Cardiac Epithelial To Mesenchymal Transition (GO:0060317)","1/19",0.0473745801991261,0.118792650348936,0,0,22.1455555555556,67.5366248256853,"HAS2"
"Cardiac Ventricle Development (GO:0003231)","1/19",0.0473745801991261,0.118792650348936,0,0,22.1455555555556,67.5366248256853,"SCN5A"
"Regulation Of Smooth Muscle Cell Migration (GO:0014910)","1/19",0.0473745801991261,0.118792650348936,0,0,22.1455555555556,67.5366248256853,"PDGFB"
"Cellular Response To Catecholamine Stimulus (GO:0071870)","1/19",0.0473745801991261,0.118792650348936,0,0,22.1455555555556,67.5366248256853,"NR4A3"
"Regulation Of Vascular Endothelial Growth Factor Signaling Pathway (GO:1900746)","1/19",0.0473745801991261,0.118792650348936,0,0,22.1455555555556,67.5366248256853,"CCBE1"
"Chondroitin Sulfate Proteoglycan Biosynthetic Process (GO:0050650)","1/19",0.0473745801991261,0.118792650348936,0,0,22.1455555555556,67.5366248256853,"CHST11"
"Negative Regulation Of Cellular Process (GO:0048523)","4/537",0.0476855279344415,0.119124521094653,0,0,3.10023551954014,9.43441142258944,"JADE1;PTK2B;IGFBP7;JAM2"
"Negative Regulation Of Wnt Signaling Pathway (GO:0030178)","2/140",0.0496346419323728,0.119498757707892,0,0,5.8595090209997,17.5964938585989,"JADE1;BICC1"
"DNA Methylation (GO:0006306)","1/20",0.0498060789247287,0.119498757707892,0,0,20.9789473684211,62.9288330908361,"METTL4"
"Negative Regulation Of miRNA Transcription (GO:1902894)","1/20",0.0498060789247287,0.119498757707892,0,0,20.9789473684211,62.9288330908361,"PDGFB"
"Negative Regulation Of Small GTPase Mediated Signal Transduction (GO:0051058)","1/20",0.0498060789247287,0.119498757707892,0,0,20.9789473684211,62.9288330908361,"CGNL1"
"Positive Regulation Of Protein Processing (GO:0010954)","1/20",0.0498060789247287,0.119498757707892,0,0,20.9789473684211,62.9288330908361,"CCBE1"
"Regulation Of Macrophage Chemotaxis (GO:0010758)","1/20",0.0498060789247287,0.119498757707892,0,0,20.9789473684211,62.9288330908361,"PTK2B"
"Regulation Of Membrane Depolarization (GO:0003254)","1/20",0.0498060789247287,0.119498757707892,0,0,20.9789473684211,62.9288330908361,"SCN5A"
"Long-Term Synaptic Potentiation (GO:0060291)","1/20",0.0498060789247287,0.119498757707892,0,0,20.9789473684211,62.9288330908361,"PTK2B"
"Regulation Of Smooth Muscle Contraction (GO:0006940)","1/20",0.0498060789247287,0.119498757707892,0,0,20.9789473684211,62.9288330908361,"SPHK1"
"Regulation Of Calcium Ion Import (GO:0090279)","1/20",0.0498060789247287,0.119498757707892,0,0,20.9789473684211,62.9288330908361,"PDGFB"
"Regulation Of Calcium Ion Transmembrane Transport (GO:1903169)","1/20",0.0498060789247287,0.119498757707892,0,0,20.9789473684211,62.9288330908361,"PTK2B"
"Regulation Of Cell Adhesion (GO:0030155)","2/144",0.052187875319875,0.123540446259602,0,0,5.69330267318195,16.8117824120269,"PLAUR;PTK2B"
"Negative Regulation Of miRNA Metabolic Process (GO:2000629)","1/21",0.0522314930213008,0.123540446259602,0,0,19.929,58.8317960833547,"PDGFB"
"Negative Regulation Of Osteoclast Differentiation (GO:0045671)","1/21",0.0522314930213008,0.123540446259602,0,0,19.929,58.8317960833547,"TNFAIP6"
"Negative Regulation Of Biomineral Tissue Development (GO:0070168)","1/21",0.0522314930213008,0.123540446259602,0,0,19.929,58.8317960833547,"PTK2B"
"Positive Regulation Of Protein Kinase Activity (GO:0045860)","2/145",0.0528334729166563,0.124409926705776,0,0,5.65320393891822,16.6238699138386,"PDGFB;PTK2B"
"Fc Receptor Mediated Stimulatory Signaling Pathway (GO:0002431)","1/22",0.0546508373685044,0.124409926705776,0,0,18.9790476190476,55.1681199127134,"NR4A3"
"Fc-epsilon Receptor Signaling Pathway (GO:0038095)","1/22",0.0546508373685044,0.124409926705776,0,0,18.9790476190476,55.1681199127134,"NR4A3"
"Negative Regulation Of Myeloid Cell Differentiation (GO:0045638)","1/22",0.0546508373685044,0.124409926705776,0,0,18.9790476190476,55.1681199127134,"PTK2B"
"Positive Regulation Of Protein Autophosphorylation (GO:0031954)","1/22",0.0546508373685044,0.124409926705776,0,0,18.9790476190476,55.1681199127134,"PDGFB"
"Positive Regulation Of Synaptic Transmission, Glutamatergic (GO:0051968)","1/22",0.0546508373685044,0.124409926705776,0,0,18.9790476190476,55.1681199127134,"PTK2B"
"Regulation Of Neural Precursor Cell Proliferation (GO:2000177)","1/22",0.0546508373685044,0.124409926705776,0,0,18.9790476190476,55.1681199127134,"GATA2"
"Placenta Development (GO:0001890)","1/22",0.0546508373685044,0.124409926705776,0,0,18.9790476190476,55.1681199127134,"PDGFB"
"Regulation Of Cardiac Muscle Cell Membrane Repolarization (GO:0099623)","1/22",0.0546508373685044,0.124409926705776,0,0,18.9790476190476,55.1681199127134,"SCN5A"
"Regulation Of Catabolic Process (GO:0009894)","1/22",0.0546508373685044,0.124409926705776,0,0,18.9790476190476,55.1681199127134,"PTK2B"
"Positive Regulation Of Excitatory Postsynaptic Potential (GO:2000463)","1/22",0.0546508373685044,0.124409926705776,0,0,18.9790476190476,55.1681199127134,"PTK2B"
"Negative Regulation Of Extrinsic Apoptotic Signaling Pathway Via Death Domain Receptors (GO:1902042)","1/23",0.0570641268554459,0.128587069637103,0,0,18.1154545454545,51.8750462798315,"HMOX1"
"Protein Localization To Cell Junction (GO:1902414)","1/23",0.0570641268554459,0.128587069637103,0,0,18.1154545454545,51.8750462798315,"CGNL1"
"Regulation Of Cardiac Muscle Hypertrophy (GO:0010611)","1/23",0.0570641268554459,0.128587069637103,0,0,18.1154545454545,51.8750462798315,"NR4A3"
"Cellular Response To Organic Cyclic Compound (GO:0071407)","2/152",0.05743225250948,0.128980849911863,0,0,5.38748299319728,15.3928429559522,"NR4A3;PDGFB"
"Positive Regulation Of Interleukin-17 Production (GO:0032740)","1/24",0.0594713763211452,0.129632052307856,0,0,17.3269565217391,48.9011789539284,"SPHK1"
"Negative Regulation Of Ossification (GO:0030279)","1/24",0.0594713763211452,0.129632052307856,0,0,17.3269565217391,48.9011789539284,"PTK2B"
"Positive Regulation Of p38MAPK Cascade (GO:1900745)","1/24",0.0594713763211452,0.129632052307856,0,0,17.3269565217391,48.9011789539284,"SPHK1"
"Positive Regulation Of Peptidyl-Threonine Phosphorylation (GO:0010800)","1/24",0.0594713763211452,0.129632052307856,0,0,17.3269565217391,48.9011789539284,"SPHK1"
"Neuromuscular Junction Development (GO:0007528)","1/24",0.0594713763211452,0.129632052307856,0,0,17.3269565217391,48.9011789539284,"PPFIBP2"
"Iron Ion Transport (GO:0006826)","1/24",0.0594713763211452,0.129632052307856,0,0,17.3269565217391,48.9011789539284,"SLC41A2"
"Regulation Of Proteolysis Involved In Protein Catabolic Process (GO:1903050)","1/24",0.0594713763211452,0.129632052307856,0,0,17.3269565217391,48.9011789539284,"PTK2B"
"Positive Regulation Of ERBB Signaling Pathway (GO:1901186)","1/24",0.0594713763211452,0.129632052307856,0,0,17.3269565217391,48.9011789539284,"PLAUR"
"Positive Regulation Of Cell Cycle G2/M Phase Transition (GO:1902751)","1/24",0.0594713763211452,0.129632052307856,0,0,17.3269565217391,48.9011789539284,"DYRK3"
"Ventricular Cardiac Muscle Tissue Development (GO:0003229)","1/25",0.0618726005630431,0.131012776430317,0,0,16.6041666666667,46.2040465955535,"TNNT2"
"Negative Regulation Of Stress Fiber Assembly (GO:0051497)","1/25",0.0618726005630431,0.131012776430317,0,0,16.6041666666667,46.2040465955535,"CGNL1"
"Positive Regulation Of Release Of Cytochrome C From Mitochondria (GO:0090200)","1/25",0.0618726005630431,0.131012776430317,0,0,16.6041666666667,46.2040465955535,"PLAUR"
"Regulation Of Myelination (GO:0031641)","1/25",0.0618726005630431,0.131012776430317,0,0,16.6041666666667,46.2040465955535,"JAM2"
"Regulation Of Neutrophil Chemotaxis (GO:0090022)","1/25",0.0618726005630431,0.131012776430317,0,0,16.6041666666667,46.2040465955535,"TNFAIP6"
"Cardiac Conduction System Development (GO:0003161)","1/25",0.0618726005630431,0.131012776430317,0,0,16.6041666666667,46.2040465955535,"SCN5A"
"Proteoglycan Metabolic Process (GO:0006029)","1/25",0.0618726005630431,0.131012776430317,0,0,16.6041666666667,46.2040465955535,"CHST11"
"Myotube Differentiation (GO:0014902)","1/25",0.0618726005630431,0.131012776430317,0,0,16.6041666666667,46.2040465955535,"JAM2"
"Regulation Of Actin Cytoskeleton Reorganization (GO:2000249)","1/25",0.0618726005630431,0.131012776430317,0,0,16.6041666666667,46.2040465955535,"PTK2B"
"Negative Regulation Of Endothelial Cell Apoptotic Process (GO:2000352)","1/26",0.0642678143574904,0.133958225551394,0,0,15.9392,43.7482637012725,"GATA2"
"Regulation Of Epidermal Growth Factor-Activated Receptor Activity (GO:0007176)","1/26",0.0642678143574904,0.133958225551394,0,0,15.9392,43.7482637012725,"HBEGF"
"Positive Regulation Of Nuclear Division (GO:0051785)","1/26",0.0642678143574904,0.133958225551394,0,0,15.9392,43.7482637012725,"PDGFB"
"Regulation Of Myeloid Cell Differentiation (GO:0045637)","1/26",0.0642678143574904,0.133958225551394,0,0,15.9392,43.7482637012725,"PTK2B"
"Regulation Of Cardiac Muscle Cell Contraction (GO:0086004)","1/26",0.0642678143574904,0.133958225551394,0,0,15.9392,43.7482637012725,"SCN5A"
"Regulation Of Chromatin Organization (GO:1902275)","1/27",0.066657032449374,0.135964038665848,0,0,15.3253846153846,41.5041257709869,"METTL4"
"Positive Regulation Of Mitotic Cell Cycle (GO:0045931)","1/27",0.066657032449374,0.135964038665848,0,0,15.3253846153846,41.5041257709869,"SPHK1"
"Positive Regulation Of Nitric Oxide Biosynthetic Process (GO:0045429)","1/27",0.066657032449374,0.135964038665848,0,0,15.3253846153846,41.5041257709869,"PTGS2"
"In Utero Embryonic Development (GO:0001701)","1/27",0.066657032449374,0.135964038665848,0,0,15.3253846153846,41.5041257709869,"PDGFB"
"Positive Regulation Of Response To Wounding (GO:1903036)","1/27",0.066657032449374,0.135964038665848,0,0,15.3253846153846,41.5041257709869,"HBEGF"
"mRNA Modification (GO:0016556)","1/27",0.066657032449374,0.135964038665848,0,0,15.3253846153846,41.5041257709869,"METTL4"
"Negative Regulation Of Notch Signaling Pathway (GO:0045746)","1/27",0.066657032449374,0.135964038665848,0,0,15.3253846153846,41.5041257709869,"GATA2"
"Regulation Of Chemotaxis (GO:0050920)","1/28",0.0690402695266762,0.13787383165956,0,0,14.757037037037,39.4465240520543,"PDGFB"
"RNA Phosphodiester Bond Hydrolysis (GO:0090501)","1/28",0.0690402695266762,0.13787383165956,0,0,14.757037037037,39.4465240520543,"ZC3H12C"
"Vascular Endothelial Growth Factor Receptor Signaling Pathway (GO:0048010)","1/28",0.0690402695266762,0.13787383165956,0,0,14.757037037037,39.4465240520543,"PTK2B"
"Positive Regulation Of Nitric Oxide Metabolic Process (GO:1904407)","1/28",0.0690402695266762,0.13787383165956,0,0,14.757037037037,39.4465240520543,"PTGS2"
"Regulation Of Platelet Activation (GO:0010543)","1/28",0.0690402695266762,0.13787383165956,0,0,14.757037037037,39.4465240520543,"PDGFB"
"Regulation Of Sodium Ion Transmembrane Transport (GO:1902305)","1/28",0.0690402695266762,0.13787383165956,0,0,14.757037037037,39.4465240520543,"SCN5A"
"Negative Regulation Of Actin Filament Bundle Assembly (GO:0032232)","1/28",0.0690402695266762,0.13787383165956,0,0,14.757037037037,39.4465240520543,"CGNL1"
"Heart Development (GO:0007507)","2/171",0.0705774628476891,0.139693546492024,0,0,4.77720082115686,12.664571525525,"FLRT2;PDGFB"
"Protein Acetylation (GO:0006473)","1/29",0.0714175402605398,0.139693546492024,0,0,14.2292857142857,37.5540984481649,"SPHK1"
"Cardiac Muscle Cell Action Potential (GO:0086001)","1/29",0.0714175402605398,0.139693546492024,0,0,14.2292857142857,37.5540984481649,"SCN5A"
"Maintenance Of Blood-Brain Barrier (GO:0035633)","1/29",0.0714175402605398,0.139693546492024,0,0,14.2292857142857,37.5540984481649,"JAM2"
"Positive Regulation Of Calcium Ion Transport (GO:0051928)","1/29",0.0714175402605398,0.139693546492024,0,0,14.2292857142857,37.5540984481649,"PDGFB"
"Regulation Of Blood Coagulation (GO:0030193)","1/29",0.0714175402605398,0.139693546492024,0,0,14.2292857142857,37.5540984481649,"PLAUR"
"Sarcomere Organization (GO:0045214)","1/29",0.0714175402605398,0.139693546492024,0,0,14.2292857142857,37.5540984481649,"TNNT2"
"Positive Regulation Of Cellular Biosynthetic Process (GO:0031328)","2/174",0.0727360932379772,0.141023407276708,0,0,4.69316563834836,12.3004001839969,"PDGFB;PTGS2"
"Positive Regulation Of Locomotion (GO:0040017)","1/30",0.0737888592797166,0.141023407276708,0,0,13.7379310344828,35.8085700272044,"PDGFB"
"Negative Regulation Of Myeloid Leukocyte Differentiation (GO:0002762)","1/30",0.0737888592797166,0.141023407276708,0,0,13.7379310344828,35.8085700272044,"TNFAIP6"
"Prostaglandin Metabolic Process (GO:0006693)","1/30",0.0737888592797166,0.141023407276708,0,0,13.7379310344828,35.8085700272044,"PTGS2"
"Regulation Of Potassium Ion Transport (GO:0043266)","1/30",0.0737888592797166,0.141023407276708,0,0,13.7379310344828,35.8085700272044,"PTK2B"
"Cardiac Muscle Cell Action Potential Involved In Contraction (GO:0086002)","1/30",0.0737888592797166,0.141023407276708,0,0,13.7379310344828,35.8085700272044,"SCN5A"
"Regulation Of Vasculature Development (GO:1901342)","1/30",0.0737888592797166,0.141023407276708,0,0,13.7379310344828,35.8085700272044,"HMOX1"
"Negative Regulation Of Blood Coagulation (GO:0030195)","1/30",0.0737888592797166,0.141023407276708,0,0,13.7379310344828,35.8085700272044,"PDGFB"
"Extracellular Matrix Organization (GO:0030198)","2/176",0.0741870999631755,0.141096885738162,0,0,4.63875205254516,12.0661594775032,"FLRT2;HAS2"
"Positive Regulation Of Glucose Transmembrane Transport (GO:0010828)","1/31",0.0761542411780185,0.141096885738162,0,0,13.2793333333333,34.1942103785668,"NR4A3"
"Regulation Of Extrinsic Apoptotic Signaling Pathway Via Death Domain Receptors (GO:1902041)","1/31",0.0761542411780185,0.141096885738162,0,0,13.2793333333333,34.1942103785668,"HMOX1"
"Toll-Like Receptor Signaling Pathway (GO:0002224)","1/31",0.0761542411780185,0.141096885738162,0,0,13.2793333333333,34.1942103785668,"RPS6KA3"
"Positive Regulation Of Mononuclear Cell Migration (GO:0071677)","1/31",0.0761542411780185,0.141096885738162,0,0,13.2793333333333,34.1942103785668,"JAM2"
"Actin Filament Polymerization (GO:0030041)","1/31",0.0761542411780185,0.141096885738162,0,0,13.2793333333333,34.1942103785668,"TTC17"
"Regulation Of Macrophage Activation (GO:0043030)","1/31",0.0761542411780185,0.141096885738162,0,0,13.2793333333333,34.1942103785668,"SPHK1"
"Leukocyte Cell-Cell Adhesion (GO:0007159)","1/31",0.0761542411780185,0.141096885738162,0,0,13.2793333333333,34.1942103785668,"JAM2"
"Regulation Of Protein Autophosphorylation (GO:0031952)","1/31",0.0761542411780185,0.141096885738162,0,0,13.2793333333333,34.1942103785668,"PDGFB"
"Cardiac Muscle Tissue Morphogenesis (GO:0055008)","1/31",0.0761542411780185,0.141096885738162,0,0,13.2793333333333,34.1942103785668,"TNNT2"
"Modulation Of Excitatory Postsynaptic Potential (GO:0098815)","1/31",0.0761542411780185,0.141096885738162,0,0,13.2793333333333,34.1942103785668,"PTK2B"
"Positive Regulation Of ERK1 And ERK2 Cascade (GO:0070374)","2/179",0.0763811652347925,0.141125310835475,0,0,4.55943733425574,11.7269600983724,"PDGFB;PTK2B"
"Female Gamete Generation (GO:0007292)","1/32",0.0785137005379157,0.142693837217411,0,0,12.8503225806452,32.6974163032472,"M1AP"
"Transition Metal Ion Transport (GO:0000041)","1/32",0.0785137005379157,0.142693837217411,0,0,12.8503225806452,32.6974163032472,"SLC41A2"
"Negative Regulation Of Osteoblast Differentiation (GO:0045668)","1/32",0.0785137005379157,0.142693837217411,0,0,12.8503225806452,32.6974163032472,"TNFAIP6"
"Cellular Nitrogen Compound Biosynthetic Process (GO:0044271)","1/32",0.0785137005379157,0.142693837217411,0,0,12.8503225806452,32.6974163032472,"SPHK1"
"Proteoglycan Biosynthetic Process (GO:0030166)","1/32",0.0785137005379157,0.142693837217411,0,0,12.8503225806452,32.6974163032472,"CHST11"
"Negative Regulation Of G1/S Transition Of Mitotic Cell Cycle (GO:2000134)","1/32",0.0785137005379157,0.142693837217411,0,0,12.8503225806452,32.6974163032472,"JADE1"
"Positive Regulation Of Nitrogen Compound Metabolic Process (GO:0051173)","1/33",0.0808672518814841,0.144995852163844,0,0,12.448125,31.3063663386514,"PDGFB"
"Vasculogenesis (GO:0001570)","1/33",0.0808672518814841,0.144995852163844,0,0,12.448125,31.3063663386514,"HAS2"
"Ventricular Cardiac Muscle Tissue Morphogenesis (GO:0055010)","1/33",0.0808672518814841,0.144995852163844,0,0,12.448125,31.3063663386514,"TNNT2"
"Positive Regulation Of Small Molecule Metabolic Process (GO:0062013)","1/33",0.0808672518814841,0.144995852163844,0,0,12.448125,31.3063663386514,"SLC4A4"
"Positive Regulation Of DNA Binding (GO:0043388)","1/33",0.0808672518814841,0.144995852163844,0,0,12.448125,31.3063663386514,"PLAUR"
"Negative Regulation Of Macromolecule Metabolic Process (GO:0010605)","2/186",0.0815803370770228,0.145882264960789,0,0,4.38442768411713,10.9881080338823,"PDGFB;GATA2"
"Regulation Of Interleukin-17 Production (GO:0032660)","1/34",0.0832149096803673,0.147617938182992,0,0,12.070303030303,30.0107413769056,"SPHK1"
"Cellular Response To Vascular Endothelial Growth Factor Stimulus (GO:0035924)","1/34",0.0832149096803673,0.147617938182992,0,0,12.070303030303,30.0107413769056,"SPHK1"
"Regulation Of Blood Circulation (GO:1903522)","1/34",0.0832149096803673,0.147617938182992,0,0,12.070303030303,30.0107413769056,"TNNT2"
"Positive Regulation Of Mitotic Nuclear Division (GO:0045840)","1/35",0.0855566884240952,0.148998201511414,0,0,11.7147058823529,28.8014959036669,"PDGFB"
"Glutamate Receptor Signaling Pathway (GO:0007215)","1/35",0.0855566884240952,0.148998201511414,0,0,11.7147058823529,28.8014959036669,"PTK2B"
"Action Potential (GO:0001508)","1/35",0.0855566884240952,0.148998201511414,0,0,11.7147058823529,28.8014959036669,"SCN5A"
"One-Carbon Compound Transport (GO:0019755)","1/35",0.0855566884240952,0.148998201511414,0,0,11.7147058823529,28.8014959036669,"SLC4A4"
"Regulation Of Sodium Ion Transport (GO:0002028)","1/35",0.0855566884240952,0.148998201511414,0,0,11.7147058823529,28.8014959036669,"SCN5A"
"Negative Regulation Of Cell Cycle G1/S Phase Transition (GO:1902807)","1/35",0.0855566884240952,0.148998201511414,0,0,11.7147058823529,28.8014959036669,"JADE1"
"Regulation Of Cardiac Muscle Contraction (GO:0055117)","1/35",0.0855566884240952,0.148998201511414,0,0,11.7147058823529,28.8014959036669,"SCN5A"
"Positive Regulation Of Signaling Receptor Activity (GO:2000273)","1/36",0.0878926025297119,0.1522710802268,0,0,11.3794285714286,27.6706695450913,"HBEGF"
"Regulation Of Peptidyl-Threonine Phosphorylation (GO:0010799)","1/36",0.0878926025297119,0.1522710802268,0,0,11.3794285714286,27.6706695450913,"SPHK1"
"Negative Regulation Of Smooth Muscle Cell Proliferation (GO:0048662)","1/37",0.0902226663638393,0.154303893499182,0,0,11.0627777777778,26.6112308770613,"HMOX1"
"Positive Regulation Of Receptor Signaling Pathway Via JAK-STAT (GO:0046427)","1/37",0.0902226663638393,0.154303893499182,0,0,11.0627777777778,26.6112308770613,"PTK2B"
"Regulation Of p38MAPK Cascade (GO:1900744)","1/37",0.0902226663638393,0.154303893499182,0,0,11.0627777777778,26.6112308770613,"SPHK1"
"Calcium Ion Import Across Plasma Membrane (GO:0098703)","1/37",0.0902226663638393,0.154303893499182,0,0,11.0627777777778,26.6112308770613,"SCN5A"
"Protein Acylation (GO:0043543)","1/37",0.0902226663638393,0.154303893499182,0,0,11.0627777777778,26.6112308770613,"SPHK1"
"Organelle Organization (GO:0006996)","3/418",0.0906275841987795,0.154599996574388,0,0,2.94186746987952,7.06341394262232,"DYRK3;MAST4;TTC17"
"Negative Regulation Of Epithelial Cell Apoptotic Process (GO:1904036)","1/38",0.0925468943253157,0.157070683244238,0,0,10.7632432432432,25.6169472663833,"GATA2"
"Tumor Necrosis Factor-Mediated Signaling Pathway (GO:0033209)","1/38",0.0925468943253157,0.157070683244238,0,0,10.7632432432432,25.6169472663833,"PTK2B"
"Fibroblast Growth Factor Receptor Signaling Pathway (GO:0008543)","1/39",0.094865300700271,0.158187888917702,0,0,10.4794736842105,24.6822758736909,"FLRT2"
"Histone H4 Acetylation (GO:0043967)","1/39",0.094865300700271,0.158187888917702,0,0,10.4794736842105,24.6822758736909,"JADE1"
"Regulation Of Monoatomic Cation Transmembrane Transport (GO:1904062)","1/39",0.094865300700271,0.158187888917702,0,0,10.4794736842105,24.6822758736909,"SCN5A"
"Regulation Of Nitric Oxide Biosynthetic Process (GO:0045428)","1/39",0.094865300700271,0.158187888917702,0,0,10.4794736842105,24.6822758736909,"PTGS2"
"Odontogenesis (GO:0042476)","1/39",0.094865300700271,0.158187888917702,0,0,10.4794736842105,24.6822758736909,"SCN5A"
"Regulation Of Protein Tyrosine Kinase Activity (GO:0061097)","1/39",0.094865300700271,0.158187888917702,0,0,10.4794736842105,24.6822758736909,"PDGFB"
"Positive Regulation Of ATP-dependent Activity (GO:0032781)","1/39",0.094865300700271,0.158187888917702,0,0,10.4794736842105,24.6822758736909,"TNNT2"
"Regulation Of MAPK Cascade (GO:0043408)","2/204",0.0954293221995407,0.158731565853101,0,0,3.99009900990099,9.37421646564388,"PDGFB;PRDM15"
"Regulation Of Cytokine-Mediated Signaling Pathway (GO:0001959)","1/40",0.0971778997917376,0.159257147815943,0,0,10.2102564102564,23.8022718762838,"SPHK1"
"Negative Regulation Of Mitotic Cell Cycle Phase Transition (GO:1901991)","1/40",0.0971778997917376,0.159257147815943,0,0,10.2102564102564,23.8022718762838,"JADE1"
"Positive Regulation Of Monoatomic Ion Transport (GO:0043270)","1/40",0.0971778997917376,0.159257147815943,0,0,10.2102564102564,23.8022718762838,"SCN5A"
"Regulation Of Glycolytic Process (GO:0006110)","1/40",0.0971778997917376,0.159257147815943,0,0,10.2102564102564,23.8022718762838,"SLC4A4"
"Positive Regulation Of Wound Healing (GO:0090303)","1/40",0.0971778997917376,0.159257147815943,0,0,10.2102564102564,23.8022718762838,"HBEGF"
"Cellular Response To Heat (GO:0034605)","1/40",0.0971778997917376,0.159257147815943,0,0,10.2102564102564,23.8022718762838,"HMOX1"
"Negative Regulation Of Cell Differentiation (GO:0045596)","2/207",0.0978002205625113,0.15988418410587,0,0,3.9311100049776,9.13915636669269,"TNFAIP6;PTK2B"
"Regulation Of Chemokine Production (GO:0032642)","1/41",0.0994847058434645,0.16066900435252,0,0,9.9545,22.9725108807493,"HMOX1"
"Regulation Of Heart Rate By Cardiac Conduction (GO:0086091)","1/41",0.0994847058434645,0.16066900435252,0,0,9.9545,22.9725108807493,"SCN5A"
"Regulation Of Release Of Cytochrome C From Mitochondria (GO:0090199)","1/41",0.0994847058434645,0.16066900435252,0,0,9.9545,22.9725108807493,"PLAUR"
"Cellular Response To Retinoic Acid (GO:0071300)","1/41",0.0994847058434645,0.16066900435252,0,0,9.9545,22.9725108807493,"PTK2B"
"Positive Regulation Of Actin Filament Polymerization (GO:0030838)","1/41",0.0994847058434645,0.16066900435252,0,0,9.9545,22.9725108807493,"PTK2B"
"Regulation Of Neurotransmitter Receptor Activity (GO:0099601)","1/42",0.101785733097108,0.162031226672485,0,0,9.71121951219512,22.1890230103219,"PTK2B"
"Regulation Of Osteoclast Differentiation (GO:0045670)","1/42",0.101785733097108,0.162031226672485,0,0,9.71121951219512,22.1890230103219,"TNFAIP6"
"Lysosome Localization (GO:0032418)","1/42",0.101785733097108,0.162031226672485,0,0,9.71121951219512,22.1890230103219,"NR4A3"
"Cardiac Ventricle Morphogenesis (GO:0003208)","1/42",0.101785733097108,0.162031226672485,0,0,9.71121951219512,22.1890230103219,"TNNT2"
"Regulation Of Ubiquitin-Dependent Protein Catabolic Process (GO:2000058)","1/42",0.101785733097108,0.162031226672485,0,0,9.71121951219512,22.1890230103219,"PTK2B"
"Monocyte Chemotaxis (GO:0002548)","1/42",0.101785733097108,0.162031226672485,0,0,9.71121951219512,22.1890230103219,"PDGFB"
"Regulation Of Endothelial Cell Apoptotic Process (GO:2000351)","1/43",0.104080995711096,0.164118260376598,0,0,9.47952380952381,21.4482367019494,"GATA2"
"Negative Regulation Of BMP Signaling Pathway (GO:0030514)","1/43",0.104080995711096,0.164118260376598,0,0,9.47952380952381,21.4482367019494,"TNFAIP6"
"Positive Regulation Of Cell-Matrix Adhesion (GO:0001954)","1/43",0.104080995711096,0.164118260376598,0,0,9.47952380952381,21.4482367019494,"PTK2B"
"Energy Derivation By Oxidation Of Organic Compounds (GO:0015980)","1/43",0.104080995711096,0.164118260376598,0,0,9.47952380952381,21.4482367019494,"NR4A3"
"Negative Regulation Of Immune System Process (GO:0002683)","1/44",0.106370507853869,0.166547250559932,0,0,9.25860465116279,20.746930565453,"HMOX1"
"Positive Regulation Of Chemotaxis (GO:0050921)","1/44",0.106370507853869,0.166547250559932,0,0,9.25860465116279,20.746930565453,"PDGFB"
"Regulation Of Cell-Substrate Adhesion (GO:0010810)","1/44",0.106370507853869,0.166547250559932,0,0,9.25860465116279,20.746930565453,"PDGFB"
"Protein Modification Process (GO:0036211)","4/711",0.107038374624452,0.167200458722505,0,0,2.31628998766138,5.17590717816284,"DYRK3;JADE1;PDGFB;PTK2B"
"Regulation Of Epidermal Growth Factor Receptor Signaling Pathway (GO:0042058)","1/46",0.110932337136924,0.170881914250181,0,0,8.84622222222222,19.4513816146915,"PLAUR"
"Cardiac Conduction (GO:0061337)","1/46",0.110932337136924,0.170881914250181,0,0,8.84622222222222,19.4513816146915,"SCN5A"
"Cellular Component Disassembly (GO:0022411)","1/46",0.110932337136924,0.170881914250181,0,0,8.84622222222222,19.4513816146915,"DYRK3"
"Myofibril Assembly (GO:0030239)","1/46",0.110932337136924,0.170881914250181,0,0,8.84622222222222,19.4513816146915,"TNNT2"
"Response To Hydrogen Peroxide (GO:0042542)","1/46",0.110932337136924,0.170881914250181,0,0,8.84622222222222,19.4513816146915,"HMOX1"
"Positive Regulation Of Cell-Cell Adhesion (GO:0022409)","1/46",0.110932337136924,0.170881914250181,0,0,8.84622222222222,19.4513816146915,"PLAUR"
"Regulation Of Wound Healing (GO:0061041)","1/47",0.113204682430174,0.173980468158816,0,0,8.65347826086957,18.8521021283273,"HBEGF"
"Apoptotic Process (GO:0006915)","2/228",0.114847879436708,0.175044044193606,0,0,3.56203720426224,7.70877146617512,"JADE1;PTK2B"
"Regulation Of Intrinsic Apoptotic Signaling Pathway (GO:2001242)","1/48",0.115471333501029,0.175044044193606,0,0,8.46893617021277,18.2821717706072,"PLAUR"
"Positive Regulation Of Reactive Oxygen Species Metabolic Process (GO:2000379)","1/48",0.115471333501029,0.175044044193606,0,0,8.46893617021277,18.2821717706072,"PDGFB"
"Cellular Defense Response (GO:0006968)","1/48",0.115471333501029,0.175044044193606,0,0,8.46893617021277,18.2821717706072,"PTK2B"
"Regulation Of Tumor Necrosis Factor-Mediated Signaling Pathway (GO:0010803)","1/48",0.115471333501029,0.175044044193606,0,0,8.46893617021277,18.2821717706072,"SPHK1"
"Regulation Of DNA Binding (GO:0051101)","1/48",0.115471333501029,0.175044044193606,0,0,8.46893617021277,18.2821717706072,"PLAUR"
"Erythrocyte Differentiation (GO:0030218)","1/49",0.117732304342972,0.177663907232494,0,0,8.29208333333333,17.739600807204,"DYRK3"
"Regulation Of Cell Communication (GO:0010646)","1/49",0.117732304342972,0.177663907232494,0,0,8.29208333333333,17.739600807204,"IGFBP7"
"Positive Regulation Of Developmental Process (GO:0051094)","2/233",0.119014697983435,0.179041913089563,0,0,3.48405336160438,7.41583643173162,"RPS6KA3;PDGFB"
"Intracellular Iron Ion Homeostasis (GO:0006879)","1/50",0.119987608922091,0.179041913089563,0,0,8.12244897959184,17.2225711551973,"HMOX1"
"Pyruvate Metabolic Process (GO:0006090)","1/50",0.119987608922091,0.179041913089563,0,0,8.12244897959184,17.2225711551973,"NR4A3"
"Regulation Of TORC1 Signaling (GO:1903432)","1/50",0.119987608922091,0.179041913089563,0,0,8.12244897959184,17.2225711551973,"DYRK3"
"Positive Regulation Of Fat Cell Differentiation (GO:0045600)","1/50",0.119987608922091,0.179041913089563,0,0,8.12244897959184,17.2225711551973,"PTGS2"
"Regulation Of Release Of Sequestered Calcium Ion Into Cytosol (GO:0051279)","1/51",0.122237261138058,0.181991636560456,0,0,7.9596,16.7294185044902,"PTK2B"
"Arachidonic Acid Metabolic Process (GO:0019369)","1/52",0.124481274860898,0.184099801180087,0,0,7.80313725490196,16.258616605721,"PTGS2"
"Cardiac Muscle Tissue Development (GO:0048738)","1/52",0.124481274860898,0.184099801180087,0,0,7.80313725490196,16.258616605721,"SCN5A"
"Regulation Of Proteolysis (GO:0030162)","1/52",0.124481274860898,0.184099801180087,0,0,7.80313725490196,16.258616605721,"PLAUR"
"Spermatid Development (GO:0007286)","1/53",0.126719663976453,0.184143825429835,0,0,7.65269230769231,15.8087634300539,"JAM2"
"Actin Polymerization Or Depolymerization (GO:0008154)","1/53",0.126719663976453,0.184143825429835,0,0,7.65269230769231,15.8087634300539,"TTC17"
"Regulation Of Macromolecule Biosynthetic Process (GO:0010556)","1/53",0.126719663976453,0.184143825429835,0,0,7.65269230769231,15.8087634300539,"JADE1"
"Cellular Response To Alcohol (GO:0097306)","1/53",0.126719663976453,0.184143825429835,0,0,7.65269230769231,15.8087634300539,"DYNAP"
"Positive Regulation Of NIK/NF-kappaB Signaling (GO:1901224)","1/53",0.126719663976453,0.184143825429835,0,0,7.65269230769231,15.8087634300539,"SPHK1"
"Regulation Of Alternative mRNA Splicing, Via Spliceosome (GO:0000381)","1/53",0.126719663976453,0.184143825429835,0,0,7.65269230769231,15.8087634300539,"KHDRBS3"
"Positive Regulation Of Chemokine Production (GO:0032722)","1/53",0.126719663976453,0.184143825429835,0,0,7.65269230769231,15.8087634300539,"HMOX1"
"Negative Regulation Of Cysteine-Type Endopeptidase Activity (GO:2000117)","1/53",0.126719663976453,0.184143825429835,0,0,7.65269230769231,15.8087634300539,"RPS6KA3"
"Regulation Of ERK1 And ERK2 Cascade (GO:0070372)","2/244",0.128313502544918,0.186054578690131,0,0,3.3238320121437,6.82475370866154,"PDGFB;PTK2B"
"Organelle Disassembly (GO:1903008)","1/54",0.128952442276204,0.186575442512425,0,0,7.50792452830189,15.3785689566979,"DYRK3"
"Cellular Response To Fibroblast Growth Factor Stimulus (GO:0044344)","1/55",0.131179623533306,0.188977988977786,0,0,7.36851851851852,14.966844351284,"FLRT2"
"Regulation Of Synaptic Transmission, Glutamatergic (GO:0051966)","1/55",0.131179623533306,0.188977988977786,0,0,7.36851851851852,14.966844351284,"PTK2B"
"Regulation Of Mitotic Nuclear Division (GO:0007088)","1/56",0.133401221501624,0.190532365613668,0,0,7.23418181818182,14.5724923688564,"PDGFB"
"Pattern Recognition Receptor Signaling Pathway (GO:0002221)","1/56",0.133401221501624,0.190532365613668,0,0,7.23418181818182,14.5724923688564,"RPS6KA3"
"Regulation Of Reactive Oxygen Species Metabolic Process (GO:2000377)","1/56",0.133401221501624,0.190532365613668,0,0,7.23418181818182,14.5724923688564,"PDGFB"
"Positive Regulation Of Cellular Metabolic Process (GO:0031325)","1/56",0.133401221501624,0.190532365613668,0,0,7.23418181818182,14.5724923688564,"PDGFB"
"Membrane Lipid Biosynthetic Process (GO:0046467)","1/57",0.135617249935038,0.192461075971639,0,0,7.10464285714286,14.1944988186651,"SPHK1"
"Chemokine-Mediated Signaling Pathway (GO:0070098)","1/57",0.135617249935038,0.192461075971639,0,0,7.10464285714286,14.1944988186651,"PTK2B"
"Myeloid Cell Differentiation (GO:0030099)","1/57",0.135617249935038,0.192461075971639,0,0,7.10464285714286,14.1944988186651,"DYRK3"
"Positive Regulation Of Mitochondrion Organization (GO:0010822)","1/58",0.137827722445299,0.193539138675819,0,0,6.97964912280702,13.8319249661358,"PLAUR"
"Peptidyl-Threonine Phosphorylation (GO:0018107)","1/58",0.137827722445299,0.193539138675819,0,0,6.97964912280702,13.8319249661358,"DYRK3"
"Renal System Development (GO:0072001)","1/58",0.137827722445299,0.193539138675819,0,0,6.97964912280702,13.8319249661358,"HAS2"
"Muscle Organ Development (GO:0007517)","1/58",0.137827722445299,0.193539138675819,0,0,6.97964912280702,13.8319249661358,"HBEGF"
"Regulation Of Bone Mineralization (GO:0030500)","1/58",0.137827722445299,0.193539138675819,0,0,6.97964912280702,13.8319249661358,"PTK2B"
"Cytokine-Mediated Signaling Pathway (GO:0019221)","2/257",0.139517904634627,0.194993276400582,0,0,3.15230092036815,6.20865316866062,"PDGFB;PTK2B"
"Heart Morphogenesis (GO:0003007)","1/59",0.140032652767435,0.194993276400582,0,0,6.85896551724138,13.4839007270669,"FLRT2"
"Positive Regulation Of Proteolysis (GO:0045862)","1/59",0.140032652767435,0.194993276400582,0,0,6.85896551724138,13.4839007270669,"CCBE1"
"Cellular Response To Chemokine (GO:1990869)","1/59",0.140032652767435,0.194993276400582,0,0,6.85896551724138,13.4839007270669,"PTK2B"
"Cellular Component Assembly (GO:0022607)","2/260",0.14213400157387,0.196415694237571,0,0,3.11517165005537,6.07765314082705,"PTK2B;HAS2"
"Positive Regulation Of Phagocytosis (GO:0050766)","1/60",0.142232054447896,0.196415694237571,0,0,6.74237288135593,13.149618606293,"GATA2"
"protein-DNA Complex Organization (GO:0071824)","1/60",0.142232054447896,0.196415694237571,0,0,6.74237288135593,13.149618606293,"M1AP"
"Response To Retinoic Acid (GO:0032526)","1/60",0.142232054447896,0.196415694237571,0,0,6.74237288135593,13.149618606293,"PTK2B"
"Negative Regulation Of Intrinsic Apoptotic Signaling Pathway (GO:2001243)","1/61",0.144425941098342,0.199033270067344,0,0,6.62966666666667,12.8283282361679,"PLAUR"
"RNA Methylation (GO:0001510)","1/62",0.146614326280517,0.201632485833205,0,0,6.52065573770492,12.5193314884141,"METTL4"
"Positive Regulation Of Signal Transduction (GO:0009967)","2/266",0.147398170494744,0.202293373909454,0,0,3.04344465058751,5.82703303090191,"CCBE1;PTK2B"
"Protein Polymerization (GO:0051258)","1/63",0.148797223520812,0.203794143918648,0,0,6.41516129032258,12.2219780695598,"TTC17"
"Response To Metal Ion (GO:0010038)","1/64",0.150974646261749,0.206352641509399,0,0,6.31301587301587,11.9356615533581,"TNNT2"
"Positive Regulation Of DNA Biosynthetic Process (GO:2000573)","1/65",0.153146608020298,0.208042337168103,0,0,6.2140625,11.6598157898192,"PDGFB"
"Monocarboxylic Acid Biosynthetic Process (GO:0072330)","1/65",0.153146608020298,0.208042337168103,0,0,6.2140625,11.6598157898192,"DSEL"
"Regulation Of Cell-Matrix Adhesion (GO:0001952)","1/65",0.153146608020298,0.208042337168103,0,0,6.2140625,11.6598157898192,"PTK2B"
"Regulation Of Endocytosis (GO:0030100)","1/66",0.155313122155258,0.209704154812868,0,0,6.11815384615385,11.3939116734815,"SPHK1"
"Peptidyl-Threonine Modification (GO:0018210)","1/66",0.155313122155258,0.209704154812868,0,0,6.11815384615385,11.3939116734815,"DYRK3"
"Response To Reactive Oxygen Species (GO:0000302)","1/66",0.155313122155258,0.209704154812868,0,0,6.11815384615385,11.3939116734815,"HMOX1"
"Regulation Of Heart Contraction (GO:0008016)","1/69",0.161780112789419,0.216247164790666,0,0,5.84735294117647,10.6510539229955,"TNNT2"
"Positive Regulation Of Phosphatidylinositol 3-Kinase Signaling (GO:0014068)","1/69",0.161780112789419,0.216247164790666,0,0,5.84735294117647,10.6510539229955,"PDGFB"
"Regulation Of Monoatomic Ion Transmembrane Transporter Activity (GO:0032412)","1/69",0.161780112789419,0.216247164790666,0,0,5.84735294117647,10.6510539229955,"PTK2B"
"Cellular Response To Calcium Ion (GO:0071277)","1/69",0.161780112789419,0.216247164790666,0,0,5.84735294117647,10.6510539229955,"SCN5A"
"Response To Molecule Of Bacterial Origin (GO:0002237)","1/69",0.161780112789419,0.216247164790666,0,0,5.84735294117647,10.6510539229955,"RPS6KA3"
"Negative Regulation Of Extrinsic Apoptotic Signaling Pathway (GO:2001237)","1/70",0.163924970148044,0.216940387080843,0,0,5.76231884057971,10.4202688475956,"HMOX1"
"Positive Regulation Of Protein Polymerization (GO:0032273)","1/70",0.163924970148044,0.216940387080843,0,0,5.76231884057971,10.4202688475956,"PTK2B"
"Regulation Of Notch Signaling Pathway (GO:0008593)","1/70",0.163924970148044,0.216940387080843,0,0,5.76231884057971,10.4202688475956,"GATA2"
"Regulation Of Actin Filament Polymerization (GO:0030833)","1/70",0.163924970148044,0.216940387080843,0,0,5.76231884057971,10.4202688475956,"PTK2B"
"Regulation Of Cellular Biosynthetic Process (GO:0031326)","1/70",0.163924970148044,0.216940387080843,0,0,5.76231884057971,10.4202688475956,"JADE1"
"Negative Regulation Of Protein Binding (GO:0032091)","1/71",0.166064446546485,0.218471372478315,0,0,5.67971428571429,10.1972416502356,"PDGFB"
"Kidney Development (GO:0001822)","1/71",0.166064446546485,0.218471372478315,0,0,5.67971428571429,10.1972416502356,"HAS2"
"Negative Regulation Of Cellular Response To Growth Factor Stimulus (GO:0090288)","1/71",0.166064446546485,0.218471372478315,0,0,5.67971428571429,10.1972416502356,"TNFAIP6"
"Second-Messenger-Mediated Signaling (GO:0019932)","1/72",0.168198555201951,0.220843378582089,0,0,5.59943661971831,9.98161239156665,"SPHK1"
"Negative Regulation Of Neuron Apoptotic Process (GO:0043524)","1/74",0.172450722085823,0.225981594560401,0,0,5.44547945205479,9.57121293767003,"PTK2B"
"Regulation Of Stress Fiber Assembly (GO:0051492)","1/75",0.174568806612126,0.227416785176344,0,0,5.37162162162162,9.37582341027891,"CGNL1"
"Regulation Of BMP Signaling Pathway (GO:0030510)","1/75",0.174568806612126,0.227416785176344,0,0,5.37162162162162,9.37582341027891,"TNFAIP6"
"Regulation Of DNA Replication (GO:0006275)","1/75",0.174568806612126,0.227416785176344,0,0,5.37162162162162,9.37582341027891,"JADE1"
"Sphingolipid Biosynthetic Process (GO:0030148)","1/77",0.178789043337095,0.230216779741008,0,0,5.22973684210526,9.00324664615651,"SPHK1"
"Actomyosin Structure Organization (GO:0031032)","1/77",0.178789043337095,0.230216779741008,0,0,5.22973684210526,9.00324664615651,"TNNT2"
"Positive Regulation Of Synaptic Transmission (GO:0050806)","1/77",0.178789043337095,0.230216779741008,0,0,5.22973684210526,9.00324664615651,"PTK2B"
"Monoatomic Cation Homeostasis (GO:0055080)","1/77",0.178789043337095,0.230216779741008,0,0,5.22973684210526,9.00324664615651,"HMOX1"
"Positive Regulation Of JNK Cascade (GO:0046330)","1/77",0.178789043337095,0.230216779741008,0,0,5.22973684210526,9.00324664615651,"PTK2B"
"Embryonic Organ Development (GO:0048568)","1/77",0.178789043337095,0.230216779741008,0,0,5.22973684210526,9.00324664615651,"PDGFB"
"Regulation Of TOR Signaling (GO:0032006)","1/78",0.180891221663407,0.232474845567423,0,0,5.16155844155844,8.8255392904828,"DYRK3"
"Regulation Of Cyclin-Dependent Protein Serine/Threonine Kinase Activity (GO:0000079)","1/79",0.182988123959518,0.232925722673662,0,0,5.0951282051282,8.65322959068568,"PDGFB"
"Positive Regulation Of Protein Localization To Membrane (GO:1905477)","1/79",0.182988123959518,0.232925722673662,0,0,5.0951282051282,8.65322959068568,"TNFAIP6"
"Positive Regulation Of Protein Modification By Small Protein Conjugation Or Removal (GO:1903322)","1/79",0.182988123959518,0.232925722673662,0,0,5.0951282051282,8.65322959068568,"SPHK1"
"Positive Regulation Of Cytoskeleton Organization (GO:0051495)","1/79",0.182988123959518,0.232925722673662,0,0,5.0951282051282,8.65322959068568,"PTK2B"
"Positive Regulation Of Endocytosis (GO:0045807)","1/79",0.182988123959518,0.232925722673662,0,0,5.0951282051282,8.65322959068568,"GATA2"
"Glycoprotein Biosynthetic Process (GO:0009101)","1/80",0.185079763226246,0.234692399376247,0,0,5.03037974683544,8.48609164398205,"CHST11"
"Wound Healing (GO:0042060)","1/80",0.185079763226246,0.234692399376247,0,0,5.03037974683544,8.48609164398205,"HMOX1"
"Positive Regulation Of MAPK Cascade (GO:0043410)","2/310",0.187094309151752,0.235992105189277,0,0,2.60283593957063,4.36272384056639,"PDGFB;PTK2B"
"Histone Modification (GO:0016570)","1/81",0.187166152391495,0.235992105189277,0,0,4.96725,8.32391161358303,"JADE1"
"Cellular Response To Interleukin-1 (GO:0071347)","1/81",0.187166152391495,0.235992105189277,0,0,4.96725,8.32391161358303,"HAS2"
"Negative Regulation Of Apoptotic Signaling Pathway (GO:2001234)","1/82",0.189247304401236,0.238165947237027,0,0,4.90567901234568,8.16648694415947,"PLAUR"
"Vascular Transport (GO:0010232)","1/83",0.191323232110092,0.238974898534516,0,0,4.84560975609756,8.01362564217708,"SLC4A4"
"Calcium Ion Transmembrane Import Into Cytosol (GO:0097553)","1/83",0.191323232110092,0.238974898534516,0,0,4.84560975609756,8.01362564217708,"SCN5A"
"Regulation Of NIK/NF-kappaB Signaling (GO:1901222)","1/83",0.191323232110092,0.238974898534516,0,0,4.84560975609756,8.01362564217708,"SPHK1"
"Regulation Of Cell Division (GO:0051302)","1/83",0.191323232110092,0.238974898534516,0,0,4.84560975609756,8.01362564217708,"PRDM15"
"Supramolecular Fiber Organization (GO:0097435)","2/316",0.192627898744264,0.240094776884472,0,0,2.55232029117379,4.20365859669386,"TNFAIP6;CGNL1"
"Regulation Of Cysteine-Type Endopeptidase Activity Involved In Apoptotic Process (GO:0043281)","1/84",0.193393948387144,0.240094776884472,0,0,4.78698795180723,7.86514560479423,"RPS6KA3"
"Positive Regulation Of Protein Ubiquitination (GO:0031398)","1/84",0.193393948387144,0.240094776884472,0,0,4.78698795180723,7.86514560479423,"SPHK1"
"Transport Across Blood-Brain Barrier (GO:0150104)","1/85",0.195459466039383,0.240094776884472,0,0,4.7297619047619,7.72087400315814,"SLC4A4"
"Integrin-Mediated Signaling Pathway (GO:0007229)","1/85",0.195459466039383,0.240094776884472,0,0,4.7297619047619,7.72087400315814,"PTK2B"
"Regulation Of Osteoblast Differentiation (GO:0045667)","1/85",0.195459466039383,0.240094776884472,0,0,4.7297619047619,7.72087400315814,"TNFAIP6"
"Calcium-Mediated Signaling (GO:0019722)","1/85",0.195459466039383,0.240094776884472,0,0,4.7297619047619,7.72087400315814,"SPHK1"
"Cellular Respiration (GO:0045333)","1/85",0.195459466039383,0.240094776884472,0,0,4.7297619047619,7.72087400315814,"NR4A3"
"Response To Interleukin-1 (GO:0070555)","1/85",0.195459466039383,0.240094776884472,0,0,4.7297619047619,7.72087400315814,"HAS2"
"Exocytosis (GO:0006887)","1/86",0.197519797868749,0.241735238859552,0,0,4.67388235294118,7.5806467076795,"TNFAIP2"
"Negative Regulation Of Binding (GO:0051100)","1/86",0.197519797868749,0.241735238859552,0,0,4.67388235294118,7.5806467076795,"PDGFB"
"Regulation Of Endothelial Cell Migration (GO:0010594)","1/88",0.201624955085694,0.245408476354302,0,0,4.56597701149425,7.31170886500149,"PTK2B"
"Negative Regulation Of Neuron Death (GO:1901215)","1/88",0.201624955085694,0.245408476354302,0,0,4.56597701149425,7.31170886500149,"PTK2B"
"Positive Regulation Of Cell Adhesion (GO:0045785)","1/88",0.201624955085694,0.245408476354302,0,0,4.56597701149425,7.31170886500149,"PDGFB"
"Organic Anion Transport (GO:0015711)","1/89",0.203669805860803,0.246547659726235,0,0,4.51386363636364,7.1827089618133,"SLC4A4"
"Cellular Response To Peptide Hormone Stimulus (GO:0071375)","1/89",0.203669805860803,0.246547659726235,0,0,4.51386363636364,7.1827089618133,"NR4A3"
"Regulation Of Vesicle-Mediated Transport (GO:0060627)","1/89",0.203669805860803,0.246547659726235,0,0,4.51386363636364,7.1827089618133,"SPHK1"
"Regulation Of Phosphatidylinositol 3-Kinase Signaling (GO:0014066)","1/90",0.205709521679603,0.24856567202952,0,0,4.46292134831461,7.05717376574308,"PDGFB"
"Positive Regulation Of MAP Kinase Activity (GO:0043406)","1/91",0.207744115162617,0.249218210096162,0,0,4.41311111111111,6.93497538918949,"PDGFB"
"Regulation Of RNA Metabolic Process (GO:0051252)","1/91",0.207744115162617,0.249218210096162,0,0,4.41311111111111,6.93497538918949,"METTL4"
"Positive Regulation Of Binding (GO:0051099)","1/91",0.207744115162617,0.249218210096162,0,0,4.41311111111111,6.93497538918949,"PLAUR"
"Regulation Of Actin Cytoskeleton Organization (GO:0032956)","1/91",0.207744115162617,0.249218210096162,0,0,4.41311111111111,6.93497538918949,"PTK2B"
"Positive Regulation Of DNA-templated Transcription (GO:0045893)","5/1243",0.208947058302901,0.25021128884746,0,0,1.64281449743626,2.57211255110083,"RPS6KA3;NR4A3;PDGFB;PRDM15;GATA2"
"Positive Regulation Of Neuron Projection Development (GO:0010976)","1/92",0.209773598930029,0.250750879007759,0,0,4.3643956043956,6.81599196708518,"PTK2B"
"Negative Regulation Of Gene Expression (GO:0010629)","2/336",0.211225284730008,0.251368783546331,0,0,2.39704264939509,3.72699385839536,"PDGFB;GATA2"
"Regulation Of Endothelial Cell Proliferation (GO:0001936)","1/93",0.211797985536789,0.251368783546331,0,0,4.31673913043478,6.70010731376145,"PDGFB"
"Positive Regulation Of Protein Kinase B Signaling (GO:0051897)","1/93",0.211797985536789,0.251368783546331,0,0,4.31673913043478,6.70010731376145,"HBEGF"
"Negative Regulation Of Amide Metabolic Process (GO:0034249)","1/93",0.211797985536789,0.251368783546331,0,0,4.31673913043478,6.70010731376145,"SPHK1"
"Sphingolipid Metabolic Process (GO:0006665)","1/94",0.213817287520602,0.251971962502194,0,0,4.27010752688172,6.58721060052849,"SPHK1"
"Regulation Of mRNA Splicing, Via Spliceosome (GO:0048024)","1/94",0.213817287520602,0.251971962502194,0,0,4.27010752688172,6.58721060052849,"KHDRBS3"
"Cellular Response To Hormone Stimulus (GO:0032870)","1/94",0.213817287520602,0.251971962502194,0,0,4.27010752688172,6.58721060052849,"NR4A3"
"Muscle Contraction (GO:0006936)","1/94",0.213817287520602,0.251971962502194,0,0,4.27010752688172,6.58721060052849,"TNNT2"
"Positive Regulation Of Epithelial Cell Migration (GO:0010634)","1/95",0.215831517435419,0.253897040792636,0,0,4.22446808510638,6.47719605501669,"PTK2B"
"Positive Regulation Of Transcription By RNA Polymerase II (GO:0045944)","4/938",0.216276770828326,0.253972898138192,0,0,1.73265296824457,2.65303189229285,"RPS6KA3;NR4A3;PRDM15;GATA2"
"Positive Regulation Of Supramolecular Fiber Organization (GO:1902905)","1/96",0.217840687742876,0.254911822323681,0,0,4.17978947368421,6.36996268304818,"PTK2B"
"Regulation Of Protein Metabolic Process (GO:0051246)","1/96",0.217840687742876,0.254911822323681,0,0,4.17978947368421,6.36996268304818,"PLAUR"
"Regulation Of Defense Response (GO:0031347)","1/97",0.219844810921714,0.25635749805032,0,0,4.13604166666667,6.26541400439916,"PTGS2"
"Monocarboxylic Acid Metabolic Process (GO:0032787)","1/97",0.219844810921714,0.25635749805032,0,0,4.13604166666667,6.26541400439916,"DSEL"
"MAPK Cascade (GO:0000165)","1/98",0.221843899359967,0.258237139394586,0,0,4.09319587628866,6.16345780970175,"RASGRP3"
"Hemopoiesis (GO:0030097)","1/101",0.227811080144164,0.264721237728497,0,0,3.9698,5.87228135204896,"PDGFB"
"Regulation Of RNA Splicing (GO:0043484)","1/102",0.229790153399821,0.266556577943792,0,0,3.93029702970297,5.77985064733098,"METTL4"
"Inorganic Cation Import Across Plasma Membrane (GO:0098659)","1/103",0.231764253559295,0.268379786673698,0,0,3.89156862745098,5.68960787418494,"SCN5A"
"Positive Regulation Of Kinase Activity (GO:0033674)","1/104",0.233733392926841,0.27019094121699,0,0,3.85359223300971,5.60148209169051,"PTK2B"
"Regulation Of Neuron Apoptotic Process (GO:0043523)","1/105",0.23569758376547,0.271520359881811,0,0,3.81634615384615,5.51540529258727,"PTK2B"
"Negative Regulation Of MAPK Cascade (GO:0043409)","1/105",0.23569758376547,0.271520359881811,0,0,3.81634615384615,5.51540529258727,"PRDM15"
"Positive Regulation Of Macromolecule Metabolic Process (GO:0010604)","2/364",0.237553349512447,0.272834958786003,0,0,2.20847897169918,3.17438607328755,"PDGFB;GATA2"
"Regulation Of G1/S Transition Of Mitotic Cell Cycle (GO:2000045)","1/106",0.23765683816292,0.272834958786003,0,0,3.77980952380952,5.43131225800672,"JADE1"
"Regulation Of Cellular Response To Stress (GO:0080135)","1/107",0.239611168341212,0.274605926604104,0,0,3.74396226415094,5.34914041375035,"DYRK3"
"Positive Regulation Of DNA Metabolic Process (GO:0051054)","1/108",0.241560586413351,0.276365199207041,0,0,3.70878504672897,5.26882970368819,"PDGFB"
"Regulation Of JNK Cascade (GO:0046328)","1/110",0.245444734651254,0.279848953867328,0,0,3.64036697247706,5.11356331288819,"PTK2B"
"Response To Lipid (GO:0033993)","1/110",0.245444734651254,0.279848953867328,0,0,3.64036697247706,5.11356331288819,"RPS6KA3"
"Negative Regulation Of Inflammatory Response (GO:0050728)","1/111",0.247379488907149,0.280139421224224,0,0,3.60709090909091,5.03849903142472,"TNFAIP6"
"RNA Metabolic Process (GO:0016070)","1/111",0.247379488907149,0.280139421224224,0,0,3.60709090909091,5.03849903142472,"M1AP"
"Negative Regulation Of Transmembrane Receptor Protein Serine/Threonine Kinase Signaling Pathway (GO:0090101)","1/111",0.247379488907149,0.280139421224224,0,0,3.60709090909091,5.03849903142472,"TNFAIP6"
"Cytoskeleton Organization (GO:0007010)","1/111",0.247379488907149,0.280139421224224,0,0,3.60709090909091,5.03849903142472,"MAST4"
"Negative Regulation Of Defense Response (GO:0031348)","1/112",0.249309379292202,0.281846366081184,0,0,3.57441441441441,4.96507846936447,"TNFAIP6"
"Regulation Of Protein Ubiquitination (GO:0031396)","1/113",0.251234417783493,0.283542058649052,0,0,3.54232142857143,4.89325244377065,"SPHK1"
"Regulation Of MAP Kinase Activity (GO:0043405)","1/114",0.253154616328475,0.285226569410629,0,0,3.51079646017699,4.82297364763163,"PDGFB"
"Positive Regulation Of Protein Serine/Threonine Kinase Activity (GO:0071902)","1/117",0.258886291449686,0.290702283496533,0,0,3.41948275862069,4.62097390990768,"PDGFB"
"Cellular Response To Oxidative Stress (GO:0034599)","1/117",0.258886291449686,0.290702283496533,0,0,3.41948275862069,4.62097390990768,"HMOX1"
"Regulation Of Protein Binding (GO:0043393)","1/118",0.260787249206564,0.290878085653475,0,0,3.39008547008547,4.55644553277901,"PDGFB"
"Regulation Of Small GTPase Mediated Signal Transduction (GO:0051056)","1/118",0.260787249206564,0.290878085653475,0,0,3.39008547008547,4.55644553277901,"CGNL1"
"Positive Regulation Of Cell Cycle Process (GO:0090068)","1/118",0.260787249206564,0.290878085653475,0,0,3.39008547008547,4.55644553277901,"PDGFB"
"Positive Regulation Of Cell Projection Organization (GO:0031346)","1/118",0.260787249206564,0.290878085653475,0,0,3.39008547008547,4.55644553277901,"PTK2B"
"Regulation Of Protein Kinase Activity (GO:0045859)","1/119",0.262683426348036,0.292503915482705,0,0,3.36118644067797,4.49325310504947,"PTK2B"
"Positive Regulation Of Macromolecule Biosynthetic Process (GO:0010557)","1/122",0.268343391940439,0.298308404040454,0,0,3.27735537190083,4.31132102583513,"PDGFB"
"Organonitrogen Compound Biosynthetic Process (GO:1901566)","1/123",0.270220564256084,0.299895368317484,0,0,3.25032786885246,4.25310845553881,"SPHK1"
"Negative Regulation Of Growth (GO:0045926)","1/124",0.27209301459396,0.300971875181047,0,0,3.22373983739837,4.19605621907063,"JADE1"
"Regulation Of DNA Metabolic Process (GO:0051052)","1/124",0.27209301459396,0.300971875181047,0,0,3.22373983739837,4.19605621907063,"JADE1"
"Regulation Of Mitotic Cell Cycle (GO:0007346)","1/125",0.273960754609278,0.301537662251466,0,0,3.19758064516129,4.14013281639148,"SPHK1"
"Response To Cytokine (GO:0034097)","1/125",0.273960754609278,0.301537662251466,0,0,3.19758064516129,4.14013281639148,"SPHK1"
"Negative Regulation Of Cell Growth (GO:0030308)","1/125",0.273960754609278,0.301537662251466,0,0,3.19758064516129,4.14013281639148,"JADE1"
"Protein-Containing Complex Organization (GO:0043933)","1/126",0.275823795903387,0.303088092038813,0,0,3.17184,4.08530783695885,"PTK2B"
"Regulation Of Response To External Stimulus (GO:0032101)","1/127",0.277682150091092,0.304128069147387,0,0,3.14650793650794,4.03155191317496,"PTGS2"
"Regulation Of Anatomical Structure Morphogenesis (GO:0022603)","1/127",0.277682150091092,0.304128069147387,0,0,3.14650793650794,4.03155191317496,"HMOX1"
"Synapse Organization (GO:0050808)","1/131",0.285068926126557,0.311706514305596,0,0,3.04907692307692,3.82666557582855,"PPFIBP2"
"Plasma Membrane Bounded Cell Projection Organization (GO:0120036)","1/132",0.286904017440751,0.312687875217289,0,0,3.02564885496183,3.77784801352248,"TTC17"
"Circulatory System Development (GO:0072359)","1/132",0.286904017440751,0.312687875217289,0,0,3.02564885496183,3.77784801352248,"PDGFB"
"Cellular Response To Metal Ion (GO:0071248)","1/135",0.292381627650645,0.31813792111416,0,0,2.95746268656716,3.63677821997642,"SCN5A"
"Regulation Of Protein Kinase B Signaling (GO:0051896)","1/136",0.294198314354499,0.319593282857412,0,0,2.93540740740741,3.59147448668951,"HBEGF"
"Negative Regulation Of Cellular Biosynthetic Process (GO:0031327)","1/137",0.296010428260846,0.321038952276398,0,0,2.91367647058824,3.54699492090456,"PDGFB"
"Ras Protein Signal Transduction (GO:0007265)","1/144",0.308568130911662,0.333573652055233,0,0,2.77006993006993,3.2570831662048,"RASGRP3"
"Actin Filament Organization (GO:0007015)","1/144",0.308568130911662,0.333573652055233,0,0,2.77006993006993,3.2570831662048,"CGNL1"
"Negative Regulation Of Response To External Stimulus (GO:0032102)","1/146",0.312115529096223,0.336318348799969,0,0,2.73158620689655,3.18060946697925,"TNFAIP6"
"Positive Regulation Of Cellular Catabolic Process (GO:0031331)","1/146",0.312115529096223,0.336318348799969,0,0,2.73158620689655,3.18060946697925,"SLC4A4"
"Skeletal System Development (GO:0001501)","1/149",0.317403194660813,0.341464404578649,0,0,2.67581081081081,3.07071340786048,"RPS6KA3"
"Positive Regulation Of NF-kappaB Transcription Factor Activity (GO:0051092)","1/152",0.32265100559266,0.346551080081006,0,0,2.62225165562914,2.96624916385909,"SPHK1"
"Regulation Of Gene Expression (GO:0010468)","4/1127",0.323581202761848,0.346991418395744,0,0,1.42672552623103,1.60978180648639,"JADE1;PDGFB;METTL4;GATA2"
"Positive Regulation Of Response To External Stimulus (GO:0032103)","1/155",0.327859256412874,0.351014645308808,0,0,2.57077922077922,2.86685807190581,"PDGFB"
"Response To Lipopolysaccharide (GO:0032496)","1/159",0.33474255762327,0.357809753100515,0,0,2.50518987341772,2.74166358212452,"RPS6KA3"
"Protein Autophosphorylation (GO:0046777)","1/162",0.339859634377971,0.362698201808171,0,0,2.45813664596273,2.65287658946546,"PTK2B"
"Negative Regulation Of Cell Migration (GO:0030336)","1/163",0.341556736052601,0.363927065410679,0,0,2.44283950617284,2.62419951671414,"HMOX1"
"Positive Regulation Of Gene Expression (GO:0010628)","2/480",0.347091739245971,0.369234752913975,0,0,1.66262488258902,1.75933338045783,"PDGFB;GATA2"
"Regulation Of Neuron Projection Development (GO:0010975)","1/174",0.359944843806807,0.382298106399904,0,0,2.28624277456647,2.33609308865564,"PTK2B"
"Positive Regulation Of I-kappaB kinase/NF-kappaB Signaling (GO:0043123)","1/175",0.361591305840249,0.383436249595304,0,0,2.27298850574713,2.3121764058052,"HMOX1"
"Positive Regulation Of Hydrolase Activity (GO:0051345)","1/176",0.363233615465962,0.384566383358407,0,0,2.25988571428571,2.28860678926826,"RASGRP3"
"Regulation Of DNA-templated Transcription (GO:0006355)","6/1922",0.365593489011029,0.386451437670929,0,0,1.25490605427975,1.26272819570018,"RPS6KA3;NR4A3;JADE1;PDGFB;PRDM15;METTL4"
"RNA Processing (GO:0006396)","1/183",0.374614371819636,0.395360420891926,0,0,2.1721978021978,2.13279005887567,"M1AP"
"Phosphate-Containing Compound Metabolic Process (GO:0006796)","1/184",0.376223828910489,0.396431743891463,0,0,2.16021857923497,2.11176708651713,"SPHK1"
"Intracellular Monoatomic Cation Homeostasis (GO:0030003)","1/190",0.385795640893585,0.405876486555238,0,0,2.09100529100529,1.9915727147536,"HMOX1"
"Regulation Of Signal Transduction (GO:0009966)","1/193",0.39052739734238,0.40956253777888,0,0,2.05802083333333,1.93506880856838,"IGFBP7"
"Regulation Of Cell Differentiation (GO:0045595)","1/193",0.39052739734238,0.40956253777888,0,0,2.05802083333333,1.93506880856838,"RPS6KA3"
"Regulation Of Programmed Cell Death (GO:0043067)","1/195",0.393662027726555,0.412201840649313,0,0,2.03659793814433,1.89864395750968,"DYNAP"
"Anterograde Trans-Synaptic Signaling (GO:0098916)","1/199",0.399883944119797,0.418060487034333,0,0,1.9950505050505,1.82862521474363,"RPS6KA3"
"Regulation Of Translation (GO:0006417)","1/202",0.404509261747695,0.422234237223337,0,0,1.96497512437811,1.77846095487781,"RPS6KA3"
"Regulation Of GTPase Activity (GO:0043087)","1/214",0.422663558266324,0.440494677130685,0,0,1.8531455399061,1.59588962807888,"RASGRP3"
"Positive Regulation Of Protein Modification Process (GO:0031401)","1/225",0.438827654901459,0.456627216566728,0,0,1.76116071428571,1.45057743101078,"PLAUR"
"Cellular Response To Lipid (GO:0071396)","1/228",0.443158490474074,0.459699398361131,0,0,1.73762114537445,1.41412440546436,"PTK2B"
"Cilium Organization (GO:0044782)","1/228",0.443158490474074,0.459699398361131,0,0,1.73762114537445,1.41412440546436,"TTC17"
"Positive Regulation Of Phosphorylation (GO:0042327)","1/231",0.447456553253447,0.46343714444107,0,0,1.71469565217391,1.37891680559844,"PLAUR"
"Regulation Of I-kappaB kinase/NF-kappaB Signaling (GO:0043122)","1/232",0.448882000088326,0.464192703967307,0,0,1.70718614718615,1.36744796372322,"HMOX1"
"Positive Regulation Of GTPase Activity (GO:0043547)","1/234",0.451722086315521,0.466406550421753,0,0,1.69236051502146,1.34489883248784,"RASGRP3"
"Inflammatory Response (GO:0006954)","1/236",0.454547822180051,0.468598759496281,0,0,1.67778723404255,1.3228549545772,"TNFAIP6"
"Positive Regulation Of DNA-binding Transcription Factor Activity (GO:0051091)","1/246",0.468463721028559,0.482199540009335,0,0,1.60848979591837,1.21971237030655,"SPHK1"
"Negative Regulation Of DNA-templated Transcription (GO:0045892)","3/1025",0.489238335604235,0.502807349534707,0,0,1.15747309197652,0.827483896190513,"NR4A3;PDGFB;GATA2"
"Regulation Of Protein Phosphorylation (GO:0001932)","1/265",0.493951581090004,0.506870314749281,0,0,1.49128787878788,1.05183185688109,"PLAUR"
"Negative Regulation Of Signal Transduction (GO:0009968)","1/267",0.496563763937386,0.508768096077169,0,0,1.47992481203008,1.03601156294221,"GATA2"
"Chromatin Organization (GO:0006325)","1/268",0.497864893446312,0.509318840381427,0,0,1.47430711610487,1.02822090655693,"M1AP"
"Chemical Synaptic Transmission (GO:0007268)","1/273",0.504321249382109,0.51513364982828,0,0,1.44683823529412,0.990421270725623,"RPS6KA3"
"Central Nervous System Development (GO:0007417)","1/283",0.516990744501172,0.526462330659972,0,0,1.39482269503546,0.920206804740438,"RPS6KA3"
"Positive Regulation Of Cell Differentiation (GO:0045597)","1/283",0.516990744501172,0.526462330659972,0,0,1.39482269503546,0.920206804740438,"RPS6KA3"
"Gene Expression (GO:0010467)","1/296",0.532987385941346,0.541924674425118,0,0,1.33247457627119,0.838469648989935,"M1AP"
"Regulation Of Cell Cycle (GO:0051726)","1/298",0.535401856276548,0.543551047391868,0,0,1.323367003367,0.826757232554988,"JADE1"
"Cellular Response To Cytokine Stimulus (GO:0071345)","1/308",0.54729182853364,0.554777583027262,0,0,1.27960912052117,0.77131397101699,"HAS2"
"Protein-Containing Complex Assembly (GO:0065003)","1/328",0.570183702549725,0.57710550774001,0,0,1.20012232415902,0.674224743188577,"PTK2B"
"Negative Regulation Of Transcription By RNA Polymerase II (GO:0000122)","2/763",0.584524935809916,0.59072444270487,0,0,1.02915068787042,0.552608469211287,"NR4A3;GATA2"
"Regulation Of Transcription By RNA Polymerase II (GO:0006357)","5/2028",0.599948516488998,0.605394342659851,0,0,0.963162758709622,0.492090865552738,"RPS6KA3;NR4A3;JADE1;PRDM15;GATA2"
"Positive Regulation Of Multicellular Organismal Process (GO:0051240)","1/387",0.63130316309059,0.63607131386922,0,0,1.01362694300518,0.466237055662056,"PDGFB"
"Vesicle-Mediated Transport (GO:0016192)","1/411",0.653650157725809,0.657593748420988,0,0,0.953121951219512,0.405251248368594,"TNFAIP2"
"Nervous System Development (GO:0007399)","1/433",0.672965046150154,0.676005550876736,0,0,0.903564814814815,0.357867586536487,"RPS6KA3"
"Regulation Of Nucleic Acid-Templated Transcription (GO:1903506)","1/452",0.688793210050414,0.690864768576881,0,0,0.864656319290466,0.322356139742832,"JADE1"
"Negative Regulation Of Nucleic Acid-Templated Transcription (GO:1903507)","1/456",0.692028462972263,0.693067544748498,0,0,0.856879120879121,0.315441362172327,"PDGFB"
"Positive Regulation Of Nucleic Acid-Templated Transcription (GO:1903508)","1/557",0.763623286018267,0.763623286018267,0,0,0.697589928057554,0.18812653491308,"PDGFB"
