SYMBOL,log2FoldChange,pvalue,padj,kd3_female_sig
Il18rap,-0.913111694974297,0.00353285707088384,0.0285331297856083,Down after KD
Col3a1,0.66018359355945,2.34291423978854e-4,0.00339077331349568,Up after KD
Tmeff2,0.5293776371125,1.58615511276945e-7,6.62710178564877e-6,Up after KD
Nab1,-0.648599214798869,1.37373767201847e-13,2.00531780666005e-11,Down after KD
Igfbp2,0.510084497882017,2.00086001653917e-29,1.02861603632866e-26,Up after KD
Col4a4,1.23627209455081,0.0287216623459137,0.133387641625328,Up after KD
Dner,1.16244014457372,3.12562370840495e-7,1.19991476390195e-5,Up after KD
Sned1,1.85105570187085,1.58908118612531e-8,8.82126570175851e-7,Up after KD
Pam,0.631085620330361,2.60054550441133e-4,0.00367369773526399,Up after KD
Tmem163,0.818712158472427,2.27581227916145e-9,1.52029403326582e-7,Up after KD
Rab7b,-1.60657580713388,5.24028605642854e-4,0.00646101588438071,Down after KD
Optc,0.836596829835354,0.00117730752991263,0.0122431699504723,Up after KD
Prelp,0.949974698144177,5.38435873359848e-53,9.09495109515263e-50,Up after KD
Fmod,1.02028581106842,2.1861419933251e-43,2.87210476989733e-40,Up after KD
Btg2,0.665167362459238,2.40231939382804e-7,9.50000819820159e-6,Up after KD
Lmod1,0.609668620019484,2.3258277673994e-12,2.72283044769609e-10,Up after KD
Nav1,0.556122274330717,0.00799678174795978,0.0528825209104455,Up after KD
Ptgs2os,-0.992178393860722,0.0229816831337495,0.114414914262507,Down after KD
Mr1,0.51913924817827,0.0175372608777496,0.0946851929764889,Up after KD
Olfml2b,-0.522013471942196,6.87141200675481e-5,0.00125901915953354,Down after KD
Pcp4l1,1.31670660382033,0.0275144301883697,0.12920199465738,Up after KD
Ifi204,0.501618811815878,0.00442348201213114,0.033941110520077,Up after KD
Ust,-0.553399545498318,0.00440991024408499,0.0338875417489691,Down after KD
Lama4,0.990001716297129,1.00481153425145e-8,5.8816294955392e-7,Up after KD
Sesn1,0.720625831834785,2.48021308146789e-10,2.05077199127807e-8,Up after KD
Man1a,0.52634036198785,1.78114579636985e-4,0.00271745392210028,Up after KD
Oit3,1.02121846810156,0.0347118718644019,0.152237823785122,Up after KD
Ddit4,0.839450174277414,5.59392890598552e-8,2.67783867952926e-6,Up after KD
Egr2,0.540175572749745,0.00520856773645005,0.0382047797244326,Up after KD
Tle2,0.984905820573154,0.00126449757983828,0.0129165797927601,Up after KD
Tcp11l2,1.41495084862858,1.23446238809486e-7,5.30773937339404e-6,Up after KD
Syn3,0.785870657688856,0.00336320660987615,0.0274630904386572,Up after KD
Nab2,-0.592023985891222,1.28621931177007e-19,3.70933101033397e-17,Down after KD
Snhg15,-0.542053220111392,8.45847119288999e-4,0.00950693568295924,Down after KD
Stc2,-0.824809372461062,4.00637995559425e-4,0.00521137916336044,Down after KD
Slit3,0.80170281943818,2.69693693569214e-7,1.048966523935e-5,Up after KD
Trim7,1.04302566690686,0.0251695769380791,0.1216203832104,Up after KD
Adamts2,0.621345356997228,0.00263490425853636,0.0228409882352888,Up after KD
Kctd11,-0.736838689820156,3.89043707121831e-6,1.07982459929778e-4,Down after KD
Inca1,2.49418685799479,6.81181661664191e-4,0.00806235432183924,Up after KD
Slc43a2,0.800732056159422,0.00728796548572098,0.0492416593732371,Up after KD
Sez6,2.41438546765607,0.0132730513277368,NA,Up after KD
Rnf135,0.565325611666771,0.0213544274256165,0.108740202360245,Up after KD
Cdk5r1,-0.604988974311238,0.037263927910114,0.159737090153248,Down after KD
Ccl2,-0.997331059217791,3.60548028280984e-5,7.23789454396325e-4,Down after KD
Bcas3,0.50597018446311,0.00108178821767027,0.0114615267793309,Up after KD
Cyb561,0.894263327143454,0.00665588198272367,0.0461308022061692,Up after KD
Cd300lb,-2.12251626303844,0.0469208750255566,NA,Down after KD
B3gntl1,-0.731260234282,0.0416430159581869,0.1713283940305,Down after KD
Metrnl,-0.506157634491606,2.02980474171414e-13,2.8916158151841e-11,Down after KD
Trib2,0.574322965182749,2.56343425075406e-7,1.0036439265204e-5,Up after KD
Lpin1,0.671551288795877,0.0222935434441715,0.111979123909891,Up after KD
Pole2,-0.569849751713852,2.51274097827215e-4,0.00357277798332628,Down after KD
Slc38a6,0.595220890147366,8.46728902544601e-5,0.00147883641708824,Up after KD
Kcnh5,1.12478256576272,0.0319126789550896,0.143801644803727,Up after KD
Acot2,0.513493674784879,0.0478577674174807,0.187809572500595,Up after KD
Fos,1.090485893825,5.63593893117202e-5,0.00106782268589408,Up after KD
Ifi27l2a,1.56813760006298,1.08269639697934e-4,0.00181072166872471,Up after KD
Zfp839,0.84330870294672,0.0360369103319254,0.156252448758594,Up after KD
Nid1,-0.585649149962124,2.95317478266894e-4,0.00406224426749033,Down after KD
Carmil1,0.707733035512265,0.0017417129924275,0.016697710362738,Up after KD
Gfod1,-0.675551247842193,0.021795947448333,0.110228948943152,Down after KD
Rnf182,0.659442764559266,8.62903886214439e-4,0.00963453781926301,Up after KD
Jarid2,0.605115203656432,4.74257845558061e-4,0.00597722764386295,Up after KD
Tgfbi,2.36373049742481,0.0473181640625487,0.18655884357305,Up after KD
Gas1,0.501793205483849,1.43754166413548e-7,6.09229126764798e-6,Up after KD
Ptch1,0.508435661996868,0.00500691257377814,0.0370804341494048,Up after KD
Erap1,0.691560225218874,0.0245181389872802,0.119399701559144,Up after KD
Glrx,0.631676330299824,1.73475307264061e-23,6.6166839777105e-21,Up after KD
Arrdc3,0.647781787215967,6.47478300127436e-4,0.00774876864444008,Up after KD
Polr3g,-0.860333694988921,1.19445518632946e-4,0.00194803284457373,Down after KD
Mef2c,0.846823077833315,0.0139395951168237,0.0799574694334903,Up after KD
Foxd1,-0.700465775883913,0.0067057251559187,0.0464218350372264,Down after KD
Ankrd55,-0.968946031805131,0.0343648777105988,0.151220809099412,Down after KD
Kat6b,0.590528713616665,0.0491322295700252,0.190920347188296,Up after KD
Zcchc24,0.530122965015343,3.69872077246061e-6,1.04516341758702e-4,Up after KD
Wdhd1,-0.593335078055385,0.0166597070223695,0.091238710436543,Down after KD
Irf9,0.647099803141674,0.00716775311930317,0.0487077660245061,Up after KD
Kif13b,1.97891119412965,0.0432071727153982,NA,Up after KD
Klf5,-0.560089210057721,3.90989101051616e-5,7.73086142279985e-4,Down after KD
Abcc4,-0.760367931982601,0.00850020844844269,0.0554365497486963,Down after KD
Uggt2,0.643449611506425,0.0175243726172871,0.0946588313507552,Up after KD
Clybl,0.500983206912354,0.00532208015814508,0.038748938294278,Up after KD
Selenop,1.0969333022722,7.83083565486429e-9,4.70009141031042e-7,Up after KD
Ptger4,-0.821048854143879,0.00124303507211695,0.012749978231741,Down after KD
Cpq,0.782690366791554,1.69943060396212e-5,3.83474569871147e-4,Up after KD
Angpt1,0.854047821766336,1.45365584245819e-4,0.0022953521733505,Up after KD
Deptor,0.57262229673166,0.0264739187990796,0.125858540304885,Up after KD
Mtss1,0.587912765640538,4.85034005296166e-6,1.3093703375849e-4,Up after KD
Wnt7b,-0.877138469023471,3.61710356402327e-7,1.3620583611787e-5,Down after KD
Trmu,0.553547182311371,0.00168574310075848,0.016378164686416,Up after KD
Ppp6r2,0.82405464038671,0.0145355927839028,0.0824706569466731,Up after KD
Calcoco1,0.676534260436366,2.37118299962454e-7,9.40834489515456e-6,Up after KD
Tfap4,-0.655781423359251,7.39782393573457e-4,0.00859252163223237,Down after KD
Socs1,0.998117233234142,0.0241763368626246,0.118222087288533,Up after KD
Mpv17l,0.793601016362649,3.15852200679315e-4,0.00429762534042834,Up after KD
Etv5,0.57951974873605006,1.69119851314333e-12,2.04048277749049e-10,Up after KD
Crygs,2.42100981841354,0.0234893045720488,NA,Up after KD
Hes1,0.6044970622817,1.56136351334089e-5,3.52993540759898e-4,Up after KD
Tmem44,1.0502532764987,0.00217968310001731,0.0198098178129167,Up after KD
Mylk,1.22277104611094,6.01822741229836e-12,6.6504225161697e-10,Up after KD
Sema5b,0.554282617389108,7.30433686071119e-5,0.00132109989017386,Up after KD
Cxadr,-0.621671488360311,3.42745801217279e-10,2.73826104972507e-8,Down after KD
D16Ertd472e,-0.850140307815656,1.79303386057157e-4,0.002728549854234,Down after KD
Ets2,-0.739186413055604,2.59498926898523e-15,4.51222839948256e-13,Down after KD
3300005D01Rik,-0.913750367219646,0.025160865892151,0.1216203832104,Down after KD
Dact2,-0.746721316729698,0.0180223574462749,0.0965516380563552,Down after KD
Fam234a,0.567770045955574,1.9374153092296e-9,1.31655164461671e-7,Up after KD
Crebrf,0.864350238095667,2.77288705375959e-5,5.77229164148826e-4,Up after KD
Fkbp5,-0.680540033467868,2.58568950893664e-6,7.75969359230121e-5,Down after KD
Ppt2,0.614272222217551,8.55215256676378e-8,3.85956686829828e-6,Up after KD
Cdsn,1.25678119228788,0.00480529649788296,0.0360977292191665,Up after KD
Rcan2,0.533492507092309,0.028195404909641,0.131459963585014,Up after KD
Slc29a1,-0.531183583720052,4.0909062228671e-9,2.57291889250961e-7,Down after KD
Trerf1,0.518726146718586,0.00112807010486897,0.0118801564299656,Up after KD
Kdm4b,0.591605999243959,7.59884510491394e-5,0.00136134461394701,Up after KD
Epas1,0.958577499797859,5.36575484906152e-24,2.18774777018288e-21,Up after KD
Fzd8,0.609737464436686,2.45954554229535e-11,2.42347220767502e-9,Up after KD
Zfp521,0.637688359932759,9.78696749379813e-8,4.33412373208498e-6,Up after KD
Garem1,0.505655570069863,0.00121022371906035,0.0124866363474429,Up after KD
Lims2,0.920915892782882,8.30574353001203e-9,4.95995512620516e-7,Up after KD
Egr1,-4.36242682475384,3.15459761090246e-260,3.72999621513106e-256,Down after KD
Sh3rf2,1.00057447803479,0.00125403445875797,0.0128378384764972,Up after KD
Kcnn2,1.68462760305666,0.00514443321363316,0.0378753289651298,Up after KD
Synpo,0.65803570778435,1.39729147046229e-5,3.21431407524244e-4,Up after KD
Piezo2,2.64248929036298,0.0233937144257662,NA,Up after KD
Nfatc1,1.19159709206522,2.47918013507038e-4,0.00354459805526871,Up after KD
Rttn,-0.692985611109687,0.0208298752450345,0.106620106016142,Down after KD
Lrp5,0.746542717541993,6.19636716483326e-4,0.00747610666908046,Up after KD
Syt12,-1.60213914118055,2.85996751860663e-5,5.92228650437912e-4,Down after KD
Pcx,0.509816793086895,0.00984598250227145,0.0622228204740019,Up after KD
Malat1,0.887471724655027,7.9388441467483e-4,0.00907822951558529,Up after KD
Macrod1,0.849935680853429,0.0327972614126173,0.146836357040056,Up after KD
Lrrc10b,2.60916116302276,0.0162258581462082,NA,Up after KD
Pgm5,2.77073126568441,0.00693787347283145,NA,Up after KD
Kank1,0.599290178737045,0.0390037074100721,0.164589520491325,Up after KD
Stambpl1,-0.551121141419054,6.64551483990921e-4,0.00790087898068523,Down after KD
Ifit3b,0.781831611339186,0.0196747796520063,0.102654118103124,Up after KD
Ifit1,0.567376469929946,0.00258395287624122,0.0225314592984338,Up after KD
Exoc6,-0.930341563375265,0.0412678929009478,0.17049320952509,Down after KD
Hells,-0.558148526926987,1.73150330070486e-9,1.19726871506048e-7,Down after KD
Dusp5,-0.553939430229108,2.5103928625506e-11,2.4531310088263e-9,Down after KD
Afap1l2,0.684454344779763,5.28392596376184e-11,4.91945988941103e-9,Up after KD
Ablim1,0.676511404709135,1.53599399202947e-17,3.36325795588082e-15,Up after KD
Itga8,1.3563005402729,2.29127536345352e-6,7.01866318587421e-5,Up after KD
Gsn,1.09130698443023,2.35285164122328e-89,1.3910058902912e-85,Up after KD
Cacnb4,0.940321800654561,1.23364975034916e-5,2.87956791612498e-4,Up after KD
Ube2l6,0.554196481949071,0.00140573896925787,0.014062146846451,Up after KD
Cd82,-0.943446319879952,0.0343196817390924,0.151134419695728,Down after KD
Fibin,1.66137050764351,2.80440914515985e-13,3.81141767038736e-11,Up after KD
Fmn1,-1.02595318606238,0.00787259858936157,0.0521780301124502,Down after KD
Grem1,-2.13517402498416,0.0281427238931769,0.131317903438407,Down after KD
Itpripl1,-0.686465540123681,3.23035237279177e-4,0.0043602381798961,Down after KD
Dusp2,-0.801137405703611,9.15771375887526e-4,0.0101008215937445,Down after KD
Slc20a1,-0.706675748017865,1.39496886902981e-21,5.15440997106515e-19,Down after KD
Slc4a11,0.698034557137284,0.00360791378764472,0.0290103331854722,Up after KD
Prnp,0.546539863192375,2.53984512388107e-30,1.43005374975094e-27,Up after KD
Plcb4,0.75512173238424,3.86556728340416e-7,1.43280462567306e-5,Up after KD
Ism1,0.764644500791046,0.019251572536796,0.101214136805281,Up after KD
Rin2,0.508689440000305,6.41411561102523e-4,0.00769954345022967,Up after KD
Cst3,0.566401103136969,1.36470690418983e-62,5.37876481171353e-59,Up after KD
Acss1,1.81656400196882,8.24897029809213e-10,6.09598905029008e-8,Up after KD
Pygb,0.59594516293214606,7.18516480700116e-11,6.50376799775211e-9,Up after KD
Ptgis,1.75777549102362,0.0168174530909009,NA,Up after KD
Ube2v1,-1.79155575231997,0.0420584136230527,NA,Down after KD
Il7,1.16466515246049,0.00754056656129384,0.0506301300515266,Up after KD
Hey1,0.617712826897007,0.00446558453867836,0.0341975852236612,Up after KD
4931440P22Rik,1.36098777013315,0.0373134170334295,0.159737090153248,Up after KD
Crct1,-0.581581668078369,1.46625489369554e-11,1.49456878129794e-9,Down after KD
Tdrkh,-0.634613650849188,0.0216155475002648,0.109597870344396,Down after KD
Adamtsl4,0.533551476051284,2.34833495924215e-6,7.15636921599978e-5,Up after KD
Gstm1,0.916975028929216,4.46836495675143e-16,8.25530425759826e-14,Up after KD
Ntng1,2.67486780031779,0.0335472279350647,NA,Up after KD
Frrs1,-0.511306757982295,2.01149502467197e-4,0.0030068163301797,Down after KD
A730020M07Rik,0.617954326672843,0.0213770204113001,0.108808389730182,Up after KD
Synpo2,0.7061864176862,1.95811219346931e-4,0.00294563849562101,Up after KD
Ank2,0.846973991546288,4.0497461905178e-4,0.00525046041191693,Up after KD
Lef1,-1.01009417815018,5.43700285518321e-4,0.00664809945808545,Down after KD
Dkk2,1.21898308111634,0.0346385848890678,0.152029186239175,Up after KD
Fbxl4,0.509188561901391,0.0249285205375331,0.120751670149853,Up after KD
Pnrc1,0.712747935385384,4.95718623565076e-18,1.17227540100669e-15,Up after KD
Igfbpl1,1.75248350761151,0.00166430666522665,0.0162098533852059,Up after KD
Abca1,0.692690579444236,1.19869797561875e-4,0.00195188838159229,Up after KD
Rgs3,1.07780491940165,0.0105104424639377,0.0650997756383442,Up after KD
Adamtsl1,1.2138982398681,0.00363259190133332,0.0291395974500442,Up after KD
Cyp2j6,0.58348602593154,2.93506407558862e-4,0.00404566507156191,Up after KD
Nfia,0.531213306810874,1.09720677560228e-5,2.59987433160749e-4,Up after KD
Ror1,0.653343713038614,0.0194203825880517,0.101784842074966,Up after KD
Raver2,1.70240128469552,0.0216963262717243,NA,Up after KD
Pde4b,-0.788916884211961,2.75149675330371e-9,1.81752500620464e-7,Down after KD
Tmem53,0.79136926284508,2.54728109866929e-5,5.38802356183644e-4,Up after KD
Gjb4,-0.536590572898706,0.0150947444979504,0.0848290204105351,Down after KD
Epb41,0.593501962162831,0.0101510543223522,0.0636532612933965,Up after KD
Man1c1,0.782657931035709,8.16277880772297e-4,0.00928730696900493,Up after KD
Id3,0.527067023414761,4.97115808261554e-54,9.79649552814102e-51,Up after KD
E2f2,-0.732378446428676,0.0366107389186464,0.158034621782336,Down after KD
Vwa1,1.19564357449216,3.54021710527872e-5,7.13109489826502e-4,Up after KD
Mxra8,0.651276027148044,2.22549329079777e-37,2.19285272253274e-34,Up after KD
Cdk6,-1.07090128820775,2.28168715406402e-18,5.8649280238376e-16,Down after KD
Abcb1b,-0.63205606639709,5.55812513362921e-5,0.00105657992893942,Down after KD
Mapre3,0.516312202444369,1.36426250408494e-6,4.48084440230566e-5,Up after KD
Emilin1,0.948692295078699,4.05515020246832e-21,1.37888393532868e-18,Up after KD
Fgfbp1,1.12200701478644,0.00803439824927753,0.0531015790382658,Up after KD
Hopx,0.852598731547724,8.00694669114244e-27,3.78696550704273e-24,Up after KD
Spink2,-1.34581148745077,0.025545483186237,0.122812116129426,Down after KD
Ereg,-0.556534864354349,5.39392555122255e-4,0.00661595183793106,Down after KD
Areg,-1.21811476559742,7.49811882039784e-12,7.98718530922379e-10,Down after KD
Btc,-1.20223744808071,0.0371911085033577,0.159562585226335,Down after KD
Prkg2,-0.851221094680852,6.92832128034965e-37,5.85146220134674e-34,Down after KD
Spp1,-0.584524553226691,1.3181947495792e-46,1.94829183987806e-43,Down after KD
Lrrc8b,-0.564630068235103,0.00175073390060315,0.0167604768982685,Down after KD
Alkbh2,-0.505833303527709,0.0463560712577494,0.184054461568713,Down after KD
Lmtk2,-0.722581318634053,0.00173106390586677,0.0166137172264356,Down after KD
Fam180a,0.580396460557067,0.0247093339083399,0.120053269678437,Up after KD
Ptn,1.70863329344015,1.14639294821508e-13,1.7158164835057e-11,Up after KD
Kdm7a,0.946433840594383,1.22283522963666e-4,0.00198609941692635,Up after KD
Ggct,-0.803706554272384,0.00515316288549283,0.0379010734166391,Down after KD
Thnsl2,0.921552094395658,0.0484343343458489,0.18938761825894,Up after KD
Atoh8,0.658263819021334,2.06126655135552e-7,8.37540058530162e-6,Up after KD
Tcf7l1,0.502449367977695,8.66258452706831e-6,2.11624792248049e-4,Up after KD
Stambp,0.516353336576563,2.41255572045862e-4,0.00346610678477554,Up after KD
Frmd4b,0.764911656522559,0.0437386856996339,0.176462386790356,Up after KD
Usp18,1.8303628606415,7.26170164860187e-5,0.00132095938912413,Up after KD
Borcs5,0.516239440146415,0.0108423434433473,0.0667707650386141,Up after KD
Dhx34,0.623263384211472,0.00494434509877405,0.036838019185825,Up after KD
Dact3,0.527537233299812,7.79652121046059e-5,0.00138968689903508,Up after KD
Tgfb1,-0.666889726307358,0.00254521306332051,0.0222757951596608,Down after KD
Zfp36,0.756490053340378,1.43604706786979e-16,2.97891588254252e-14,Up after KD
Fcgrt,0.891224724267585,3.24178969559159e-10,2.62540557264897e-8,Up after KD
Cemip,0.874387142044599,2.93222724470235e-21,1.05062590731396e-18,Up after KD
Me3,0.775871379730758,0.0403758027416329,0.167863393676887,Up after KD
Tenm4,-1.10883007598167,0.0276685545662782,0.129616873689253,Down after KD
Gdpd5,0.8019542036002,0.00109185410828318,0.0115578182420236,Up after KD
Stard10,0.636916711137885,9.25463839883315e-6,2.25158116106591e-4,Up after KD
Stim1,0.881609806117557,0.00476532649283287,0.0358906523193475,Up after KD
Plekha7,0.68784139327506,7.36682526126497e-4,0.00857850950412318,Up after KD
Fgfr2,0.547748289197589,1.63512615128492e-8,9.03445402466956e-7,Up after KD
Htra1,0.663971870424582,1.67926174199042e-8,9.23515852897431e-7,Up after KD
Fam53b,0.560201322815248,0.0157477404542502,0.0874595035843377,Up after KD
Ptpre,0.540346955356896,1.28083582072595e-8,7.31623320978922e-7,Up after KD
Ifitm1,1.39650771213571,1.25347928201078e-8,7.19472768470652e-7,Up after KD
Cd81,0.58255685713536,2.51859433942827e-36,1.98532396462666e-33,Up after KD
Mrgpre,0.780574178475588,0.00926645678478803,0.0594501275221561,Up after KD
Mrgprf,0.785954097223914,9.23432066153683e-5,0.00159164150877568,Up after KD
Evi5l,0.615941346790328,0.00979874568021037,0.0620569731777222,Up after KD
Gas6,0.685297884853219,2.79329913098296e-33,1.73831415393382e-30,Up after KD
Sfrp1,0.775888547287113,7.41739121361398e-42,7.97302124634288e-39,Up after KD
Dusp4,-0.502864555864998,0.001128333531026,0.0118801564299656,Down after KD
Pdgfrl,0.774157367806048,4.08160840126048e-21,1.37888393532868e-18,Up after KD
Stox2,0.529425247651537,0.00449126618200869,0.0342832352072761,Up after KD
Dctd,-0.656684839009191,1.01352575251261e-9,7.35210337282764e-8,Down after KD
Lzts1,0.870870520142533,0.00657717906741162,0.045800097345745,Up after KD
Bst2,0.690262203209722,2.99815125151934e-11,2.90574921294793e-9,Up after KD
Abcc12,0.976784999690378,0.0039645608509037,0.0313139395464832,Up after KD
Pdgfd,0.592398213853007,4.74044689020341e-5,9.14372659539399e-4,Up after KD
Bmper,-0.50953991261695,0.012615217705339,0.0747687177768416,Down after KD
Kirrel3,0.550848948109196,0.0115105429812129,0.0697236988780024,Up after KD
Spa17,0.833330504813963,0.03310982849921,0.147509650404921,Up after KD
Sorl1,0.761847655595579,4.00314998289689e-7,1.46997656514822e-5,Up after KD
Sema7a,-0.738788541221639,1.4361724766311e-12,1.76888576705063e-10,Down after KD
Coro2b,0.645119370754029,2.97401363504343e-7,1.14743060166232e-5,Up after KD
Sema3b,2.46682156181241,0.0102555743813314,0.0640919193894623,Up after KD
Sema3f,0.550540050099531,1.22464321343314e-8,7.09812811550659e-7,Up after KD
Col7a1,-0.71144209983233,1.15185275332655e-4,0.00189159818824071,Down after KD
Nhsl2,1.38465752806672,0.00989476550585863,0.0623312239431393,Up after KD
Pcdh19,-0.695749350381164,8.08183538020979e-17,1.70642181313572e-14,Down after KD
Bex1,-0.680790190699957,3.43087023267038e-37,3.12050843316112e-34,Down after KD
Tbc1d8b,0.959560480826805,0.0131061233779158,0.0766024729710708,Up after KD
Lrch2,-0.500834193764153,1.56320230005163e-4,0.0024448814809273,Down after KD
Kctd12b,1.11371930401918,0.00815701354585507,0.0536719689294326,Up after KD
Mbtps2,-0.531719420307808,0.0391665655439773,0.164765116810075,Down after KD
Nhs,0.667279778734073,0.0201511029009684,0.104548767310685,Up after KD
