"SYMBOL_UPPER","Overall_pvalue","Expression_coef_MA","Expression_Lower95_MA","Expression_Upper95_MA","Expression_SE_MA","Expression_pvalue_MA","Recurrence_Recurrent_coef_MA","Recurrence_Recurrent_Lower95_MA","Recurrence_Recurrent_Upper95_MA","Recurrence_Recurrent_SE_MA","Recurrence_Recurrent_pvalue_MA","Recurrence_Secondary_coef_MA","Recurrence_Secondary_Lower95_MA","Recurrence_Secondary_Upper95_MA","Recurrence_Secondary_SE_MA","Recurrence_Secondary_pvalue_MA","Age_coef_MA","Age_Lower95_MA","Age_Upper95_MA","Age_SE_MA","Age_pvalue_MA","Subtype_Mesenchymal_coef_MA","Subtype_Mesenchymal_Lower95_MA","Subtype_Mesenchymal_Upper95_MA","Subtype_Mesenchymal_SE_MA","Subtype_Mesenchymal_pvalue_MA","Subtype_Proneural_coef_MA","Subtype_Proneural_Lower95_MA","Subtype_Proneural_Upper95_MA","Subtype_Proneural_SE_MA","Subtype_Proneural_pvalue_MA","MGMT_Unmethylated_coef_MA","MGMT_Unmethylated_Lower95_MA","MGMT_Unmethylated_Upper95_MA","MGMT_Unmethylated_SE_MA","MGMT_Unmethylated_pvalue_MA"
"KLF15",2.00852024660034e-06,1.07325025892092,0.616051656815498,1.86975573481623,0.283227719615469,0.802902076577163,0.511677155712908,0.26076554108498,1.00401882315091,0.343920695810479,0.0513788280544611,0.507482607785159,0.155233307188974,1.65904213385669,0.604364802821696,0.261724905020209,1.02773953823194,1.01535107343531,1.04027915671722,0.00618752676059769,9.77531165261961e-06,0.943285723372935,0.679085138312998,1.31027452335305,0.167667735668301,0.727671433706861,0.910076518267693,0.645328869775064,1.28343749659137,0.175395375742769,0.591112927976206,1.29513857139923,0.985970735822341,1.70125122195135,0.13915883201583,0.0631072144962602
"ZNF148",9.3558379439605e-07,1.24187763060185,0.902010594251788,1.70980258903561,0.163142521389289,0.184236464539433,0.532302620233437,0.271083750632265,1.04523446664183,0.344284054148412,0.0670316344972888,0.524877329164218,0.161092961033512,1.71016914024724,0.602655451729294,0.284806545148646,1.02917308118975,1.01661870704002,1.04188249115496,0.00626211433633272,4.39012666943905e-06,0.993066864885008,0.714725839711802,1.37980431563828,0.167808680369625,0.966929498719705,0.940715195870838,0.666715954513645,1.3273194885337,0.175654417857697,0.727895299547515,1.3087098688311,0.995932670782799,1.71971617261008,0.139348194377844,0.0535181560438005
"KLF5",1.44363683112124e-06,1.05275726032167,0.943846198583466,1.17423564434897,0.0557177258189481,0.356145426031586,0.451424606172503,0.217545010493306,0.936744881419702,0.37245714999598,0.0327279327839679,0.514816070208519,0.157861903000224,1.67890783721622,0.603117752048372,0.270959485183455,1.0275744325773,1.01522510449483,1.04007397946682,0.00616885799553461,1.03646332187442e-05,0.898438727848684,0.647830009365149,1.24599375766705,0.166855198331491,0.520967624272468,0.881392377094307,0.624917329705895,1.24312846751356,0.175454007283957,0.471786505728224,1.27108250892342,0.965064664603823,1.67413729229669,0.140527621298043,0.0878375852392054
"KLF4",6.69601144692182e-07,1.15762289667086,0.973178411323624,1.37702476267838,0.0885508756515024,0.0983444747471577,0.454011069071427,0.226940272642779,0.908283260784824,0.353799721667986,0.0256237962515706,0.46988343112614,0.142645937440539,1.54782142981752,0.608235180045237,0.21433209302871,1.02844157802089,1.01596380733225,1.041072597044,0.0062281244377335,6.70322332594443e-06,0.893082214365632,0.648500762621957,1.22990733024192,0.163276195270874,0.48859312043587,0.932171165897739,0.662195267306801,1.3122157850285,0.174470539639397,0.687255213921949,1.29173313420109,0.983112934859099,1.69723582187647,0.139296492783977,0.0661069765912723
"E2F6",4.13312208410569e-08,0.617732516672734,0.449761873586342,0.848434437343596,0.161909745511861,0.00292880949047647,0.510407878022881,0.260886322605564,0.998581295278162,0.342417210382642,0.0495173215530381,0.592913514251679,0.18120497626035,1.94004846134681,0.604817076865872,0.387456403785271,1.02966561161499,1.01728192867703,1.04220004489932,0.00617348382700712,2.18591126769541e-06,0.885754312761625,0.644441624576709,1.21742710690226,0.162276129439767,0.454708782616278,0.960715181169605,0.683190356434161,1.35097583072909,0.173934043222525,0.817768060394421,1.40929157373761,1.06583708111635,1.86342056867416,0.142516223904909,0.0160685404772155
"ZNF460",1.99104545918357e-06,0.859684346418417,0.304807616138111,2.42466768002932,0.529032410887456,0.775042118993298,0.512971752481287,0.261354015035892,1.00683365743429,0.344059848989908,0.0523590679104935,0.515576198819324,0.157928036931726,1.68316419271329,0.603656827581174,0.272454146381518,1.02771056219731,1.01533013920035,1.04024194582044,0.0061836611784445,9.85687219777878e-06,0.937667794089194,0.682230298533423,1.28874500877803,0.162262389882567,0.691633849093004,0.9069094020563,0.645431611962561,1.27431729139698,0.173535484066061,0.573386840882119,1.29580508904506,0.986686434784912,1.7017674203265,0.139051115118423,0.0623814005168998
"SP2",2.02347837315852e-06,1.07221416543965,0.563397865755937,2.04055302024781,0.328319826620378,0.831817099963958,0.518441330528535,0.26232309383508,1.02461971331116,0.347582888124881,0.0587592100555359,0.507742630115611,0.155299152363236,1.66003854183139,0.604409786521745,0.262120832907146,1.02772275863223,1.01533884966933,1.04025771194968,0.00618533906213657,9.82410114154861e-06,0.949603034190243,0.664545176042059,1.35693697742867,0.182116192174386,0.776451443251114,0.911196339687276,0.643756996887946,1.28973941017065,0.177267070706358,0.599851172519176,1.29909467246947,0.988325232547496,1.70758259777351,0.139498006540372,0.0606854507090298
"ZFX",2.04729915175256e-06,1.02784378266722,0.692583211890993,1.52539481672268,0.201427211304714,0.891550121062784,0.506173215431776,0.251436133778004,1.01899166269696,0.356991211657136,0.0564864606433256,0.511311972531046,0.156722776905759,1.6681680762382,0.60332814001945,0.26622761952658,1.02775136814982,1.0153720719615,1.04028159125286,0.0061828479584789,9.54231794228717e-06,0.928355479708469,0.672226323988775,1.28207400684763,0.164706926526681,0.651736927688367,0.903448181811012,0.643426764797218,1.2685493701445,0.173171826317702,0.557651111513206,1.29500032569933,0.985800983541061,1.70118093972415,0.139192217720062,0.0632794764511886
"WT1",1.46852070104989e-06,1.10089571813316,0.895773101750217,1.35298925568976,0.105202071068349,0.360869481335969,0.454544150843895,0.218359356436701,0.946194330474184,0.374064486185624,0.0350466493476577,0.505147900424309,0.154737346857013,1.64908088762104,0.603644824442836,0.257928404832421,1.02666421817524,1.01415033034718,1.03933251840537,0.00625714276202048,2.60411800856409e-05,0.935845680074707,0.68201472263327,1.28414696611385,0.161431204152805,0.681270302396914,0.914612851576906,0.650370260200446,1.28621605177922,0.173961885834427,0.607903194223927,1.29978836694211,0.989473733019932,1.70742258481359,0.139177820974596,0.059574265515764
"EGR1",6.46821935135469e-07,1.11487620909362,0.976327782620735,1.27308572359433,0.0677054694185041,0.108246680101193,0.606057940230788,0.303125167237076,1.21173121408792,0.353491076623952,0.156579859855813,0.591036454940392,0.179573390960924,1.94529985316433,0.607814082671026,0.386931882351035,1.02821229993412,1.01571584309506,1.0408625019713,0.00623890806583104,8.21969975437177e-06,0.930023485078897,0.67790054861979,1.27591530138061,0.161334211937563,0.652956070736897,0.966603729412078,0.682122148412296,1.36972941266907,0.177850141829875,0.848537556728122,1.30909369073223,0.995840840408133,1.72088372115025,0.139544855802108,0.0535948635224703
"KLF2",4.52039778532985e-07,1.22938944353444,0.994100805289272,1.52036734688502,0.108386850036172,0.056731265396832,0.606881815912654,0.304347478303763,1.21014815216521,0.352130960670199,0.156108279278355,0.534974717466038,0.164104398006507,1.74399925781709,0.602927757611843,0.299504254078789,1.03028868169744,1.01758847360183,1.0431473971758,0.006328407085752,2.41598775950005e-06,0.920821740249672,0.670981772912842,1.26368958375055,0.161495056675952,0.609503525352911,0.985275231543431,0.693923558756732,1.39895420704874,0.178860029692409,0.933901012697731,1.3555459402884,1.02756824562781,1.78820706464095,0.141333819931327,0.0313673296873439
"SP3",1.20530002350632e-06,0.836541183447191,0.61148595022036,1.14442719632567,0.159892618334888,0.264316766035062,0.480480750141263,0.242897194924034,0.950450462503337,0.348041537079761,0.0352061901906366,0.498790244771267,0.153024354401043,1.62583079832477,0.60286238814747,0.2485910175047,1.02788802970145,1.01556625342831,1.04035930500531,0.00615312249980957,7.81136918445279e-06,0.894907692944845,0.647083328415866,1.23764551445401,0.165434416623832,0.502111910455872,0.893228008862292,0.635894456423519,1.25469921581563,0.173375265815918,0.514874845216,1.31286214839356,0.998870788106113,1.72555553852222,0.139461465669597,0.0509545358038554
"TCFL5",4.01067647124791e-08,0.781790274650666,0.66797475426241,0.914998702628003,0.0802750127200273,0.00216531729164315,0.494210770159921,0.251617290892001,0.9706975402056,0.34442104322365,0.0407256042362595,0.42531415631494,0.129652755370561,1.39520468381007,0.606117424821033,0.158392795469298,1.0277098363823,1.0153419638702,1.04022836185263,0.0061773588636509,9.65831240801354e-06,0.820760369581439,0.59088824648818,1.14005920456049,0.167658327336541,0.238742921640055,0.837105477594518,0.593550855491712,1.18059905757904,0.175425255811412,0.310789553583304,1.32230259572313,1.00591197945024,1.73820790524011,0.13953319423167,0.0452622655955793
"MAZ",2.06361104778044e-06,1.00287890203109,0.766024170178214,1.31296913504061,0.137459832954097,0.983314659205201,0.512501420839648,0.260537794173323,1.00813667819696,0.345187745717034,0.0528080075502049,0.511158463287917,0.156378733701763,1.67083444408221,0.604296206799354,0.266780282094034,1.0277118647516,1.01533415802708,1.04024046527059,0.00618228834314957,9.8028880536952e-06,0.933649643335697,0.66944710496356,1.30212178085127,0.169722046447808,0.685838764073296,0.903371573497604,0.641636843171189,1.27187241270341,0.174549879739879,0.560438214862673,1.29613950950564,0.986905483309685,1.70226800490312,0.139069516702975,0.0621556165458521
"ZKSCAN5",8.80710478944507e-07,0.729936220863976,0.468847304355904,1.13641879046558,0.225861304988067,0.163387864200481,0.448410712489693,0.222343681459875,0.904330475034436,0.357907230673741,0.025030492487414,0.528303074648606,0.161923564138857,1.7236783303746,0.603350743068999,0.290251896383628,1.02856275215789,1.01618425100631,1.04109204022691,0.00617754177854125,5.14362662125292e-06,0.821944333397273,0.570922556846963,1.18333472570253,0.185931528074012,0.291610229048797,0.868452031597739,0.615153981014048,1.22604901287149,0.175941876205159,0.422758336622358,1.29080779026498,0.982451959120451,1.69594526830648,0.139274012969966,0.0668250501731274
"AHR",2.04581634461298e-06,0.991042962275093,0.87531010660824,1.12207793062142,0.063358130911875,0.887073291565827,0.51089382754122,0.259859659390144,1.00443640860717,0.344914542484507,0.0515191403553924,0.509685992488812,0.156082469071766,1.66437532981273,0.603791870140743,0.264330893808654,1.02764293891328,1.01523880072122,1.04019863026129,0.00619598861920042,1.07815256538232e-05,0.940702968461122,0.671014270565384,1.31878279447909,0.172368999058683,0.722864075961368,0.905467444968279,0.644290261341854,1.27251852633912,0.173626651245831,0.567362905006315,1.29373516827109,0.983946502312278,1.70105862634615,0.13965423189572,0.0651715469918613
"ARNT",2.01347681280724e-06,1.05106239826335,0.697803743623685,1.58315597349228,0.208993047365498,0.811654294493553,0.502938861261276,0.25147814515771,1.00584286562221,0.353635338306393,0.0519570094968922,0.506538353798488,0.15479009662427,1.657606716867,0.604873390304576,0.260818419499546,1.02774627882201,1.01537655145514,1.0402666992051,0.00617807053130262,9.4270324460727e-06,0.924809425663175,0.669238319739681,1.27797893301766,0.16502724694953,0.63573899687798,0.898087317423046,0.637076024585819,1.26603544724586,0.175196230855339,0.539526569628835,1.28633357943879,0.972697448418185,1.70109840452715,0.142593527085345,0.0774243064089455
"EGR3",1.01524074849252e-06,1.07838462381576,0.960648603613672,1.21055023919021,0.058986184208218,0.200772472279527,0.554816528059295,0.281002235958764,1.09544103361848,0.347085384188007,0.0896346343039902,0.569898979166379,0.172820216421599,1.87932206763681,0.608790407524551,0.35567977649903,1.02843879239067,1.01598109855279,1.04104923920395,0.00621805895863691,6.49028163744617e-06,0.90877978626682,0.660850532363056,1.24972389289602,0.162541310570854,0.55620948122503,0.92151473704949,0.655538327940253,1.29540771974021,0.173759313603004,0.638068736229796,1.30132359952192,0.99037192290461,1.70990621958069,0.139317165435104,0.0586884364396659
"SP1",1.10124426035302e-06,1.4763137106948,0.784659310690167,2.77764138230693,0.322482404894541,0.227059787214438,0.492293879379334,0.250624945077523,0.966995777692398,0.344454428952964,0.0396480768649643,0.535861933747029,0.163673485103142,1.75439541632631,0.605114712405589,0.30253658160491,1.02832635949127,1.01587079200048,1.04093464439725,0.00621767503234408,7.04088366633495e-06,0.920686803961479,0.670794542568569,1.26367186552081,0.161562674551047,0.60901808915807,0.873923182805858,0.619080197744704,1.23367171527666,0.175899995369416,0.443597143693775,1.30317918390252,0.991433540265511,1.7129499017171,0.139497546906149,0.0576578841363979
"ZNF281",1.9083944327946e-06,1.06274531798496,0.801596881861957,1.408972061213,0.143882705732127,0.672330259365079,0.495483560555351,0.247649843986762,0.991335002794234,0.353842393097032,0.0471935585399833,0.504404447332177,0.154355725043795,1.64829549675784,0.604153233883502,0.257303761713235,1.0276612401845,1.01530558782236,1.04016725333173,0.00617151182323542,9.81475152420579e-06,0.926577221837566,0.674547822925096,1.27277165361715,0.161969718950577,0.637772342167386,0.875874902721479,0.605159824813281,1.26769295277336,0.188641567985108,0.48233005268161,1.29397340604401,0.98527458249106,1.69939142377535,0.139059982214542,0.0638416590789983
"KLF9",2.00940134780273e-08,1.2465181101458,1.08698486453465,1.42946553316238,0.0698719312101925,0.0016122228317707,0.683607314725283,0.341065750226921,1.37017264394033,0.354755690592964,0.283626949599094,0.478073342935691,0.145499524306757,1.57082383818552,0.606945510209195,0.224019204617287,1.02937235875804,1.01677415380904,1.04212666009023,0.00628288823329505,4.07274666282542e-06,1.11013488628868,0.79622821870175,1.54779677083613,0.169569929376506,0.537791574035221,1.20216407523136,0.823303104343678,1.75536622679075,0.193143438203021,0.340438907073001,1.33842530878285,1.01581222863726,1.76349748180691,0.14071955641775,0.0383165931833125
"NRF1",2.03622666227961e-06,1.06678568744386,0.518995479584794,2.19275841062337,0.36761400121877,0.860400728108072,0.499919466685101,0.240488571969838,1.03921558984541,0.373361170905199,0.0633200843679328,0.506910336305691,0.154719556520602,1.66079902781607,0.605480498865376,0.261811867037117,1.02773281969929,1.01535610856575,1.04026039709265,0.00618166124088624,9.63426547901441e-06,0.938961001483958,0.678502322248061,1.29940271889803,0.16576123186591,0.703980952060556,0.904895575967507,0.644363253030222,1.27076769129037,0.17324651343879,0.564046731278186,1.29829807278344,0.987898550311542,1.70622569013957,0.139405367904744,0.0611199339438455
"ZNF263",4.95407502627258e-07,0.731643970157246,0.520818112360276,1.02781160325154,0.173418057937643,0.0715799579960708,0.525514399008304,0.267426164713739,1.03267899706327,0.344666579275415,0.0619481214910228,0.526739305559999,0.160496586003444,1.72872397432726,0.606354549281957,0.290411666256498,1.0276386264068,1.01537688642264,1.04004843975115,0.00612445654523721,8.52364710630418e-06,0.891558801030675,0.64714060488725,1.22829117767034,0.163476373012986,0.482589624259942,0.951975394929176,0.674614729290084,1.34336994613835,0.175716204487877,0.779409598479933,1.3300201987349,1.01068850039624,1.75024622160962,0.140085404185829,0.0417645171289867
