"SYMBOL_UPPER","Overall_pvalue","Expression_coef_MM","Expression_Lower95_MM","Expression_Upper95_MM","Expression_SE_MM","Expression_pvalue_MM","Recurrence_Recurrent_coef_MM","Recurrence_Recurrent_Lower95_MM","Recurrence_Recurrent_Upper95_MM","Recurrence_Recurrent_SE_MM","Recurrence_Recurrent_pvalue_MM","Recurrence_Secondary_coef_MM","Recurrence_Secondary_Lower95_MM","Recurrence_Secondary_Upper95_MM","Recurrence_Secondary_SE_MM","Recurrence_Secondary_pvalue_MM","Age_coef_MM","Age_Lower95_MM","Age_Upper95_MM","Age_SE_MM","Age_pvalue_MM","Subtype_Mesenchymal_coef_MM","Subtype_Mesenchymal_Lower95_MM","Subtype_Mesenchymal_Upper95_MM","Subtype_Mesenchymal_SE_MM","Subtype_Mesenchymal_pvalue_MM","Subtype_Proneural_coef_MM","Subtype_Proneural_Lower95_MM","Subtype_Proneural_Upper95_MM","Subtype_Proneural_SE_MM","Subtype_Proneural_pvalue_MM","MGMT_Unmethylated_coef_MM","MGMT_Unmethylated_Lower95_MM","MGMT_Unmethylated_Upper95_MM","MGMT_Unmethylated_SE_MM","MGMT_Unmethylated_pvalue_MM"
"KLF15",0.000300325128635559,0.400670102387067,0.1877420824936,0.855090818289688,0.386777149017842,0.0180440574175071,0.326119961845062,0.0958762239115299,1.109286798904,0.624607022959651,0.0728272284715728,0.388268632382651,0.0512706529658542,2.94032789074667,1.03296741470163,0.359738149865177,1.03071586103035,1.0133073253832,1.04842347387332,0.00869098156726644,0.000499488689494741,0.840014956735688,0.548960649067521,1.28538380435511,0.217041200350656,0.42183760643593,1.0882501476698,0.683465877337542,1.73276885236284,0.237325577564455,0.721578255789717,1.31985588071765,0.902758547356647,1.92966275530235,0.193790652836437,0.152122653334196
"ZNF148",0.00325174852505454,0.981745888781724,0.653299358340771,1.47531905218415,0.207808433907288,0.929357945698254,0.312113747809386,0.091554271723275,1.06401361441725,0.625744032706116,0.062771728978589,0.456664310949609,0.0605971938651656,3.44145132131212,1.03047811154675,0.446881492582366,1.02623105344344,1.0091859100911,1.04356408915437,0.00854553634222595,0.00244558991291115,0.987584162530699,0.651866502121125,1.49619972020013,0.211953859706252,0.952996149642732,1.20944732873685,0.765108537894241,1.91183703819929,0.233627291820792,0.415667298122876,1.22145057890688,0.841655907068143,1.77262644292373,0.190015308541928,0.29245429430158
"KLF5",0.00305183311993069,0.965523484250272,0.814759900472397,1.14418443776906,0.0866224875199642,0.68545420442191,0.328143233873168,0.0951411604257369,1.13177074417533,0.631689420573066,0.0777306627246525,0.452117486579894,0.0599720090604628,3.40842711247572,1.03066390522589,0.441183642234276,1.02608297213277,1.00902651607871,1.04342774835333,0.00855250022313201,0.00260686320289438,1.02796126585697,0.660547159882296,1.59974098486861,0.225649169054534,0.902729540406011,1.23587257600236,0.776397187376142,1.96726759054413,0.237182067568762,0.371916616726817,1.24367656520115,0.848401528399347,1.82311246155897,0.195142983491219,0.263781298928246
"KLF4",0.00283235584900987,0.926035785984069,0.717948412367327,1.19443439410294,0.12985706078366,0.554020672743202,0.328986218433568,0.0959879699859905,1.12755725467489,0.628477359469321,0.0769037079266306,0.4327106177463,0.0570477167667844,3.28213799468664,1.03378487940414,0.417762102727416,1.02639331728992,1.00937676860164,1.04369673896584,0.00852971993531546,0.00225701023548195,1.01453746702474,0.670306239345068,1.53554630940426,0.211459706281736,0.945584042450943,1.19558644462593,0.756381396367667,1.8898229827409,0.233599369541727,0.444441599094541,1.23176212072761,0.84851766965072,1.78810409768359,0.190161725181792,0.273013165109185
"E2F6",0.001788820748299,0.766772279493913,0.501960449059511,1.17128696036087,0.216161385163852,0.219239965123605,0.302116872911269,0.0887642120795371,1.02828158735749,0.624924946032043,0.0554496482253201,0.477034197627544,0.0631408993668387,3.60402889391957,1.03176357849934,0.473139332990781,1.02717568954383,1.00985124812198,1.0447973393626,0.00867870336747851,0.00200483371269757,0.978522892140753,0.64997827510042,1.47313700645698,0.208730999914757,0.917157664129049,1.19827023546557,0.758271096557786,1.89358603238451,0.233470288304511,0.43849261294088,1.28682744968323,0.875895755796155,1.89055018739426,0.196273016386667,0.198847443513673
"ZNF460",0.00162218727083524,2.51296989804609,0.656626293626192,9.61736952934268,0.684760291606627,0.178407128687059,0.301377619563661,0.0875262736879163,1.03772805292405,0.630840678321792,0.0572681518665234,0.445092195412519,0.0589343309440567,3.36148827421472,1.03157898215569,0.432633001641359,1.02583323936867,1.00863388671854,1.04332587755628,0.00862687838634386,0.00311171780183648,0.983986338599972,0.654869474451427,1.4785070190704,0.207746711929643,0.93806153998563,1.20476703567392,0.762949849343016,1.90243645961317,0.233090607059688,0.424173945306829,1.2594433762315,0.865740326644055,1.83218636017813,0.191248477299666,0.227768714575397
"SP2",0.00273219554485269,1.32417855304848,0.580981621452996,3.01807970442906,0.420328367745509,0.504113914805546,0.313109576126382,0.0923214157293411,1.06191619666513,0.623111998339755,0.0623845409345654,0.45519100673573,0.0604072109892787,3.43003507726688,1.03043150627322,0.444989578440855,1.02574127604369,1.00864555076265,1.04312676002407,0.00857523682874443,0.00303835722125758,1.06038073619993,0.674566021141932,1.66686027825782,0.230776564679193,0.799459466397063,1.24050910565744,0.782951626767338,1.96546349558363,0.234803410836611,0.358680556818342,1.21362750377105,0.83582660586327,1.76219769456645,0.190283041608737,0.308913590978337
"ZFX",0.0012603330704088,0.644984488269093,0.36613953266551,1.13619249765031,0.288888864406434,0.129018137501824,0.348297347912502,0.102423099231901,1.18441097245277,0.624472851040817,0.0912304564365825,0.419223665629119,0.0554554963929535,3.16918057279976,1.03207189996625,0.399600243212043,1.02615455736552,1.00910756517175,1.04348952673129,0.00854711353521215,0.0025218035054044,1.12144419391993,0.726314541751971,1.73153228770984,0.221631326817671,0.605049333238248,1.2648711195632,0.800118118324561,1.9995784528105,0.233660492305334,0.314605461531996,1.2432817688048,0.855540144461196,1.80675280599004,0.190705919022488,0.253523094404369
"WT1",0.00113890171170999,0.709589451520445,0.455695254738782,1.10494279778647,0.225954295027622,0.128936214612321,0.355187805301634,0.104559747071937,1.20656735089646,0.623933928335359,0.0971150775040764,0.423682035551029,0.0560946662677867,3.20006302188748,1.03162228547647,0.405156056240185,1.03048595755152,1.01246187519086,1.04883090882874,0.00900303750855831,0.000851168101439388,0.975720717175859,0.648700171181545,1.467597759674,0.208272077521109,0.906057086223501,1.17179802946174,0.742039903249413,1.85045388507751,0.233112245630024,0.496441936909875,1.19742423693316,0.824631960319034,1.73874512775402,0.190304967047644,0.343762026053854
"EGR1",6.82183633584648e-05,1.3070949044896,1.09989237808277,1.55333114710801,0.0880601423900572,0.00235650234586643,0.392967620652726,0.117672584388797,1.31231545294561,0.615226181977373,0.12896739930611,0.479921164568695,0.0634077754296425,3.63243029171621,1.03269007549472,0.477149774032616,1.02732785835455,1.01005841073622,1.04489256990799,0.00864962695506017,0.00182684972893109,0.993240614578139,0.660568779180281,1.49345071935093,0.208101627443644,0.974000389078383,1.50587530755781,0.938664991003098,2.41583574933269,0.241163086719292,0.0896021796095813,1.28113823111218,0.878608806104903,1.86808413006194,0.192434378094887,0.197938779327178
"KLF2",0.00148783865167291,1.21518987221556,0.935216515165387,1.57897813136258,0.133613448796173,0.144650992950077,0.362215132732463,0.106726708910196,1.22930617574643,0.623463946005395,0.103348952470019,0.535798408530934,0.0701972596732998,4.08961739988655,1.03698268365838,0.547345080354528,1.02793157923365,1.01076288216348,1.04539190173278,0.00859364415595515,0.00134736417037455,0.997007336970374,0.663101306414714,1.4990524379258,0.208080532940335,0.988507829202498,1.3036714650162,0.818542929560325,2.0763227282537,0.237460446164812,0.264100270075895,1.25469300567431,0.861716956407905,1.82688123609679,0.191697065714425,0.236574996579815
"SP3",0.00264161463451754,0.864648734445955,0.588013721576669,1.2714285509773,0.196724560507555,0.459744987939738,0.298131099911616,0.087440335287868,1.01648915734249,0.625815909718844,0.0531339590723431,0.428246881947492,0.0564442561678109,3.24914179668711,1.0339201830332,0.412083309879743,1.02618506557846,1.00921845130587,1.04343691641157,0.00850622037078991,0.00237577743545189,0.973923937730069,0.645979181965526,1.46835666375122,0.209476262802919,0.899625883999351,1.17993921701258,0.743561737822543,1.87241554402917,0.235599434258817,0.482488273228322,1.2573564156406,0.859921962871726,1.83847514566669,0.193842882713512,0.237432689394898
"TCFL5",0.0016486697379384,0.872403741573678,0.713864443045916,1.0661523987164,0.102328020357357,0.182212258453318,0.343075732759552,0.100576007191184,1.17026875191781,0.62605103745537,0.0874856206796663,0.354634100196766,0.0454553946730301,2.7667858991661,1.04815958977438,0.322644988553075,1.02765048975926,1.01031079754316,1.04528777844457,0.00868236099950499,0.00168119081275869,0.917097564107923,0.599678571490392,1.40253125937511,0.216748913420723,0.689694001656429,1.11467905075903,0.695558106167043,1.78634879700856,0.240620361170373,0.651849573752486,1.28015752014022,0.874496478101096,1.87399642812754,0.194437320193495,0.203997191204154
"MAZ",0.00323214795339178,0.971892896484415,0.672610409643921,1.40434312150614,0.187799029258229,0.879337219884085,0.319013820066058,0.0924276768595922,1.10107514167795,0.632056490731491,0.0706649486381294,0.456040764434252,0.0605292579621746,3.43591158767784,1.03035329542681,0.446034594657289,1.02629705542404,1.00925521678312,1.04362665503903,0.00854331149533599,0.00237908726085237,0.982141546034711,0.642665502112236,1.50093946738562,0.216387172133116,0.933632148248924,1.21516751307554,0.769252868523335,1.91956656290247,0.233278507941764,0.403489941873778,1.22461967962797,0.842796570992111,1.77942508471139,0.19064635818846,0.287845583235979
"ZKSCAN5",0.00206453104332394,1.38479911419076,0.762389107238345,2.51534100954042,0.304522585174404,0.285039423000942,0.312951606375317,0.0919190318318981,1.06548889801192,0.625083152175732,0.0631003870600817,0.410001292671245,0.0539036982428045,3.11854409756629,1.03520332003753,0.389086480622293,1.02569178991557,1.00874225900418,1.04292611765741,0.00850170479438119,0.00284702078544808,1.10883106545829,0.703566336082284,1.74753433851271,0.232095835612553,0.65624590149204,1.31532074505301,0.815570141820696,2.12129965732263,0.243855704517638,0.261036100681091,1.23412264603258,0.84838863380133,1.79523704676024,0.191216147900695,0.271280750041282
"AHR",0.00244080023554517,0.924963352022857,0.772974162661803,1.10683803406724,0.0915876492824783,0.394405105063448,0.296307479381497,0.0865104374529926,1.01488473440125,0.628140433045723,0.0528135768928419,0.474041440236964,0.0627576954769254,3.58068098827112,1.03165851664019,0.469339657301768,1.02565132232418,1.00848315379308,1.0431117575229,0.00861264455957106,0.00327392567775705,1.07036096605574,0.685487228580234,1.67132595603374,0.227362011503878,0.76489070894193,1.2469979225989,0.784919645133782,1.98109937572136,0.236184406323224,0.34999217698884,1.22358601959599,0.842617906983376,1.77679911018115,0.190323693774495,0.289042323411147
"ARNT",0.00251728336395163,0.804514152471846,0.470762040434551,1.37488362683201,0.273416153460013,0.426292574517248,0.349039835429494,0.100729729105544,1.20946226896924,0.6340652616501,0.096907825699927,0.452398217508333,0.0600275606735818,3.40950298343191,1.03050822299368,0.441471942314857,1.02684526833003,1.00980103925193,1.04417718353003,0.00853991979981484,0.00192185674734302,1.02725141247677,0.677506695410981,1.55754248863239,0.212362344830333,0.899250918138867,1.23610955527685,0.782415961906714,1.95288300218614,0.23333987508439,0.363660023433824,1.26334487491297,0.862188830692529,1.85114932617126,0.194923906966468,0.230430011216409
"EGR3",0.000360696578886866,1.19510549676672,1.03154955730521,1.38459382613979,0.0750893221325099,0.0176140670067945,0.303881691797959,0.0905249370326196,1.02009551883714,0.617875177004719,0.0538846279447877,0.686718116061376,0.0882895895061305,5.34130664288727,1.04660172904738,0.719522639247549,1.02868522751371,1.01121328095557,1.04645905788041,0.0087402782203475,0.00121316130136779,0.994215059607347,0.661140842165171,1.49508776603926,0.208160278807201,0.977764644054964,1.36332385050622,0.852217776988013,2.18095887171952,0.239718131287491,0.196054083554917,1.25954263189044,0.864512977724206,1.83507672230179,0.192012521462877,0.229465212931574
"SP1",0.0027682865869783,0.736055215836013,0.288206172922737,1.87982538772562,0.478390951367375,0.521792247260792,0.327316924840986,0.0958972746446842,1.11719931232997,0.62636422789989,0.0745813734272033,0.447083802197166,0.0592846956626055,3.37159403372216,1.03083264819995,0.434843047284235,1.02630327529709,1.00929938929562,1.04359362945877,0.00852407338864477,0.00232001460168833,1.00089640869782,0.66529523524926,1.50578805899439,0.208381574586478,0.996569235640963,1.24822663869374,0.785003411050086,1.98479359403096,0.236632445574436,0.348760180710956,1.22877219365756,0.846527421656011,1.78361747685897,0.190119890472073,0.278538595535231
"ZNF281",0.0025327499898791,0.843665981923407,0.556780900717562,1.2783705190632,0.212036984846326,0.422703136366402,0.340087552054979,0.0991689408100761,1.16628797401652,0.628775952840412,0.0862865092738207,0.513730714806158,0.066791708093149,3.95137742198746,1.04089682290704,0.522246249349823,1.02710570539262,1.00988975706663,1.0446151400865,0.00862448426961739,0.00192843648351387,1.03523937222756,0.679858307818326,1.57638811717881,0.214546570338968,0.871760522760215,1.30394518685487,0.800047659300135,2.12521470509561,0.249228256650144,0.286937060977395,1.21772724485212,0.839199594315915,1.76699280230694,0.189948853938886,0.299713173023438
"KLF9",0.000144250857119519,1.29426311768595,1.07147543283616,1.56337417216201,0.096381824233219,0.00744518820928132,0.366642140211416,0.107133295949213,1.25475892240385,0.627721974264514,0.109947537082085,0.536646038042763,0.0707692620134894,4.06940756414982,1.03364857316039,0.54707103604446,1.02406053903464,1.00682800458409,1.04158801983376,0.00865875384618447,0.00603542288834887,1.19749456673191,0.777351201437878,1.84471733587078,0.220460452618909,0.413629552546676,1.66962213429632,1.00286806582966,2.77966580681379,0.260072826430842,0.0487266057462498,1.19646783152146,0.81947808994546,1.74688657260004,0.193096078573596,0.352922674414419
"NRF1",0.00291988927837766,0.743492357281663,0.24831564852539,2.22612182767741,0.559529553570733,0.596302612241234,0.345843576397848,0.0972588676562784,1.22978790744674,0.647262107383998,0.100922045722418,0.516380544770187,0.0651075791241775,4.09551192970307,1.05655156657578,0.531619170310282,1.02673351088367,1.00965707380397,1.04409876355324,0.00855713269297913,0.00204862868591759,0.978148460853714,0.648786448024998,1.47471392841674,0.20947213693104,0.915999867188232,1.2100117141065,0.766865453716823,1.90923758682655,0.232695067932093,0.412657015436643,1.23003597025985,0.846911303281837,1.78647809076364,0.190413050700513,0.276887304368203
"ZNF263",0.00108030947952727,0.672858924283342,0.423390694815227,1.06931762443508,0.23635143706296,0.0936598321730554,0.33734079176597,0.0998601587695565,1.13958170296826,0.621094512716808,0.0801888475353887,0.597899509993804,0.077177047923211,4.63199660612203,1.04457051576353,0.622446031131504,1.0292420048495,1.01166816235172,1.04712112525523,0.00878689585949779,0.00103740305261627,0.981905417823092,0.652881779704536,1.47674246628029,0.208217559090936,0.930116603792018,1.29478909512363,0.813793070096564,2.06007996683006,0.236941588509216,0.275561674143326,1.22693278627833,0.843442241301474,1.78478618728162,0.191218431899089,0.284822590907241
