"SYMBOL_UPPER","Overall_pvalue_Males","Expression_coef_MM","Expression_Lower95_MM","Expression_Upper95_MM","Expression_SE_MM","Expression_pvalue_MM","Recurrence_Recurrent_coef_MM","Recurrence_Recurrent_Lower95_MM","Recurrence_Recurrent_Upper95_MM","Recurrence_Recurrent_SE_MM","Recurrence_Recurrent_pvalue_MM","Recurrence_Secondary_coef_MM","Recurrence_Secondary_Lower95_MM","Recurrence_Secondary_Upper95_MM","Recurrence_Secondary_SE_MM","Recurrence_Secondary_pvalue_MM","Age_coef_MM","Age_Lower95_MM","Age_Upper95_MM","Age_SE_MM","Age_pvalue_MM","Subtype_Mesenchymal_coef_MM","Subtype_Mesenchymal_Lower95_MM","Subtype_Mesenchymal_Upper95_MM","Subtype_Mesenchymal_SE_MM","Subtype_Mesenchymal_pvalue_MM","Subtype_Proneural_coef_MM","Subtype_Proneural_Lower95_MM","Subtype_Proneural_Upper95_MM","Subtype_Proneural_SE_MM","Subtype_Proneural_pvalue_MM","MGMT_Unmethylated_coef_MM","MGMT_Unmethylated_Lower95_MM","MGMT_Unmethylated_Upper95_MM","MGMT_Unmethylated_SE_MM","MGMT_Unmethylated_pvalue_MM","Overall_pvalue_Females","Expression_coef_MF","Expression_Lower95_MF","Expression_Upper95_MF","Expression_SE_MF","Expression_pvalue_MF","Recurrence_Recurrent_coef_MF","Recurrence_Recurrent_Lower95_MF","Recurrence_Recurrent_Upper95_MF","Recurrence_Recurrent_SE_MF","Recurrence_Recurrent_pvalue_MF","Recurrence_Secondary_coef_MF","Recurrence_Secondary_Lower95_MF","Recurrence_Secondary_Upper95_MF","Recurrence_Secondary_SE_MF","Recurrence_Secondary_pvalue_MF","Age_coef_MF","Age_Lower95_MF","Age_Upper95_MF","Age_SE_MF","Age_pvalue_MF","Subtype_Mesenchymal_coef_MF","Subtype_Mesenchymal_Lower95_MF","Subtype_Mesenchymal_Upper95_MF","Subtype_Mesenchymal_SE_MF","Subtype_Mesenchymal_pvalue_MF","Subtype_Proneural_coef_MF","Subtype_Proneural_Lower95_MF","Subtype_Proneural_Upper95_MF","Subtype_Proneural_SE_MF","Subtype_Proneural_pvalue_MF","MGMT_Unmethylated_coef_MF","MGMT_Unmethylated_Lower95_MF","MGMT_Unmethylated_Upper95_MF","MGMT_Unmethylated_SE_MF","MGMT_Unmethylated_pvalue_MF","Overall_pvalue_All","Expression_coef_MA","Expression_Lower95_MA","Expression_Upper95_MA","Expression_SE_MA","Expression_pvalue_MA","Recurrence_Recurrent_coef_MA","Recurrence_Recurrent_Lower95_MA","Recurrence_Recurrent_Upper95_MA","Recurrence_Recurrent_SE_MA","Recurrence_Recurrent_pvalue_MA","Recurrence_Secondary_coef_MA","Recurrence_Secondary_Lower95_MA","Recurrence_Secondary_Upper95_MA","Recurrence_Secondary_SE_MA","Recurrence_Secondary_pvalue_MA","Age_coef_MA","Age_Lower95_MA","Age_Upper95_MA","Age_SE_MA","Age_pvalue_MA","Subtype_Mesenchymal_coef_MA","Subtype_Mesenchymal_Lower95_MA","Subtype_Mesenchymal_Upper95_MA","Subtype_Mesenchymal_SE_MA","Subtype_Mesenchymal_pvalue_MA","Subtype_Proneural_coef_MA","Subtype_Proneural_Lower95_MA","Subtype_Proneural_Upper95_MA","Subtype_Proneural_SE_MA","Subtype_Proneural_pvalue_MA","MGMT_Unmethylated_coef_MA","MGMT_Unmethylated_Lower95_MA","MGMT_Unmethylated_Upper95_MA","MGMT_Unmethylated_SE_MA","MGMT_Unmethylated_pvalue_MA"
"KLF15",0.000300325128635559,0.400670102387067,0.1877420824936,0.855090818289688,0.386777149017842,0.0180440574175071,0.326119961845062,0.0958762239115299,1.109286798904,0.624607022959651,0.0728272284715728,0.388268632382651,0.0512706529658542,2.94032789074667,1.03296741470163,0.359738149865177,1.03071586103035,1.0133073253832,1.04842347387332,0.00869098156726644,0.000499488689494741,0.840014956735688,0.548960649067521,1.28538380435511,0.217041200350656,0.42183760643593,1.0882501476698,0.683465877337542,1.73276885236284,0.237325577564455,0.721578255789717,1.31985588071765,0.902758547356647,1.92966275530235,0.193790652836437,0.152122653334196,0.000218152311339414,5.49266956517095,1.82412119155024,16.5391527119509,0.562416490019034,0.00245574374764967,0.454451609981651,0.169647579092042,1.21738410250383,0.502748124925064,0.116716534245545,0.516693837793679,0.113402171755594,2.35420995807155,0.773743792594339,0.393443384209191,1.03576661279513,1.01524045605641,1.05670776788025,0.0102126133113998,0.000579518443543155,0.999988234796893,0.565056007159932,1.7696944321648,0.291239361672998,0.999967767649678,0.706524147370416,0.40591405267969,1.22975878150096,0.282768428652705,0.219236929460894,1.39492264642754,0.888125439617832,2.19091707400445,0.230351808422494,0.148481543105584,2.00852024660034e-06,1.07325025892092,0.616051656815498,1.86975573481623,0.283227719615469,0.802902076577163,0.511677155712908,0.26076554108498,1.00401882315091,0.343920695810479,0.0513788280544611,0.507482607785159,0.155233307188974,1.65904213385669,0.604364802821696,0.261724905020209,1.02773953823194,1.01535107343531,1.04027915671722,0.00618752676059769,9.77531165261961e-06,0.943285723372935,0.679085138312998,1.31027452335305,0.167667735668301,0.727671433706861,0.910076518267693,0.645328869775064,1.28343749659137,0.175395375742769,0.591112927976206,1.29513857139923,0.985970735822341,1.70125122195135,0.13915883201583,0.0631072144962602
"ZNF148",0.00325174852505454,0.981745888781724,0.653299358340771,1.47531905218415,0.207808433907288,0.929357945698254,0.312113747809386,0.091554271723275,1.06401361441725,0.625744032706116,0.062771728978589,0.456664310949609,0.0605971938651656,3.44145132131212,1.03047811154675,0.446881492582366,1.02623105344344,1.0091859100911,1.04356408915437,0.00854553634222595,0.00244558991291115,0.987584162530699,0.651866502121125,1.49619972020013,0.211953859706252,0.952996149642732,1.20944732873685,0.765108537894241,1.91183703819929,0.233627291820792,0.415667298122876,1.22145057890688,0.841655907068143,1.77262644292373,0.190015308541928,0.29245429430158,0.00290413088738397,1.57944401328327,0.91867044815482,2.7154932392861,0.276485036615305,0.0982991204670264,0.519631030283161,0.194639446291397,1.38726456932525,0.501014384259368,0.191341216316951,0.714917308823341,0.162073985105163,3.15353977458857,0.75721491137564,0.657629917554438,1.03190983689984,1.01207391892238,1.05213452454584,0.00990308262773168,0.00151460517084659,0.965572002462334,0.536584641643751,1.73752511641605,0.299748547963788,0.906955162275164,0.707783080532244,0.406522461531067,1.23229817905014,0.282912586309346,0.221843415738794,1.26261066186901,0.809604032782369,1.96909306143963,0.226734539029677,0.303745675564788,9.3558379439605e-07,1.24187763060185,0.902010594251788,1.70980258903561,0.163142521389289,0.184236464539433,0.532302620233437,0.271083750632265,1.04523446664183,0.344284054148412,0.0670316344972888,0.524877329164218,0.161092961033512,1.71016914024724,0.602655451729294,0.284806545148646,1.02917308118975,1.01661870704002,1.04188249115496,0.00626211433633272,4.39012666943905e-06,0.993066864885008,0.714725839711802,1.37980431563828,0.167808680369625,0.966929498719705,0.940715195870838,0.666715954513645,1.3273194885337,0.175654417857697,0.727895299547515,1.3087098688311,0.995932670782799,1.71971617261008,0.139348194377844,0.0535181560438005
"KLF5",0.00305183311993069,0.965523484250272,0.814759900472397,1.14418443776906,0.0866224875199642,0.68545420442191,0.328143233873168,0.0951411604257369,1.13177074417533,0.631689420573066,0.0777306627246525,0.452117486579894,0.0599720090604628,3.40842711247572,1.03066390522589,0.441183642234276,1.02608297213277,1.00902651607871,1.04342774835333,0.00855250022313201,0.00260686320289438,1.02796126585697,0.660547159882296,1.59974098486861,0.225649169054534,0.902729540406011,1.23587257600236,0.776397187376142,1.96726759054413,0.237182067568762,0.371916616726817,1.24367656520115,0.848401528399347,1.82311246155897,0.195142983491219,0.263781298928246,0.00384389279762399,1.13020686733811,0.967828587930979,1.31982830318019,0.079134602269742,0.121925862990411,0.323125440459931,0.107651158076397,0.969892494777693,0.56079837972119,0.043959620723204,0.651385532997695,0.147885019064474,2.86914195422126,0.756476456501063,0.570955400729777,1.02569646321302,1.00705648168646,1.04468145906362,0.00935739486765885,0.00669950454405209,0.76857739650081,0.445236151222137,1.32673686265257,0.278544123784824,0.344677547696606,0.600845076076174,0.347331050875408,1.03939686513799,0.279626955632296,0.0684887213556241,1.1984407550119,0.769581161448285,1.86628820353472,0.2259889481888,0.423120903227043,1.44363683112124e-06,1.05275726032167,0.943846198583466,1.17423564434897,0.0557177258189481,0.356145426031586,0.451424606172503,0.217545010493306,0.936744881419702,0.37245714999598,0.0327279327839679,0.514816070208519,0.157861903000224,1.67890783721622,0.603117752048372,0.270959485183455,1.0275744325773,1.01522510449483,1.04007397946682,0.00616885799553461,1.03646332187442e-05,0.898438727848684,0.647830009365149,1.24599375766705,0.166855198331491,0.520967624272468,0.881392377094307,0.624917329705895,1.24312846751356,0.175454007283957,0.471786505728224,1.27108250892342,0.965064664603823,1.67413729229669,0.140527621298043,0.0878375852392054
"KLF4",0.00283235584900987,0.926035785984069,0.717948412367327,1.19443439410294,0.12985706078366,0.554020672743202,0.328986218433568,0.0959879699859905,1.12755725467489,0.628477359469321,0.0769037079266306,0.4327106177463,0.0570477167667844,3.28213799468664,1.03378487940414,0.417762102727416,1.02639331728992,1.00937676860164,1.04369673896584,0.00852971993531546,0.00225701023548195,1.01453746702474,0.670306239345068,1.53554630940426,0.211459706281736,0.945584042450943,1.19558644462593,0.756381396367667,1.8898229827409,0.233599369541727,0.444441599094541,1.23176212072761,0.84851766965072,1.78810409768359,0.190161725181792,0.273013165109185,0.00148514356904684,1.33815015696294,1.04964935119485,1.70594669595289,0.123896166004761,0.0187196656450357,0.356581916806149,0.127510516952609,0.997177851928914,0.524685736642777,0.0493737042723314,0.497654574658391,0.110316941579348,2.24498678201923,0.768661420887851,0.363943868441802,1.03007053966026,1.01079197716055,1.04971679697794,0.00963952693559004,0.00211549052772889,0.743684016649764,0.429677969763028,1.28716377273275,0.279893008011055,0.290035504608458,0.680813269556711,0.394448635646735,1.17507494288714,0.278474064746903,0.167395446701338,1.31598103358667,0.839065098482721,2.06397106004227,0.229621263014274,0.231772381746231,6.69601144692182e-07,1.15762289667086,0.973178411323624,1.37702476267838,0.0885508756515024,0.0983444747471577,0.454011069071427,0.226940272642779,0.908283260784824,0.353799721667986,0.0256237962515706,0.46988343112614,0.142645937440539,1.54782142981752,0.608235180045237,0.21433209302871,1.02844157802089,1.01596380733225,1.041072597044,0.0062281244377335,6.70322332594443e-06,0.893082214365632,0.648500762621957,1.22990733024192,0.163276195270874,0.48859312043587,0.932171165897739,0.662195267306801,1.3122157850285,0.174470539639397,0.687255213921949,1.29173313420109,0.983112934859099,1.69723582187647,0.139296492783977,0.0661069765912723
"E2F6",0.001788820748299,0.766772279493913,0.501960449059511,1.17128696036087,0.216161385163852,0.219239965123605,0.302116872911269,0.0887642120795371,1.02828158735749,0.624924946032043,0.0554496482253201,0.477034197627544,0.0631408993668387,3.60402889391957,1.03176357849934,0.473139332990781,1.02717568954383,1.00985124812198,1.0447973393626,0.00867870336747851,0.00200483371269757,0.978522892140753,0.64997827510042,1.47313700645698,0.208730999914757,0.917157664129049,1.19827023546557,0.758271096557786,1.89358603238451,0.233470288304511,0.43849261294088,1.28682744968323,0.875895755796155,1.89055018739426,0.196273016386667,0.198847443513673,0.000218045034693146,0.456717233360671,0.2777806495117,0.750918509317689,0.253694805733255,0.00200757989115441,0.491036563795891,0.184492066994091,1.30692289870761,0.499454140752253,0.15443836409398,0.796273286980778,0.178861450567385,3.54492902493989,0.761917554147441,0.764940568280496,1.02909124592437,1.01061925666499,1.04790086420175,0.00924142435865911,0.00191570515690678,0.702818116426656,0.405343798573237,1.21860333503601,0.280802374660075,0.209155530305139,0.775809389727831,0.443748059813868,1.35635569751523,0.285030691427846,0.373143635447186,1.39592079283107,0.88660380688281,2.19781918905712,0.231591667261181,0.149791351018443,4.13312208410569e-08,0.617732516672734,0.449761873586342,0.848434437343596,0.161909745511861,0.00292880949047647,0.510407878022881,0.260886322605564,0.998581295278162,0.342417210382642,0.0495173215530381,0.592913514251679,0.18120497626035,1.94004846134681,0.604817076865872,0.387456403785271,1.02966561161499,1.01728192867703,1.04220004489932,0.00617348382700712,2.18591126769541e-06,0.885754312761625,0.644441624576709,1.21742710690226,0.162276129439767,0.454708782616278,0.960715181169605,0.683190356434161,1.35097583072909,0.173934043222525,0.817768060394421,1.40929157373761,1.06583708111635,1.86342056867416,0.142516223904909,0.0160685404772155
"ZNF460",0.00162218727083524,2.51296989804609,0.656626293626192,9.61736952934268,0.684760291606627,0.178407128687059,0.301377619563661,0.0875262736879163,1.03772805292405,0.630840678321792,0.0572681518665234,0.445092195412519,0.0589343309440567,3.36148827421472,1.03157898215569,0.432633001641359,1.02583323936867,1.00863388671854,1.04332587755628,0.00862687838634386,0.00311171780183648,0.983986338599972,0.654869474451427,1.4785070190704,0.207746711929643,0.93806153998563,1.20476703567392,0.762949849343016,1.90243645961317,0.233090607059688,0.424173945306829,1.2594433762315,0.865740326644055,1.83218636017813,0.191248477299666,0.227768714575397,0.00570300402039467,0.388309748611781,0.0668265782870365,2.25635465307364,0.897823876469541,0.292063691272266,0.48749797764743,0.179795597298271,1.32180254567679,0.508920324457686,0.158023082500063,0.695408173984642,0.156551924409861,3.08902321237895,0.760785017128946,0.633023470574522,1.02648030462957,1.0077253384228,1.0455843230473,0.00940839715690368,0.00547081620029528,0.861264102634529,0.493821163282043,1.50211434754407,0.28379488970061,0.598697330110937,0.652436581798791,0.379085880690256,1.12289461294155,0.277020990472409,0.123183309194213,1.28978402149835,0.824009413480359,2.01883958471564,0.228600172098447,0.265628050768842,1.99104545918357e-06,0.859684346418417,0.304807616138111,2.42466768002932,0.529032410887456,0.775042118993298,0.512971752481287,0.261354015035892,1.00683365743429,0.344059848989908,0.0523590679104935,0.515576198819324,0.157928036931726,1.68316419271329,0.603656827581174,0.272454146381518,1.02771056219731,1.01533013920035,1.04024194582044,0.0061836611784445,9.85687219777878e-06,0.937667794089194,0.682230298533423,1.28874500877803,0.162262389882567,0.691633849093004,0.9069094020563,0.645431611962561,1.27431729139698,0.173535484066061,0.573386840882119,1.29580508904506,0.986686434784912,1.7017674203265,0.139051115118423,0.0623814005168998
"SP2",0.00273219554485269,1.32417855304848,0.580981621452996,3.01807970442906,0.420328367745509,0.504113914805546,0.313109576126382,0.0923214157293411,1.06191619666513,0.623111998339755,0.0623845409345654,0.45519100673573,0.0604072109892787,3.43003507726688,1.03043150627322,0.444989578440855,1.02574127604369,1.00864555076265,1.04312676002407,0.00857523682874443,0.00303835722125758,1.06038073619993,0.674566021141932,1.66686027825782,0.230776564679193,0.799459466397063,1.24050910565744,0.782951626767338,1.96546349558363,0.234803410836611,0.358680556818342,1.21362750377105,0.83582660586327,1.76219769456645,0.190283041608737,0.308913590978337,0.00693984469380665,0.639053939235357,0.20911568841549,1.95293782282274,0.569960080728606,0.432095924770991,0.405837670306478,0.142928912995552,1.15235057195822,0.532461752517177,0.0903324611229641,0.669639757610047,0.152157928486194,2.94705250941116,0.756044967974262,0.59582625015471,1.02605261004747,1.00722822792751,1.04522880653519,0.00944751685991456,0.00648282821927362,0.701135308728532,0.369656706504635,1.3298574393366,0.326600968796253,0.276983857274358,0.584921834119594,0.326569354849801,1.04765969907736,0.297370707171933,0.0713260908996161,1.19972983661981,0.763281697221529,1.88574111774888,0.230731032720641,0.429986348017336,2.02347837315852e-06,1.07221416543965,0.563397865755937,2.04055302024781,0.328319826620378,0.831817099963958,0.518441330528535,0.26232309383508,1.02461971331116,0.347582888124881,0.0587592100555359,0.507742630115611,0.155299152363236,1.66003854183139,0.604409786521745,0.262120832907146,1.02772275863223,1.01533884966933,1.04025771194968,0.00618533906213657,9.82410114154861e-06,0.949603034190243,0.664545176042059,1.35693697742867,0.182116192174386,0.776451443251114,0.911196339687276,0.643756996887946,1.28973941017065,0.177267070706358,0.599851172519176,1.29909467246947,0.988325232547496,1.70758259777351,0.139498006540372,0.0606854507090298
"ZFX",0.0012603330704088,0.644984488269093,0.36613953266551,1.13619249765031,0.288888864406434,0.129018137501824,0.348297347912502,0.102423099231901,1.18441097245277,0.624472851040817,0.0912304564365825,0.419223665629119,0.0554554963929535,3.16918057279976,1.03207189996625,0.399600243212043,1.02615455736552,1.00910756517175,1.04348952673129,0.00854711353521215,0.0025218035054044,1.12144419391993,0.726314541751971,1.73153228770984,0.221631326817671,0.605049333238248,1.2648711195632,0.800118118324561,1.9995784528105,0.233660492305334,0.314605461531996,1.2432817688048,0.855540144461196,1.80675280599004,0.190705919022488,0.253523094404369,0.00123545081676062,1.8666769736382,1.12754170807994,3.09033617021998,0.257208832034861,0.0152382931648628,0.342182150564717,0.124113967373883,0.943396030620587,0.517429387501787,0.0382116936073855,0.610440946292177,0.135922416266911,2.74155035750937,0.766390258351198,0.519559870773288,1.02936392227097,1.01068109782552,1.04839210583119,0.00934537704178724,0.00195600861630935,0.780311930994724,0.453551306037862,1.34248695031183,0.27683434946023,0.370218132870466,0.655757675561834,0.379702807633617,1.13251237655633,0.278781889077137,0.130127605173873,1.13608767176786,0.721560892787221,1.78875436687992,0.231600684296025,0.581697265879605,2.04729915175256e-06,1.02784378266722,0.692583211890993,1.52539481672268,0.201427211304714,0.891550121062784,0.506173215431776,0.251436133778004,1.01899166269696,0.356991211657136,0.0564864606433256,0.511311972531046,0.156722776905759,1.6681680762382,0.60332814001945,0.26622761952658,1.02775136814982,1.0153720719615,1.04028159125286,0.0061828479584789,9.54231794228717e-06,0.928355479708469,0.672226323988775,1.28207400684763,0.164706926526681,0.651736927688367,0.903448181811012,0.643426764797218,1.2685493701445,0.173171826317702,0.557651111513206,1.29500032569933,0.985800983541061,1.70118093972415,0.139192217720062,0.0632794764511886
"WT1",0.00113890171170999,0.709589451520445,0.455695254738782,1.10494279778647,0.225954295027622,0.128936214612321,0.355187805301634,0.104559747071937,1.20656735089646,0.623933928335359,0.0971150775040764,0.423682035551029,0.0560946662677867,3.20006302188748,1.03162228547647,0.405156056240185,1.03048595755152,1.01246187519086,1.04883090882874,0.00900303750855831,0.000851168101439388,0.975720717175859,0.648700171181545,1.467597759674,0.208272077521109,0.906057086223501,1.17179802946174,0.742039903249413,1.85045388507751,0.233112245630024,0.496441936909875,1.19742423693316,0.824631960319034,1.73874512775402,0.190304967047644,0.343762026053854,0.00135956483895307,1.34930777887773,1.05319187647177,1.72867976179149,0.12641368468489,0.0177914073329789,0.231487062768784,0.0664644798374086,0.80623906724925,0.636673086987032,0.021547799465154,0.576177613133491,0.129915832528694,2.55535168743104,0.759977827327533,0.468165199202634,1.02451318002485,1.00594739126523,1.04342161941934,0.00933067048656896,0.00944593474663382,0.758999440916732,0.438192211542381,1.31467455636462,0.280282388794306,0.325192060631259,0.632609511456785,0.367270507121008,1.0896458774288,0.27743096167877,0.0988391439804363,1.20923781482439,0.775806523187176,1.88482056943014,0.22645435079814,0.401481561763821,1.46852070104989e-06,1.10089571813316,0.895773101750217,1.35298925568976,0.105202071068349,0.360869481335969,0.454544150843895,0.218359356436701,0.946194330474184,0.374064486185624,0.0350466493476577,0.505147900424309,0.154737346857013,1.64908088762104,0.603644824442836,0.257928404832421,1.02666421817524,1.01415033034718,1.03933251840537,0.00625714276202048,2.60411800856409e-05,0.935845680074707,0.68201472263327,1.28414696611385,0.161431204152805,0.681270302396914,0.914612851576906,0.650370260200446,1.28621605177922,0.173961885834427,0.607903194223927,1.29978836694211,0.989473733019932,1.70742258481359,0.139177820974596,0.059574265515764
"EGR1",6.82183633584648e-05,1.3070949044896,1.09989237808277,1.55333114710801,0.0880601423900572,0.00235650234586643,0.392967620652726,0.117672584388797,1.31231545294561,0.615226181977373,0.12896739930611,0.479921164568695,0.0634077754296425,3.63243029171621,1.03269007549472,0.477149774032616,1.02732785835455,1.01005841073622,1.04489256990799,0.00864962695506017,0.00182684972893109,0.993240614578139,0.660568779180281,1.49345071935093,0.208101627443644,0.974000389078383,1.50587530755781,0.938664991003098,2.41583574933269,0.241163086719292,0.0896021796095813,1.28113823111218,0.878608806104903,1.86808413006194,0.192434378094887,0.197938779327178,0.00866045749067124,0.979731973449134,0.792933433450396,1.21053634429526,0.107930433426225,0.849530875677089,0.450188031635106,0.155932091539191,1.29972773293144,0.540951134869373,0.140119623551397,0.619104638043009,0.134391953844031,2.85203497592716,0.779358067326928,0.538405792548988,1.02662660617799,1.00782421167536,1.04577978610028,0.00943105408245416,0.00533040604889486,0.801721578685561,0.466029693655029,1.3792200335755,0.276796941546219,0.424640054801551,0.628989140893055,0.362095413734663,1.09260522048835,0.281743055422042,0.099842545583971,1.24091687720902,0.796273182541396,1.93385226314857,0.22636307853324,0.340306978860471,6.46821935135469e-07,1.11487620909362,0.976327782620735,1.27308572359433,0.0677054694185041,0.108246680101193,0.606057940230788,0.303125167237076,1.21173121408792,0.353491076623952,0.156579859855813,0.591036454940392,0.179573390960924,1.94529985316433,0.607814082671026,0.386931882351035,1.02821229993412,1.01571584309506,1.0408625019713,0.00623890806583104,8.21969975437177e-06,0.930023485078897,0.67790054861979,1.27591530138061,0.161334211937563,0.652956070736897,0.966603729412078,0.682122148412296,1.36972941266907,0.177850141829875,0.848537556728122,1.30909369073223,0.995840840408133,1.72088372115025,0.139544855802108,0.0535948635224703
"KLF2",0.00148783865167291,1.21518987221556,0.935216515165387,1.57897813136258,0.133613448796173,0.144650992950077,0.362215132732463,0.106726708910196,1.22930617574643,0.623463946005395,0.103348952470019,0.535798408530934,0.0701972596732998,4.08961739988655,1.03698268365838,0.547345080354528,1.02793157923365,1.01076288216348,1.04539190173278,0.00859364415595515,0.00134736417037455,0.997007336970374,0.663101306414714,1.4990524379258,0.208080532940335,0.988507829202498,1.3036714650162,0.818542929560325,2.0763227282537,0.237460446164812,0.264100270075895,1.25469300567431,0.861716956407905,1.82688123609679,0.191697065714425,0.236574996579815,0.00676432084421304,1.18346677109293,0.793099175532115,1.76597535527815,0.204215525064355,0.409454262136976,0.539911878642836,0.190783320132588,1.52793670063531,0.530758530383605,0.245535652959801,0.635246926926201,0.144796951584357,2.78692785831257,0.754443127085341,0.547556477911572,1.02929944751461,1.0092960301758,1.04969931613557,0.010013109902399,0.0039258232214462,0.782441645773402,0.452474457990029,1.35303754329064,0.279437803319945,0.379964028728382,0.68733015832751,0.388009915625099,1.21755328284698,0.29173182061846,0.198714276699468,1.31310295233051,0.825146741533625,2.089615430359,0.23703856083598,0.250493890444944,4.52039778532985e-07,1.22938944353444,0.994100805289272,1.52036734688502,0.108386850036172,0.056731265396832,0.606881815912654,0.304347478303763,1.21014815216521,0.352130960670199,0.156108279278355,0.534974717466038,0.164104398006507,1.74399925781709,0.602927757611843,0.299504254078789,1.03028868169744,1.01758847360183,1.0431473971758,0.006328407085752,2.41598775950005e-06,0.920821740249672,0.670981772912842,1.26368958375055,0.161495056675952,0.609503525352911,0.985275231543431,0.693923558756732,1.39895420704874,0.178860029692409,0.933901012697731,1.3555459402884,1.02756824562781,1.78820706464095,0.141333819931327,0.0313673296873439
"SP3",0.00264161463451754,0.864648734445955,0.588013721576669,1.2714285509773,0.196724560507555,0.459744987939738,0.298131099911616,0.087440335287868,1.01648915734249,0.625815909718844,0.0531339590723431,0.428246881947492,0.0564442561678109,3.24914179668711,1.0339201830332,0.412083309879743,1.02618506557846,1.00921845130587,1.04343691641157,0.00850622037078991,0.00237577743545189,0.973923937730069,0.645979181965526,1.46835666375122,0.209476262802919,0.899625883999351,1.17993921701258,0.743561737822543,1.87241554402917,0.235599434258817,0.482488273228322,1.2573564156406,0.859921962871726,1.83847514566669,0.193842882713512,0.237432689394898,0.0084498434075755,0.912272370863566,0.516880079101532,1.61012372557998,0.289866400578875,0.751429382341706,0.451037608080514,0.16474957139226,1.23481306921657,0.513848295356686,0.121263151029452,0.634129510246433,0.143511506568881,2.80200692877804,0.758094537960234,0.547939048122315,1.02704754548283,1.00802827507262,1.04642566757992,0.00953691272055354,0.00513543212281902,0.776409843753501,0.435351904462955,1.3846551245043,0.295171673903551,0.391234049120466,0.637408042165012,0.370954495817336,1.09525296713669,0.27619416530714,0.102987704599297,1.23957049426711,0.795269697169395,1.93209299402027,0.226452591812772,0.342931913614079,1.20530002350632e-06,0.836541183447191,0.61148595022036,1.14442719632567,0.159892618334888,0.264316766035062,0.480480750141263,0.242897194924034,0.950450462503337,0.348041537079761,0.0352061901906366,0.498790244771267,0.153024354401043,1.62583079832477,0.60286238814747,0.2485910175047,1.02788802970145,1.01556625342831,1.04035930500531,0.00615312249980957,7.81136918445279e-06,0.894907692944845,0.647083328415866,1.23764551445401,0.165434416623832,0.502111910455872,0.893228008862292,0.635894456423519,1.25469921581563,0.173375265815918,0.514874845216,1.31286214839356,0.998870788106113,1.72555553852222,0.139461465669597,0.0509545358038554
"TCFL5",0.0016486697379384,0.872403741573678,0.713864443045916,1.0661523987164,0.102328020357357,0.182212258453318,0.343075732759552,0.100576007191184,1.17026875191781,0.62605103745537,0.0874856206796663,0.354634100196766,0.0454553946730301,2.7667858991661,1.04815958977438,0.322644988553075,1.02765048975926,1.01031079754316,1.04528777844457,0.00868236099950499,0.00168119081275869,0.917097564107923,0.599678571490392,1.40253125937511,0.216748913420723,0.689694001656429,1.11467905075903,0.695558106167043,1.78634879700856,0.240620361170373,0.651849573752486,1.28015752014022,0.874496478101096,1.87399642812754,0.194437320193495,0.203997191204154,0.000572233412478482,0.678864367379286,0.514780937585631,0.895248436079895,0.141165812247979,0.00607283737262378,0.380713989995653,0.141540644463468,1.02403901527961,0.50483656982471,0.0557595890100254,0.559431408203351,0.125103710140868,2.50163244664755,0.764186415059654,0.447213381260384,1.02495585796016,1.00632362648331,1.04393306797143,0.00936028934876332,0.00845304623969653,0.672006808214772,0.38372604362078,1.17686343628345,0.285892805305489,0.16442713854545,0.581628462722822,0.334847978625446,1.01028433869604,0.281717028656171,0.0543991579788518,1.1745383700134,0.744917533742881,1.85193705362545,0.232329245383805,0.488657996754838,4.01067647124791e-08,0.781790274650666,0.66797475426241,0.914998702628003,0.0802750127200273,0.00216531729164315,0.494210770159921,0.251617290892001,0.9706975402056,0.34442104322365,0.0407256042362595,0.42531415631494,0.129652755370561,1.39520468381007,0.606117424821033,0.158392795469298,1.0277098363823,1.0153419638702,1.04022836185263,0.0061773588636509,9.65831240801354e-06,0.820760369581439,0.59088824648818,1.14005920456049,0.167658327336541,0.238742921640055,0.837105477594518,0.593550855491712,1.18059905757904,0.175425255811412,0.310789553583304,1.32230259572313,1.00591197945024,1.73820790524011,0.13953319423167,0.0452622655955793
"MAZ",0.00323214795339178,0.971892896484415,0.672610409643921,1.40434312150614,0.187799029258229,0.879337219884085,0.319013820066058,0.0924276768595922,1.10107514167795,0.632056490731491,0.0706649486381294,0.456040764434252,0.0605292579621746,3.43591158767784,1.03035329542681,0.446034594657289,1.02629705542404,1.00925521678312,1.04362665503903,0.00854331149533599,0.00237908726085237,0.982141546034711,0.642665502112236,1.50093946738562,0.216387172133116,0.933632148248924,1.21516751307554,0.769252868523335,1.91956656290247,0.233278507941764,0.403489941873778,1.22461967962797,0.842796570992111,1.77942508471139,0.19064635818846,0.287845583235979,0.00748362822757383,1.14449270423408,0.761663080704665,1.71974142272091,0.207765275969341,0.515959457273062,0.471111734517126,0.175795072590861,1.26252836970172,0.502956353059136,0.134530758588942,0.612728441742347,0.137970368304319,2.72113605214064,0.760668517934814,0.519607049309231,1.02637101715914,1.00751260672973,1.04558241537407,0.00946179064982226,0.00594153595587811,0.859312754806593,0.48007542319204,1.53812999978946,0.297041031797163,0.60974157183131,0.621620448274417,0.359842662746182,1.07383593363816,0.278914720387282,0.0882773811174808,1.25043253610565,0.80152356615936,1.9507617659251,0.226907447610219,0.324655061651056,2.06361104778044e-06,1.00287890203109,0.766024170178214,1.31296913504061,0.137459832954097,0.983314659205201,0.512501420839648,0.260537794173323,1.00813667819696,0.345187745717034,0.0528080075502049,0.511158463287917,0.156378733701763,1.67083444408221,0.604296206799354,0.266780282094034,1.0277118647516,1.01533415802708,1.04024046527059,0.00618228834314957,9.8028880536952e-06,0.933649643335697,0.66944710496356,1.30212178085127,0.169722046447808,0.685838764073296,0.903371573497604,0.641636843171189,1.27187241270341,0.174549879739879,0.560438214862673,1.29613950950564,0.986905483309685,1.70226800490312,0.139069516702975,0.0621556165458521
"ZKSCAN5",0.00206453104332394,1.38479911419076,0.762389107238345,2.51534100954042,0.304522585174404,0.285039423000942,0.312951606375317,0.0919190318318981,1.06548889801192,0.625083152175732,0.0631003870600817,0.410001292671245,0.0539036982428045,3.11854409756629,1.03520332003753,0.389086480622293,1.02569178991557,1.00874225900418,1.04292611765741,0.00850170479438119,0.00284702078544808,1.10883106545829,0.703566336082284,1.74753433851271,0.232095835612553,0.65624590149204,1.31532074505301,0.815570141820696,2.12129965732263,0.243855704517638,0.261036100681091,1.23412264603258,0.84838863380133,1.79523704676024,0.191216147900695,0.271280750041282,0.000784330402339822,0.36370989734409,0.163848093962266,0.807363004518769,0.406852793515852,0.0129221277603687,0.238349721551157,0.0779483917307712,0.728823116193779,0.570261524702618,0.0119145791559871,0.637847046522905,0.145944307384204,2.78769937690649,0.752500267648435,0.550140032503122,1.03153626793074,1.01277503850643,1.05064504119857,0.00936501249770063,0.000914963152760327,0.48788802288337,0.250153048777064,0.951556353347427,0.340829218206041,0.0352341749650551,0.580084716993609,0.334558772299142,1.00579720739972,0.280801889688952,0.0524552774950231,1.24884917684361,0.799841402400062,1.94991689830388,0.227332894994477,0.328311743840105,8.80710478944507e-07,0.729936220863976,0.468847304355904,1.13641879046558,0.225861304988067,0.163387864200481,0.448410712489693,0.222343681459875,0.904330475034436,0.357907230673741,0.025030492487414,0.528303074648606,0.161923564138857,1.7236783303746,0.603350743068999,0.290251896383628,1.02856275215789,1.01618425100631,1.04109204022691,0.00617754177854125,5.14362662125292e-06,0.821944333397273,0.570922556846963,1.18333472570253,0.185931528074012,0.291610229048797,0.868452031597739,0.615153981014048,1.22604901287149,0.175941876205159,0.422758336622358,1.29080779026498,0.982451959120451,1.69594526830648,0.139274012969966,0.0668250501731274
"AHR",0.00244080023554517,0.924963352022857,0.772974162661803,1.10683803406724,0.0915876492824783,0.394405105063448,0.296307479381497,0.0865104374529926,1.01488473440125,0.628140433045723,0.0528135768928419,0.474041440236964,0.0627576954769254,3.58068098827112,1.03165851664019,0.469339657301768,1.02565132232418,1.00848315379308,1.0431117575229,0.00861264455957106,0.00327392567775705,1.07036096605574,0.685487228580234,1.67132595603374,0.227362011503878,0.76489070894193,1.2469979225989,0.784919645133782,1.98109937572136,0.236184406323224,0.34999217698884,1.22358601959599,0.842617906983376,1.77679911018115,0.190323693774495,0.289042323411147,0.00877868884708029,0.998496548932896,0.821391007663031,1.21378898591487,0.0996199135543399,0.987949824756041,0.467131857161789,0.174324388845008,1.25175928291614,0.502914190112424,0.130161238298601,0.639727081496762,0.143242442109997,2.85704943850439,0.763535997591771,0.558508026972765,1.02663260748364,1.00772185268943,1.04589823862188,0.0094858587230472,0.00559058034908326,0.803162148219841,0.452065739698895,1.42693723431191,0.293234475261664,0.454749688682132,0.635730658427743,0.369126112673691,1.0948926564354,0.277370722358848,0.102443287742979,1.24030761816507,0.78899515787478,1.9497749413596,0.230797365043348,0.350762955656804,2.04581634461298e-06,0.991042962275093,0.87531010660824,1.12207793062142,0.063358130911875,0.887073291565827,0.51089382754122,0.259859659390144,1.00443640860717,0.344914542484507,0.0515191403553924,0.509685992488812,0.156082469071766,1.66437532981273,0.603791870140743,0.264330893808654,1.02764293891328,1.01523880072122,1.04019863026129,0.00619598861920042,1.07815256538232e-05,0.940702968461122,0.671014270565384,1.31878279447909,0.172368999058683,0.722864075961368,0.905467444968279,0.644290261341854,1.27251852633912,0.173626651245831,0.567362905006315,1.29373516827109,0.983946502312278,1.70105862634615,0.13965423189572,0.0651715469918613
"ARNT",0.00251728336395163,0.804514152471846,0.470762040434551,1.37488362683201,0.273416153460013,0.426292574517248,0.349039835429494,0.100729729105544,1.20946226896924,0.6340652616501,0.096907825699927,0.452398217508333,0.0600275606735818,3.40950298343191,1.03050822299368,0.441471942314857,1.02684526833003,1.00980103925193,1.04417718353003,0.00853991979981484,0.00192185674734302,1.02725141247677,0.677506695410981,1.55754248863239,0.212362344830333,0.899250918138867,1.23610955527685,0.782415961906714,1.95288300218614,0.23333987508439,0.363660023433824,1.26334487491297,0.862188830692529,1.85114932617126,0.194923906966468,0.230430011216409,0.00456759205486833,1.56910401388999,0.803504850610693,3.06418487023993,0.34147404080569,0.187070733844481,0.396852274829368,0.143074171367096,1.10076980724324,0.520520243791226,0.0758129954336244,0.57280226297555,0.127097667476588,2.58149845692762,0.768169594997018,0.46821905758854,1.02835493479612,1.00952605929306,1.04753499147914,0.0094284397070651,0.00302156252582709,0.744759276957745,0.429021125934245,1.29286495952098,0.281410724901679,0.295005838002881,0.602575937361514,0.348353965266799,1.04232417738956,0.279594214206029,0.0700321508323113,1.14900359995482,0.726793496070925,1.81648470968196,0.233681856816591,0.552259956866257,2.01347681280724e-06,1.05106239826335,0.697803743623685,1.58315597349228,0.208993047365498,0.811654294493553,0.502938861261276,0.25147814515771,1.00584286562221,0.353635338306393,0.0519570094968922,0.506538353798488,0.15479009662427,1.657606716867,0.604873390304576,0.260818419499546,1.02774627882201,1.01537655145514,1.0402666992051,0.00617807053130262,9.4270324460727e-06,0.924809425663175,0.669238319739681,1.27797893301766,0.16502724694953,0.63573899687798,0.898087317423046,0.637076024585819,1.26603544724586,0.175196230855339,0.539526569628835,1.28633357943879,0.972697448418185,1.70109840452715,0.142593527085345,0.0774243064089455
"EGR3",0.000360696578886866,1.19510549676672,1.03154955730521,1.38459382613979,0.0750893221325099,0.0176140670067945,0.303881691797959,0.0905249370326196,1.02009551883714,0.617875177004719,0.0538846279447877,0.686718116061376,0.0882895895061305,5.34130664288727,1.04660172904738,0.719522639247549,1.02868522751371,1.01121328095557,1.04645905788041,0.0087402782203475,0.00121316130136779,0.994215059607347,0.661140842165171,1.49508776603926,0.208160278807201,0.977764644054964,1.36332385050622,0.852217776988013,2.18095887171952,0.239718131287491,0.196054083554917,1.25954263189044,0.864512977724206,1.83507672230179,0.192012521462877,0.229465212931574,0.00722402131750365,0.927802977796086,0.754580832280374,1.14079012980738,0.105439180221863,0.477268679713986,0.420020893799473,0.149967727243449,1.17637010622773,0.525460848295069,0.0987716251155548,0.600708178930264,0.134012235566891,2.69266693975565,0.765411080652025,0.50550944298616,1.02664335098192,1.00776956580612,1.04587060958949,0.00946704121065029,0.00547807806024486,0.828530078816101,0.47905803710584,1.43294139401183,0.27951094639827,0.500967159783117,0.627931327158776,0.36453758907897,1.08163811754942,0.277454658322004,0.0935192204195669,1.22812525956793,0.787834732807213,1.91447722520997,0.226512207362531,0.364308156232296,1.01524074849252e-06,1.07838462381576,0.960648603613672,1.21055023919021,0.058986184208218,0.200772472279527,0.554816528059295,0.281002235958764,1.09544103361848,0.347085384188007,0.0896346343039902,0.569898979166379,0.172820216421599,1.87932206763681,0.608790407524551,0.35567977649903,1.02843879239067,1.01598109855279,1.04104923920395,0.00621805895863691,6.49028163744617e-06,0.90877978626682,0.660850532363056,1.24972389289602,0.162541310570854,0.55620948122503,0.92151473704949,0.655538327940253,1.29540771974021,0.173759313603004,0.638068736229796,1.30132359952192,0.99037192290461,1.70990621958069,0.139317165435104,0.0586884364396659
"SP1",0.0027682865869783,0.736055215836013,0.288206172922737,1.87982538772562,0.478390951367375,0.521792247260792,0.327316924840986,0.0958972746446842,1.11719931232997,0.62636422789989,0.0745813734272033,0.447083802197166,0.0592846956626055,3.37159403372216,1.03083264819995,0.434843047284235,1.02630327529709,1.00929938929562,1.04359362945877,0.00852407338864477,0.00232001460168833,1.00089640869782,0.66529523524926,1.50578805899439,0.208381574586478,0.996569235640963,1.24822663869374,0.785003411050086,1.98479359403096,0.236632445574436,0.348760180710956,1.22877219365756,0.846527421656011,1.78361747685897,0.190119890472073,0.278538595535231,0.000852465046550602,3.1366959468826,1.29239386289538,7.61289707856355,0.452392901273988,0.0115060954041911,0.459591276719141,0.174210430183143,1.21246553041787,0.494944619341,0.116248499259468,0.797028131980358,0.176521753084007,3.59872838372379,0.76911916325215,0.768018561241052,1.02993910330529,1.01070148472317,1.04954288932092,0.00962009941797189,0.00216607722658176,0.792055605445621,0.459375206793321,1.36566378167658,0.277946065546909,0.401616846848709,0.577955072418576,0.333482518014866,1.00164790563166,0.280569284115966,0.0506899380134507,1.26424608805739,0.809195519793943,1.97519404404935,0.227652487751845,0.303022575280737,1.10124426035302e-06,1.4763137106948,0.784659310690167,2.77764138230693,0.322482404894541,0.227059787214438,0.492293879379334,0.250624945077523,0.966995777692398,0.344454428952964,0.0396480768649643,0.535861933747029,0.163673485103142,1.75439541632631,0.605114712405589,0.30253658160491,1.02832635949127,1.01587079200048,1.04093464439725,0.00621767503234408,7.04088366633495e-06,0.920686803961479,0.670794542568569,1.26367186552081,0.161562674551047,0.60901808915807,0.873923182805858,0.619080197744704,1.23367171527666,0.175899995369416,0.443597143693775,1.30317918390252,0.991433540265511,1.7129499017171,0.139497546906149,0.0576578841363979
"ZNF281",0.0025327499898791,0.843665981923407,0.556780900717562,1.2783705190632,0.212036984846326,0.422703136366402,0.340087552054979,0.0991689408100761,1.16628797401652,0.628775952840412,0.0862865092738207,0.513730714806158,0.066791708093149,3.95137742198746,1.04089682290704,0.522246249349823,1.02710570539262,1.00988975706663,1.0446151400865,0.00862448426961739,0.00192843648351387,1.03523937222756,0.679858307818326,1.57638811717881,0.214546570338968,0.871760522760215,1.30394518685487,0.800047659300135,2.12521470509561,0.249228256650144,0.286937060977395,1.21772724485212,0.839199594315915,1.76699280230694,0.189948853938886,0.299713173023438,0.00415179006930012,1.35416434190684,0.887355271123539,2.06654665224463,0.215664364904558,0.159778594165519,0.392129848068464,0.141154599737265,1.08934330182938,0.521304113913252,0.0725250119681522,0.652688619524676,0.147061864388433,2.89675665291331,0.760343984287099,0.574705969037844,1.02710364513205,1.00851783718657,1.04603196784944,0.00931704928184376,0.00410065879002671,0.824294399503465,0.479928528467776,1.41575509007983,0.275969638997045,0.48381691367102,0.532216763716253,0.291786604731569,0.970759722987231,0.306652638673812,0.0397113446337842,1.21026528567067,0.777587117421533,1.88370155431145,0.225718011401593,0.397844092245088,1.9083944327946e-06,1.06274531798496,0.801596881861957,1.408972061213,0.143882705732127,0.672330259365079,0.495483560555351,0.247649843986762,0.991335002794234,0.353842393097032,0.0471935585399833,0.504404447332177,0.154355725043795,1.64829549675784,0.604153233883502,0.257303761713235,1.0276612401845,1.01530558782236,1.04016725333173,0.00617151182323542,9.81475152420579e-06,0.926577221837566,0.674547822925096,1.27277165361715,0.161969718950577,0.637772342167386,0.875874902721479,0.605159824813281,1.26769295277336,0.188641567985108,0.48233005268161,1.29397340604401,0.98527458249106,1.69939142377535,0.139059982214542,0.0638416590789983
"KLF9",0.000144250857119519,1.29426311768595,1.07147543283616,1.56337417216201,0.096381824233219,0.00744518820928132,0.366642140211416,0.107133295949213,1.25475892240385,0.627721974264514,0.109947537082085,0.536646038042763,0.0707692620134894,4.06940756414982,1.03364857316039,0.54707103604446,1.02406053903464,1.00682800458409,1.04158801983376,0.00865875384618447,0.00603542288834887,1.19749456673191,0.777351201437878,1.84471733587078,0.220460452618909,0.413629552546676,1.66962213429632,1.00286806582966,2.77966580681379,0.260072826430842,0.0487266057462498,1.19646783152146,0.81947808994546,1.74688657260004,0.193096078573596,0.352922674414419,0.00160642851875251,1.26307325954151,1.01064319991128,1.57855320167282,0.113757644566494,0.0400696773732459,0.70040532447245,0.24291002510977,2.01954455493417,0.540299772365306,0.509849980578563,0.566706571347432,0.127217703610654,2.52446262503881,0.762229229799734,0.456229810080001,1.03120281972249,1.0113030926533,1.05149411994151,0.00994213015321758,0.00199836466954835,0.972420439651536,0.547855865976885,1.72600417404672,0.292748250724301,0.923891755756393,0.889598372874921,0.480255845965945,1.64784098240383,0.314521657017344,0.709932789286332,1.29911310439293,0.826672083569368,2.04155298279625,0.23063126854768,0.256529200142454,2.00940134780273e-08,1.2465181101458,1.08698486453465,1.42946553316238,0.0698719312101925,0.0016122228317707,0.683607314725283,0.341065750226921,1.37017264394033,0.354755690592964,0.283626949599094,0.478073342935691,0.145499524306757,1.57082383818552,0.606945510209195,0.224019204617287,1.02937235875804,1.01677415380904,1.04212666009023,0.00628288823329505,4.07274666282542e-06,1.11013488628868,0.79622821870175,1.54779677083613,0.169569929376506,0.537791574035221,1.20216407523136,0.823303104343678,1.75536622679075,0.193143438203021,0.340438907073001,1.33842530878285,1.01581222863726,1.76349748180691,0.14071955641775,0.0383165931833125
"NRF1",0.00291988927837766,0.743492357281663,0.24831564852539,2.22612182767741,0.559529553570733,0.596302612241234,0.345843576397848,0.0972588676562784,1.22978790744674,0.647262107383998,0.100922045722418,0.516380544770187,0.0651075791241775,4.09551192970307,1.05655156657578,0.531619170310282,1.02673351088367,1.00965707380397,1.04409876355324,0.00855713269297913,0.00204862868591759,0.978148460853714,0.648786448024998,1.47471392841674,0.20947213693104,0.915999867188232,1.2100117141065,0.766865453716823,1.90923758682655,0.232695067932093,0.412657015436643,1.23003597025985,0.846911303281837,1.78647809076364,0.190413050700513,0.276887304368203,0.00810620257338233,1.29135824351875,0.434007412767278,3.84234477118948,0.556330748897999,0.645796966020814,0.42055656748199,0.142296200110248,1.24295537277314,0.552902095078438,0.117208276179163,0.648562661424038,0.146227174155704,2.87657563118561,0.760012549326539,0.568865565405533,1.02705500509036,1.00820457738728,1.04625787973977,0.00945139086312733,0.0047353900814465,0.834657910505371,0.472597239361299,1.47409626960728,0.290198408758678,0.533421037885637,0.638433249329764,0.371368341020346,1.09755455386928,0.276445245077426,0.104537203962387,1.26449943260722,0.805929582326582,1.98399320502427,0.229818123753419,0.307188403776081,2.03622666227961e-06,1.06678568744386,0.518995479584794,2.19275841062337,0.36761400121877,0.860400728108072,0.499919466685101,0.240488571969838,1.03921558984541,0.373361170905199,0.0633200843679328,0.506910336305691,0.154719556520602,1.66079902781607,0.605480498865376,0.261811867037117,1.02773281969929,1.01535610856575,1.04026039709265,0.00618166124088624,9.63426547901441e-06,0.938961001483958,0.678502322248061,1.29940271889803,0.16576123186591,0.703980952060556,0.904895575967507,0.644363253030222,1.27076769129037,0.17324651343879,0.564046731278186,1.29829807278344,0.987898550311542,1.70622569013957,0.139405367904744,0.0611199339438455
"ZNF263",0.00108030947952727,0.672858924283342,0.423390694815227,1.06931762443508,0.23635143706296,0.0936598321730554,0.33734079176597,0.0998601587695565,1.13958170296826,0.621094512716808,0.0801888475353887,0.597899509993804,0.077177047923211,4.63199660612203,1.04457051576353,0.622446031131504,1.0292420048495,1.01166816235172,1.04712112525523,0.00878689585949779,0.00103740305261627,0.981905417823092,0.652881779704536,1.47674246628029,0.208217559090936,0.930116603792018,1.29478909512363,0.813793070096564,2.06007996683006,0.236941588509216,0.275561674143326,1.22693278627833,0.843442241301474,1.78478618728162,0.191218431899089,0.284822590907241,0.00443440727164806,0.678499526450433,0.380528028073087,1.20979684393981,0.29506865949939,0.18867373010709,0.472650457446275,0.176445055242315,1.26610776718778,0.502737094309171,0.136056490096973,0.611474666918469,0.136655059460628,2.73609531735471,0.764510777580893,0.519968386382505,1.0248535285876,1.00627232906334,1.0437778369958,0.00933535703043839,0.00854463793333969,0.705542545787006,0.395481894476328,1.25869297904207,0.295343216796613,0.237619046641011,0.668320750443719,0.386853630249093,1.15457783137787,0.27894482901943,0.148546742682872,1.33243851958309,0.844061261697309,2.10339283300203,0.23293333067129,0.217889956740688,4.95407502627258e-07,0.731643970157246,0.520818112360276,1.02781160325154,0.173418057937643,0.0715799579960708,0.525514399008304,0.267426164713739,1.03267899706327,0.344666579275415,0.0619481214910228,0.526739305559999,0.160496586003444,1.72872397432726,0.606354549281957,0.290411666256498,1.0276386264068,1.01537688642264,1.04004843975115,0.00612445654523721,8.52364710630418e-06,0.891558801030675,0.64714060488725,1.22829117767034,0.163476373012986,0.482589624259942,0.951975394929176,0.674614729290084,1.34336994613835,0.175716204487877,0.779409598479933,1.3300201987349,1.01068850039624,1.75024622160962,0.140085404185829,0.0417645171289867
