"SYMBOL_UPPER","Overall_pvalue","Expression_coef_FF","Expression_Lower95_FF","Expression_Upper95_FF","Expression_SE_FF","Expression_pvalue_FF","Recurrence_Recurrent_coef_FF","Recurrence_Recurrent_Lower95_FF","Recurrence_Recurrent_Upper95_FF","Recurrence_Recurrent_SE_FF","Recurrence_Recurrent_pvalue_FF","Recurrence_Secondary_coef_FF","Recurrence_Secondary_Lower95_FF","Recurrence_Secondary_Upper95_FF","Recurrence_Secondary_SE_FF","Recurrence_Secondary_pvalue_FF","Age_coef_FF","Age_Lower95_FF","Age_Upper95_FF","Age_SE_FF","Age_pvalue_FF","Subtype_Mesenchymal_coef_FF","Subtype_Mesenchymal_Lower95_FF","Subtype_Mesenchymal_Upper95_FF","Subtype_Mesenchymal_SE_FF","Subtype_Mesenchymal_pvalue_FF","Subtype_Proneural_coef_FF","Subtype_Proneural_Lower95_FF","Subtype_Proneural_Upper95_FF","Subtype_Proneural_SE_FF","Subtype_Proneural_pvalue_FF","MGMT_Unmethylated_coef_FF","MGMT_Unmethylated_Lower95_FF","MGMT_Unmethylated_Upper95_FF","MGMT_Unmethylated_SE_FF","MGMT_Unmethylated_pvalue_FF"
"ZFX",0.00123545081676062,1.8666769736382,1.12754170807994,3.09033617021998,0.257208832034861,0.0152382931648628,0.342182150564717,0.124113967373883,0.943396030620587,0.517429387501787,0.0382116936073855,0.610440946292177,0.135922416266911,2.74155035750937,0.766390258351198,0.519559870773288,1.02936392227097,1.01068109782552,1.04839210583119,0.00934537704178724,0.00195600861630935,0.780311930994724,0.453551306037862,1.34248695031183,0.27683434946023,0.370218132870466,0.655757675561834,0.379702807633617,1.13251237655633,0.278781889077137,0.130127605173873,1.13608767176786,0.721560892787221,1.78875436687992,0.231600684296025,0.581697265879605
"KLF4",0.00148514356904684,1.33815015696294,1.04964935119485,1.70594669595289,0.123896166004761,0.0187196656450357,0.356581916806149,0.127510516952609,0.997177851928914,0.524685736642777,0.0493737042723314,0.497654574658391,0.110316941579348,2.24498678201923,0.768661420887851,0.363943868441802,1.03007053966026,1.01079197716055,1.04971679697794,0.00963952693559004,0.00211549052772889,0.743684016649764,0.429677969763028,1.28716377273275,0.279893008011055,0.290035504608458,0.680813269556711,0.394448635646735,1.17507494288714,0.278474064746903,0.167395446701338,1.31598103358667,0.839065098482721,2.06397106004227,0.229621263014274,0.231772381746231
"KLF9",0.00160642851875251,1.26307325954151,1.01064319991128,1.57855320167282,0.113757644566494,0.0400696773732459,0.70040532447245,0.24291002510977,2.01954455493417,0.540299772365306,0.509849980578563,0.566706571347432,0.127217703610654,2.52446262503881,0.762229229799734,0.456229810080001,1.03120281972249,1.0113030926533,1.05149411994151,0.00994213015321758,0.00199836466954835,0.972420439651536,0.547855865976885,1.72600417404672,0.292748250724301,0.923891755756393,0.889598372874921,0.480255845965945,1.64784098240383,0.314521657017344,0.709932789286332,1.29911310439293,0.826672083569368,2.04155298279625,0.23063126854768,0.256529200142454
"ZIC1",0.000150636108298617,0.812248214346972,0.720207601638941,0.916051372143936,0.0613615714539588,0.000701691206411349,0.216095438856131,0.0732946118200941,0.637116938541744,0.551659656803046,0.00548398510923473,0.62577222553992,0.142276508271071,2.75232280448653,0.755735337014748,0.535072313485123,1.02887099812303,1.01031912510519,1.0477635278541,0.00928376056070239,0.00217093977868717,0.725872418577706,0.418877859561097,1.25786253922308,0.280512753771626,0.253401498162523,0.635382415168351,0.368507696171331,1.0955288524489,0.277946663301274,0.102740681336448,1.21818222652766,0.780081011519604,1.90232541891656,0.227410950738165,0.385473623155461
"KLF5",0.00384389279762399,1.13020686733811,0.967828587930979,1.31982830318019,0.079134602269742,0.121925862990411,0.323125440459931,0.107651158076397,0.969892494777693,0.56079837972119,0.043959620723204,0.651385532997695,0.147885019064474,2.86914195422126,0.756476456501063,0.570955400729777,1.02569646321302,1.00705648168646,1.04468145906362,0.00935739486765885,0.00669950454405209,0.76857739650081,0.445236151222137,1.32673686265257,0.278544123784824,0.344677547696606,0.600845076076174,0.347331050875408,1.03939686513799,0.279626955632296,0.0684887213556241,1.1984407550119,0.769581161448285,1.86628820353472,0.2259889481888,0.423120903227043
"TCF7L1",0.000876298777128899,0.74425593504432,0.586024122608711,0.945211767704905,0.121953271942204,0.0154355316755411,0.378329014552962,0.139537571435748,1.02576561839133,0.50890237753551,0.056136372935519,0.869886069605308,0.197257482115054,3.83611189791021,0.75708144085928,0.853920150578239,1.02747318347847,1.00910003319867,1.04618086218965,0.0092061338871335,0.00324032969423628,0.633314077869624,0.35207902310706,1.13919516615419,0.299551843516505,0.127282209660172,0.652353845999918,0.378324667320239,1.12486860400952,0.277981836593148,0.124372548665775,1.39337132555323,0.884376618977287,2.19531318356103,0.231942268190951,0.15265666559701
"KLF10",0.00871039202788325,1.02831073547269,0.702918699538592,1.50433182298676,0.194101237553925,0.885635476552142,0.460541329184692,0.168659059400249,1.25755661534829,0.512521317157137,0.130325298016026,0.65501343793214,0.144349820451779,2.97224203347732,0.771655041119498,0.583484976699819,1.02665861135208,1.00782508117754,1.04584408936506,0.00944651959619489,0.005351190780828,0.79135395835718,0.446292080327987,1.40320905302049,0.292235841073515,0.423272270018134,0.630171497428257,0.362345822139919,1.09595886555476,0.282348522350184,0.101957428214769,1.24196874415808,0.796645566817506,1.93622663040433,0.226556829209459,0.338828131368989
"THAP1",0.00655497216665701,0.833872029719286,0.553585136561861,1.25607158867507,0.209016286516592,0.384742002380596,0.476449701435843,0.178183445266968,1.27399219191316,0.50181970481298,0.139565943510802,0.759891515866808,0.16380078466856,3.52522802045641,0.78293516161598,0.725809365195092,1.02817824556568,1.00874068609183,1.04799034997809,0.00973784995039915,0.00432183429862984,0.790912818796619,0.458910083841333,1.36310599606064,0.277726251322929,0.398334325982742,0.650416866752621,0.378223785233061,1.11849681874348,0.276600718276822,0.119922245328434,1.25967472798314,0.807734405295274,1.96448289179823,0.226726368219874,0.308581353778757
"KLF3",0.0064781829149152,1.28139535035831,0.746052043743258,2.20088405050325,0.275979315640409,0.368953442220702,0.438813171189491,0.162695462400053,1.18354253012845,0.506230536730193,0.103718449919383,0.613990498435467,0.136384450176719,2.76412986730202,0.767617021414779,0.525140411931317,1.0271951949344,1.00829144971332,1.04645335314141,0.00947706783536565,0.00463660391406985,0.802595171127159,0.466855276943393,1.37978307310584,0.276449534476139,0.426345357886362,0.619518551713422,0.358759162128976,1.06980748209886,0.278725193633834,0.085820995142409,1.20610986535403,0.770467904973258,1.88807476328922,0.228655973554358,0.412459743150026
"REST",0.000370509827887543,0.489249007166316,0.294826612302631,0.811882581235665,0.258415028201586,0.0056676027104956,0.548990867975622,0.202435564120518,1.48882423120671,0.509019645912255,0.238758757252414,0.601271297342345,0.134845431563631,2.681048729761,0.762726806849112,0.504797042982152,1.02564775921298,1.00689932009229,1.04474529378189,0.00941279770965351,0.00713622795616638,0.906201479725123,0.522512354089765,1.5716396280937,0.28093018122512,0.725889812467935,0.654414825224391,0.377879415314545,1.13332122925243,0.280192037417426,0.130204171311586,1.26459114835541,0.807816265889948,1.97964665979717,0.228662113493743,0.304599910435467
"WT1",0.00135956483895307,1.34930777887773,1.05319187647177,1.72867976179149,0.12641368468489,0.0177914073329789,0.231487062768784,0.0664644798374086,0.80623906724925,0.636673086987032,0.021547799465154,0.576177613133491,0.129915832528694,2.55535168743104,0.759977827327533,0.468165199202634,1.02451318002485,1.00594739126523,1.04342161941934,0.00933067048656896,0.00944593474663382,0.758999440916732,0.438192211542381,1.31467455636462,0.280282388794306,0.325192060631259,0.632609511456785,0.367270507121008,1.0896458774288,0.27743096167877,0.0988391439804363,1.20923781482439,0.775806523187176,1.88482056943014,0.22645435079814,0.401481561763821
"KLF2",0.00676432084421304,1.18346677109293,0.793099175532115,1.76597535527815,0.204215525064355,0.409454262136976,0.539911878642836,0.190783320132588,1.52793670063531,0.530758530383605,0.245535652959801,0.635246926926201,0.144796951584357,2.78692785831257,0.754443127085341,0.547556477911572,1.02929944751461,1.0092960301758,1.04969931613557,0.010013109902399,0.0039258232214462,0.782441645773402,0.452474457990029,1.35303754329064,0.279437803319945,0.379964028728382,0.68733015832751,0.388009915625099,1.21755328284698,0.29173182061846,0.198714276699468,1.31310295233051,0.825146741533625,2.089615430359,0.23703856083598,0.250493890444944
"ZNF682",0.00594921036877953,0.66767108772087,0.301903313867939,1.47658094794338,0.404950734567201,0.318496412754161,0.453714700360965,0.169130076565038,1.21715210862853,0.503478886501837,0.116496070471914,0.619706343333606,0.140651211762476,2.73041339036913,0.756627462241435,0.527109694216713,1.02849381835738,1.00927037944109,1.04808340356241,0.00962657818607577,0.00351690425825378,0.701305355434329,0.384772302363817,1.2782344221228,0.306276880488794,0.246673207233368,0.667519701431953,0.384921958843172,1.15759192626718,0.280886944861312,0.150160549136964,1.26913188724736,0.812765217357606,1.9817478809743,0.227374642384737,0.294548469612246
"SP2",0.00693984469380665,0.639053939235357,0.20911568841549,1.95293782282274,0.569960080728606,0.432095924770991,0.405837670306478,0.142928912995552,1.15235057195822,0.532461752517177,0.0903324611229641,0.669639757610047,0.152157928486194,2.94705250941116,0.756044967974262,0.59582625015471,1.02605261004747,1.00722822792751,1.04522880653519,0.00944751685991456,0.00648282821927362,0.701135308728532,0.369656706504635,1.3298574393366,0.326600968796253,0.276983857274358,0.584921834119594,0.326569354849801,1.04765969907736,0.297370707171933,0.0713260908996161,1.19972983661981,0.763281697221529,1.88574111774888,0.230731032720641,0.429986348017336
"TFAP2A",0.0033081043658728,1.28612586184695,0.958989407335282,1.72485714634515,0.149752619860025,0.0928922544996692,0.41379612222517,0.151838664849874,1.12769188887352,0.511516977025065,0.0845221528768511,0.592857557413978,0.133312324352515,2.63651605423559,0.761370870344423,0.492298504406325,1.02734638834823,1.00844740264312,1.04659955381498,0.00947325204076064,0.00440046441826729,0.815560836102797,0.473412781204238,1.40498842404033,0.277509346023782,0.462537271177823,0.565269724731206,0.321348264962533,0.994341331623333,0.288157097785327,0.0477420611214096,1.26001189719469,0.80692948220971,1.96749532155469,0.227371606734617,0.309395691351379
"RREB1",0.00877693201369303,1.02071937733596,0.235870378748481,4.41712118663322,0.747452774438248,0.978111412944044,0.465511801095429,0.167340729115493,1.2949700775449,0.522002153079274,0.142981202519616,0.642245918855512,0.144004022583532,2.86436318157219,0.762835470203072,0.56161459911702,1.02659489328863,1.00742800533987,1.04612644212798,0.00961591300766177,0.00634152022933787,0.800863792415756,0.46108418470341,1.39103190974792,0.281694077277789,0.430510967117118,0.635914257311511,0.369275843663826,1.09508095260135,0.277311131437991,0.102588531259688,1.24081470907879,0.795732694488679,1.93484715775768,0.226667505783363,0.34114011720604
"INSM1",0.0042320920640195,0.905800116770014,0.785914252094861,1.04397375331162,0.0724354981543085,0.171983475554818,0.377280029142898,0.134033676368414,1.06197355953156,0.5280181769657,0.0648795487938881,0.711766259623375,0.159745729896203,3.17135993974567,0.762343705939388,0.655596852069206,1.02606989657007,1.00744376497894,1.04504039753456,0.00934694361823745,0.00589798783703605,0.800858328270387,0.46590509400832,1.37661955236872,0.276383706366166,0.421692260241128,0.724462630783379,0.409079653429655,1.28299244169529,0.291597344071954,0.268996116369403,1.24806015822614,0.801416535259923,1.94362617942026,0.226006663393873,0.326859150292523
"TFAP2B",0.00763207929007777,0.809506810560318,0.402520981681034,1.62799284053921,0.356474898511333,0.553292903416274,0.466773406017272,0.174428494866537,1.24909300359251,0.502217923186641,0.12924317755768,0.602063742593337,0.13420377346464,2.70097286229437,0.765832430540066,0.507627436976885,1.02728622720266,1.00815803880574,1.04677734241984,0.00958979482137045,0.0049972224761246,0.827427496124127,0.476415786477017,1.4370562033743,0.281653395591157,0.50121599148857,0.696156335151867,0.376888400111649,1.28588102692604,0.313079799792931,0.247340622130757,1.25376189628299,0.803672946661499,1.95591863468958,0.226897753039636,0.318911094777893
"KLF6",0.000376179626618925,1.51909631784228,1.14251734882896,2.01979744574316,0.145350426807168,0.00401979609345853,0.377927464453963,0.142384326726106,1.0031242319483,0.498056272529576,0.0507365981811995,0.360000317019925,0.0719983930415912,1.80004334512828,0.821168717821194,0.21344736120896,1.03081405514364,1.01170045750816,1.05028875730554,0.00954930732606491,0.00148233906151567,0.794373638072861,0.460597500581117,1.37002366723434,0.278081317231902,0.407772292652244,0.848787734900821,0.473427155913378,1.52175600811941,0.297868268431865,0.582046322294225,1.33836970149732,0.852643681368834,2.10079954502259,0.230037785881917,0.205164060035657
"SOX15",0.00816005827475294,0.916199096289918,0.61908982814743,1.35589497012793,0.199995162079548,0.661662854303026,0.460602448523954,0.172368244090868,1.23082193419815,0.50148990941456,0.122144748672139,0.681539809716239,0.15078503673355,3.08052126583921,0.769656713810885,0.618381871534674,1.02683474112837,1.00806608302905,1.04595284311116,0.00941204935113223,0.00490020994322705,0.77558320018878,0.441274529754039,1.36316342742545,0.287733891521942,0.377102983268907,0.609802449902072,0.343805333688813,1.08159761198803,0.292382640629605,0.090705463073623,1.23942604370609,0.795382972409722,1.93136761925249,0.226320464049121,0.342912196637738
"KLF11",0.00831879692907169,1.06283020981484,0.774645737301228,1.45822535450912,0.161372774720366,0.705723162828116,0.429752018768921,0.14596957372168,1.26524174132416,0.550933664847043,0.125291227202284,0.655456611767411,0.148381166562099,2.89540364093184,0.75794642603704,0.577304787521396,1.02660359622221,1.00783040558185,1.04572648130011,0.00941648278320402,0.00529872721603196,0.776036785061933,0.439091688387909,1.37154290936435,0.290562315603226,0.382861099610583,0.610542095213959,0.341755325298203,1.09072667617686,0.296052473341014,0.0955892752539193,1.22711259130766,0.784871600383664,1.91853713525846,0.228013916311409,0.369402039489983
"PLAGL1",0.00877905833165682,1.00125891572119,0.797789359655655,1.25662169365592,0.115904579089391,0.991339272604538,0.467258756166767,0.174591038349891,1.25052664373853,0.502272938877549,0.129808412237472,0.641144078885433,0.144342284270954,2.84785384938355,0.760762321313628,0.559029411413695,1.02662571228362,1.00745732344738,1.04615880850947,0.00961638170761033,0.00628426985088429,0.802003078314698,0.466063020853275,1.38009004972902,0.276939570101214,0.425614633775793,0.635559393550269,0.369709716725658,1.0925754029606,0.276427220993646,0.101073565250059,1.24108193791445,0.796209924609254,1.93452044367997,0.226471474365987,0.340240696709469
"RUNX1",0.0043816466254385,3.13863475370328,0.600391176907923,16.4076830174086,0.843873561601212,0.175289512627556,0.37159687346344,0.128835451854471,1.07178757384093,0.540455630016951,0.0669980295611443,0.771025741205032,0.169408675745578,3.50915141142816,0.773181434085014,0.736632359423965,1.02972582299487,1.01019831194109,1.04963080813808,0.00976850373496714,0.00271155690592463,0.703576811022162,0.39617673381299,1.24949368995955,0.293024081072211,0.230206509072423,0.623819756098179,0.362492172925315,1.07354342290466,0.276973758899303,0.0884279625861246,1.2764193565018,0.818250788272959,1.99113327723305,0.226863955648928,0.282019597538497
