filename,barcode,index1,index2
LIB051693_22CNMGLT4_S247_L008_R1_001.fastq.gz,TCGTG,CTCACGGTGC,AAGGAGAAGG
LIB051694_22CNMGLT4_S248_L008_R1_001.fastq.gz,TCGTG,CGTTACACAG,TTGTCGTTGT
LIB051695_22CNMGLT4_S249_L008_R1_001.fastq.gz,TCGTG,CTAGGTGGAC,ACCATCACCA
LIB051696_22CNMGLT4_S250_L008_R1_001.fastq.gz,TCGTG,CACTCATCTC,CTCCTTCTCC
LIB051697_22CNMGLT4_S251_L008_R1_001.fastq.gz,TCGTG,ATACTCTAGG,GAACTGGAAC
LIB051698_22CNMGLT4_S252_L008_R1_001.fastq.gz,TCGTG,GCTACATGTG,GCGTTTGCGT
LIB051699_22CNMGLT4_S253_L008_R1_001.fastq.gz,TCGTG,TTGTCCAACT,GGAAACGGAA
LIB051700_22CNMGLT4_S254_L008_R1_001.fastq.gz,TCGTG,CGCTGGCTCT,ATGGGTATGG
LIB051701_22CNMGLT4_S255_L008_R1_001.fastq.gz,TCGTG,GTCGTGCAAC,CTCCTTCTCC
LIB051702_22CNMGLT4_S256_L008_R1_001.fastq.gz,TCGTG,GACTTAATAC,GAACTGGAAC
LIB051703_22CNMGLT4_S257_L008_R1_001.fastq.gz,TCGTG,CACAGCGCGT,GCGTTTGCGT
LIB051704_22CNMGLT4_S258_L008_R1_001.fastq.gz,TCGTG,GTTATCGGAT,CGACTACGAC
