"","motif","observed","background","percent.observed","percent.background","fold.enrichment","pvalue","motif.name","p.adjust","logp"
"MA0730.1","MA0730.1",18,2317,14.4,5.7925,2.48597324126025,0.000320444972023541,"RARA(var.2)",0.0842804030994345,3.49424653837095
"MA1603.1","MA1603.1",18,2317,14.4,5.7925,2.48597324126025,0.000320444972023541,"Dmrt1",0.0842804030994345,3.49424653837095
"MA1152.1","MA1152.1",32,5534,25.6,13.835,1.85037947235273,0.000338929234984321,"SOX15",0.0842804030994345,3.46989096865224
"MA1112.2","MA1112.2",24,3822,19.2,9.555,2.00941915227629,0.000709559084994142,"NR4A1",0.132332769351408,3.14901143499365
"MA1646.1","MA1646.1",29,5396,23.2,13.49,1.71979243884359,0.0021821449616649,"OSR2",0.250357513233725,2.66111640225364
"MA1574.1","MA1574.1",17,2519,13.6,6.2975,2.15958713775308,0.00220398252646553,"THRB",0.250357513233725,2.65679185296439
"MA0593.1","MA0593.1",28,5268,22.4,13.17,1.70083523158694,0.0031029466924202,"FOXP2",0.250357513233725,2.50822568538477
"MA1537.1","MA1537.1",16,2433,12.8,6.0825,2.10439786272092,0.00383982305401174,"NR2F1(var.2)",0.250357513233725,2.41568878824624
"MA0504.1","MA0504.1",24,4397,19.2,10.9925,1.74664544007278,0.00461143054108573,"NR2C2",0.250357513233725,2.33616432846616
"MA0523.1","MA0523.1",22,3943,17.6,9.8575,1.78544255642911,0.00523639732620374,"TCF7L2",0.250357513233725,2.2809674075699
"MA0514.1","MA0514.1",32,6534,25.6,16.335,1.56718702173248,0.00535626000954439,"Sox3",0.250357513233725,2.27113834914144
"MA1615.1","MA1615.1",24,4466,19.2,11.165,1.71965965069413,0.00559747114320258,"Plagl1",0.250357513233725,2.25200813667349
"MA0258.2","MA0258.2",18,2997,14.4,7.4925,1.92192192192192,0.00560103871121506,"ESR2",0.250357513233725,2.2517314257228
"MA1606.1","MA1606.1",21,3725,16.8,9.3125,1.80402684563758,0.00569713747628222,"Foxf1",0.250357513233725,2.24434330055905
"MA0611.1","MA0611.1",13,1887,10.4,4.7175,2.20455749867515,0.00623139585709687,"Dux",0.250357513233725,2.20541465877701
"MA0515.1","MA0515.1",28,5546,22.4,13.865,1.61557879552831,0.00636865666911208,"Sox6",0.250357513233725,2.19595216306742
"MA1533.1","MA1533.1",11,1474,8.8,3.685,2.38805970149254,0.00661573029073643,"NR1I2",0.250357513233725,2.17942220835764
"MA0677.1","MA0677.1",15,2367,12,5.9175,2.02788339670469,0.0071167850498195,"Nr2f6",0.250357513233725,2.14771615108849
"MA0856.1","MA0856.1",14,2175,11.2,5.4375,2.05977011494253,0.00813641116571014,"RXRG",0.250357513233725,2.08956711287696
"MA0813.1","MA0813.1",14,2184,11.2,5.46,2.05128205128205,0.00842080738358043,"TFAP2B(var.3)",0.250357513233725,2.07464626652606
"MA0868.2","MA0868.2",18,3133,14.4,7.8325,1.83849345675072,0.00872237960762373,"SOX8",0.250357513233725,2.05936501627429
"MA0084.1","MA0084.1",20,3630,16,9.075,1.76308539944904,0.00891717583195579,"SRY",0.250357513233725,2.04977266970497
"MA0031.1","MA0031.1",15,2466,12,6.165,1.94647201946472,0.0101613784943123,"FOXD1",0.250357513233725,1.99304737159311
"MA0157.2","MA0157.2",15,2466,12,6.165,1.94647201946472,0.0101613784943123,"FOXO3",0.250357513233725,1.99304737159311
"MA0042.2","MA0042.2",15,2469,12,6.1725,1.94410692588092,0.010267639573082,"FOXI1",0.250357513233725,1.98852938485538
"MA0033.2","MA0033.2",15,2469,12,6.1725,1.94410692588092,0.010267639573082,"FOXL1",0.250357513233725,1.98852938485538
"MA0848.1","MA0848.1",15,2469,12,6.1725,1.94410692588092,0.010267639573082,"FOXO4",0.250357513233725,1.98852938485538
"MA0849.1","MA0849.1",15,2469,12,6.1725,1.94410692588092,0.010267639573082,"FOXO6",0.250357513233725,1.98852938485538
"MA0850.1","MA0850.1",15,2469,12,6.1725,1.94410692588092,0.010267639573082,"FOXP3",0.250357513233725,1.98852938485538
"MA1550.1","MA1550.1",15,2479,12,6.1975,1.93626462283179,0.0106282315963976,"PPARD",0.250357513233725,1.97353899058641
"MA1597.1","MA1597.1",22,4200,17.6,10.5,1.67619047619048,0.0107234635519003,"ZNF528",0.250357513233725,1.96966492000404
"MA0867.2","MA0867.2",26,5238,20.8,13.095,1.58839251622757,0.0107391962781222,"SOX4",0.250357513233725,1.96902822003662
"MA1489.1","MA1489.1",17,2973,13.6,7.4325,1.82980154725866,0.0112544518347094,"FOXN3",0.254418820263431,1.94867565312534
"MA0137.3","MA0137.3",23,4556,18.4,11.39,1.61545215100966,0.0137436178576959,"STAT1",0.301551144760034,1.86189892893493
"MA1627.1","MA1627.1",35,7886,28,19.715,1.42023839715952,0.0159363366789365,"Wt1",0.310078908493199,1.79761150370327
"MA1532.1","MA1532.1",13,2140,10.4,5.35,1.94392523364486,0.0165679107659191,"NR1D2",0.310078908493199,1.78073225320039
"MA0144.2","MA0144.2",29,6246,23.2,15.615,1.48575088056356,0.0167114613138845,"STAT3",0.310078908493199,1.776985572081
"MA0512.2","MA0512.2",13,2143,10.4,5.3575,1.94120391973868,0.016741332685881,"Rxra",0.310078908493199,1.77620997315955
"MA1150.1","MA1150.1",13,2144,10.4,5.36,1.94029850746269,0.0167994475455749,"RORB",0.310078908493199,1.77470499993207
"MA0613.1","MA0613.1",15,2622,12,6.555,1.83066361556064,0.0169667044956799,"FOXG1",0.310078908493199,1.7704025040776
"MA1589.1","MA1589.1",18,3362,14.4,8.405,1.71326591314694,0.0170418703059265,"ZNF140",0.310078908493199,1.76848274413683
"MA1523.1","MA1523.1",15,2640,12,6.6,1.81818181818182,0.0179368667174587,"MSANTD3",0.31859291836248,1.74625341893759
"MA1522.1","MA1522.1",34,7698,27.2,19.245,1.41335411795272,0.0189109038551485,"MAZ",0.32808219246374,1.72328771335895
"MA1653.1","MA1653.1",37,8608,29.6,21.52,1.37546468401487,0.0209496602863188,"ZNF148",0.351080355574175,1.67882301503532
"MA1144.1","MA1144.1",20,3956,16,9.89,1.61779575328615,0.0211777694381205,"FOSL2::JUND",0.351080355574175,1.67411978415911
"MA0670.1","MA0670.1",16,2957,12.8,7.3925,1.73148461278323,0.0221155778199044,"NFIA",0.358656979427145,1.65530170921241
"MA0855.1","MA0855.1",13,2234,10.4,5.585,1.86213070725157,0.022691610738093,"RXRB",0.359594212336251,1.64413467512268
"MA1487.1","MA1487.1",22,4517,17.6,11.2925,1.55855656409121,0.023137429211984,"FOXE1",0.359594212336251,1.63568489694317
"MA1138.1","MA1138.1",20,4015,16,10.0375,1.59402241594022,0.0243875696482172,"FOSL2::JUNB",0.361186497874198,1.61283147729837
"MA1103.2","MA1103.2",16,3000,12.8,7.5,1.70666666666667,0.0248972450422022,"FOXK2",0.361186497874198,1.60384870628431
"MA0481.3","MA0481.3",17,3258,13.6,8.145,1.66973603437692,0.0252903854285694,"FOXP1",0.361186497874198,1.5970445519041
"MA0684.2","MA0684.2",16,3010,12.8,7.525,1.70099667774086,0.0255806129668451,"RUNX3",0.361186497874198,1.59208905309705
"MA0599.1","MA0599.1",35,8156,28,20.39,1.37322216772928,0.0256607029320811,"KLF5",0.361186497874198,1.59073145102646
"MA0866.1","MA0866.1",15,2776,12,6.94,1.72910662824207,0.0267119149475585,"SOX21",0.366714372938164,1.57329497677282
"MA1657.1","MA1657.1",14,2535,11.2,6.3375,1.767258382643,0.0271771638671123,"ZNF652",0.366714372938164,1.56579586699757
"MA0851.1","MA0851.1",21,4333,16.8,10.8325,1.55088852988691,0.0276794704025295,"Foxj3",0.366714372938164,1.55784222358881
"MA0476.1","MA0476.1",24,5148,19.2,12.87,1.49184149184149,0.0284007549776371,"FOS",0.366714372938164,1.54667011494368
"MA0080.5","MA0080.5",47,11734,37.6,29.335,1.28174535537754,0.0285113051346026,"SPI1",0.366714372938164,1.54498290195457
"MA0852.2","MA0852.2",16,3111,12.8,7.7775,1.64577306332369,0.0333021968324843,"FOXK1",0.421075234525988,1.47752711662111
"MA0163.1","MA0163.1",19,3896,15.2,9.74,1.5605749486653,0.0338807473121392,"PLAG1",0.421250624914264,1.47004701894467
"MA0727.1","MA0727.1",9,1424,7.2,3.56,2.02247191011236,0.0349152973242578,"NR3C2",0.426996914817973,1.4569842553347
"MA1516.1","MA1516.1",16,3144,12.8,7.86,1.62849872773537,0.0361656495317785,"KLF3",0.435154428237205,1.4417037306074
"MA0785.1","MA0785.1",19,3936,15.2,9.84,1.54471544715447,0.0370345033242359,"POU2F1",0.438535547299682,1.43139347536746
"MA0881.1","MA0881.1",9,1451,7.2,3.6275,1.98483804272915,0.0386074503393447,"Dlx4",0.441234149165741,1.41332887851364
"MA0518.1","MA0518.1",24,5315,19.2,13.2875,1.44496707431797,0.0393779189003881,"Stat4",0.441234149165741,1.40474723979669
"MA0112.3","MA0112.3",10,1698,8,4.245,1.88457008244994,0.0404782015478849,"ESR1",0.441234149165741,1.39277879150375
"MA1683.1","MA1683.1",15,2940,12,7.35,1.63265306122449,0.0411767117800558,"FOXA3",0.441234149165741,1.38534833748475
"MA1513.1","MA1513.1",23,5065,18.4,12.6625,1.45310957551826,0.04121974078006,"KLF15",0.441234149165741,1.38489474371022
"MA1527.1","MA1527.1",17,3468,13.6,8.67,1.56862745098039,0.0421816915872582,"NFIC(var.2)",0.441234149165741,1.37487600799432
"MA0614.1","MA0614.1",13,2444,10.4,6.11,1.70212765957447,0.0422936479012962,"Foxj2",0.441234149165741,1.37372485457694
"MA0030.1","MA0030.1",14,2697,11.2,6.7425,1.66110493140527,0.0424244392020553,"FOXF2",0.441234149165741,1.37238388980139
"MA0079.4","MA0079.4",22,4809,17.6,12.0225,1.46392181326679,0.0425856015280608,"SP1",0.441234149165741,1.37073721389991
"MA0155.1","MA0155.1",19,4013,15.2,10.0325,1.51507600299028,0.0437138470291331,"INSM1",0.442969434871413,1.35938097182183
"MA0484.2","MA0484.2",16,3228,12.8,8.07,1.58612143742255,0.0442669032668956,"HNF4G",0.442969434871413,1.35392085843994
"MA1604.1","MA1604.1",18,3765,14.4,9.4125,1.52988047808765,0.0454311866151004,"Ebf2",0.442969434871413,1.34264591971938
"MA1124.1","MA1124.1",20,4301,16,10.7525,1.48802604045571,0.0455364058292087,"ZNF24",0.442969434871413,1.34164125106259
"MA0872.1","MA0872.1",11,1977,8.8,4.9425,1.78047546788063,0.0457220462266739,"TFAP2A(var.3)",0.442969434871413,1.33987434159549
"MA0478.1","MA0478.1",21,4604,16.8,11.51,1.45960034752389,0.0485111944801314,"FOSL2",0.45885519292494,1.31415803170782
"MA0077.1","MA0077.1",13,2496,10.4,6.24,1.66666666666667,0.0485919038084052,"SOX9",0.45885519292494,1.31343608514593
"MA0847.2","MA0847.2",20,4343,16,10.8575,1.47363573566659,0.0495215380472552,"FOXD2",0.460098166985941,1.3052058753962
"MA0602.1","MA0602.1",11,2007,8.8,5.0175,1.75386148480319,0.0499570395789024,"Arid5a",0.460098166985941,1.30140330553891
"MA1130.1","MA1130.1",20,4369,16,10.9225,1.46486610208286,0.0521121687369819,"FOSL2::JUN",0.468513997533232,1.2830608525499
"MA0087.1","MA0087.1",9,1537,7.2,3.8425,1.87378009108653,0.0521268924869414,"Sox5",0.468513997533232,1.28293816450325
"MA0683.1","MA0683.1",18,3847,14.4,9.6175,1.4972706004679,0.053992091358688,"POU4F2",0.479501192304539,1.26766985000705
"MA1141.1","MA1141.1",21,4668,16.8,11.67,1.43958868894602,0.0547750852231569,"FOS::JUND",0.480310252797234,1.26141693805903
"MA0442.2","MA0442.2",26,6066,20.8,15.165,1.37157929442796,0.0554385154702538,"SOX10",0.480310252797234,1.25618840775608
"MA0815.1","MA0815.1",10,1810,8,4.525,1.76795580110497,0.0576028755900255,"TFAP2C(var.3)",0.480310252797234,1.23955583564436
"MA0742.1","MA0742.1",16,3346,12.8,8.365,1.53018529587567,0.0577494617406014,"Klf12",0.480310252797234,1.23845205930034
"MA0858.1","MA0858.1",11,2059,8.8,5.1475,1.7095677513356,0.0579177794856546,"Rarb(var.2)",0.480310252797234,1.23718809694235
"MA1494.1","MA1494.1",10,1812,8,4.53,1.76600441501104,0.0579462771471194,"HNF4A(var.2)",0.480310252797234,1.23697446075991
"MA1115.1","MA1115.1",20,4462,16,11.155,1.43433437920215,0.0621796359993108,"POU5F1",0.494204770461576,1.20635182465297
"MA0007.3","MA0007.3",9,1592,7.2,3.98,1.80904522613065,0.0622378816282055,"Ar",0.494204770461576,1.20594519771563
"MA0489.1","MA0489.1",22,5019,17.6,12.5475,1.4026698545527,0.0627219994694124,"JUN(var.2)",0.494204770461576,1.20258010554218
"MA1111.1","MA1111.1",13,2599,10.4,6.4975,1.60061562139284,0.0629427106965267,"NR2F2",0.494204770461576,1.20105455765423
"MA0869.1","MA0869.1",17,3664,13.6,9.16,1.48471615720524,0.064270703695418,"Sox11",0.494204770461576,1.19198694500381
"MA0074.1","MA0074.1",8,1363,6.4,3.4075,1.87820983125459,0.0644122767353475,"RXRA::VDR",0.494204770461576,1.19103134987183
"MA0480.1","MA0480.1",23,5314,18.4,13.285,1.38502070003764,0.0644952208058728,"Foxo1",0.494204770461576,1.19047246605523
"MA0505.1","MA0505.1",17,3669,13.6,9.1725,1.48269283183429,0.0649223425003142,"Nr5a2",0.494204770461576,1.18760581853455
"MA0790.1","MA0790.1",19,4225,15.2,10.5625,1.43905325443787,0.0666035870735799,"POU4F1",0.501881575322127,1.17650238037458
"MA1135.1","MA1135.1",18,3958,14.4,9.895,1.45528044466902,0.0673301481299513,"FOSB::JUNB",0.502282905049437,1.17179043005976
"MA1134.1","MA1134.1",18,3967,14.4,9.9175,1.4519788253088,0.0685032060822673,"FOS::JUNB",0.505974175617538,1.1642891022119
"MA0791.1","MA0791.1",18,3984,14.4,9.96,1.44578313253012,0.0707572942472846,"POU4F3",0.517499426553669,1.15022878282762
"MA0736.1","MA0736.1",8,1404,6.4,3.51,1.82336182336182,0.0736937744749971,"GLIS2",0.530258408727193,1.13256919905214
"MA0876.1","MA0876.1",7,1167,5.6,2.9175,1.91945158526135,0.0739234242729598,"BSX",0.530258408727193,1.13121792397942
"MA1581.1","MA1581.1",20,4565,16,11.4125,1.40197152245345,0.0748514405239546,"ZBTB6",0.531801663151144,1.12579983719689
"MA1640.1","MA1640.1",14,2955,11.2,7.3875,1.5160744500846,0.0779423643747182,"MEIS2(var.2)",0.548537771920187,1.10822642405887
"MA0882.1","MA0882.1",8,1427,6.4,3.5675,1.79397337070778,0.0792407024054764,"DLX6",0.552463214901733,1.10105168344305
"MA1137.1","MA1137.1",19,4333,15.2,10.8325,1.40318486037387,0.0810124102062007,"FOSL1::JUNB",0.557532408509303,1.09144844690862
"MA1128.1","MA1128.1",20,4614,16,11.535,1.38708279150412,0.0814625100905013,"FOSL1::JUN",0.557532408509303,1.08904221220167
"MA0591.1","MA0591.1",17,3798,13.6,9.495,1.43233280674039,0.0833375381834996,"Bach1::Mafk",0.565180031680825,1.07915933288178
"MA0060.3","MA0060.3",11,2206,8.8,5.515,1.59564823209429,0.0848532921098147,"NFYA",0.565219269637606,1.07133130340652
"MA0913.2","MA0913.2",13,2731,10.4,6.8275,1.52325155620652,0.08517774641821,"HOXD9",0.565219269637606,1.06967385441351
"MA0113.3","MA0113.3",8,1455,6.4,3.6375,1.75945017182131,0.0863242186604027,"NR3C1",0.565219269637606,1.06386734385614
"MA0154.4","MA0154.4",18,4097,14.4,10.2425,1.40590676104467,0.087036548553755,"EBF1",0.565219269637606,1.06029833931155
"MA0114.4","MA0114.4",15,3281,12,8.2025,1.46296860713197,0.0877901771096702,"HNF4A",0.565219269637606,1.05655407481966
"MA1535.1","MA1535.1",8,1461,6.4,3.6525,1.75222450376454,0.0878893234289039,"NR2C1",0.565219269637606,1.05606387870931
"MA0671.1","MA0671.1",12,2491,9.6,6.2275,1.54154957848254,0.0897966686254104,"NFIX",0.572549699098771,1.04673977496341
"MA0099.3","MA0099.3",18,4129,14.4,10.3225,1.39501089852264,0.0920630944310503,"FOS::JUN",0.575732063128184,1.03591443166077
"MA1117.1","MA1117.1",11,2242,8.8,5.605,1.5700267618198,0.0924744079702435,"RELB",0.575732063128184,1.03397844039731
"MA0833.2","MA0833.2",13,2773,10.4,6.9325,1.50018031013343,0.093188986726504,"ATF4",0.575732063128184,1.03063541046285
"MA1525.1","MA1525.1",17,3863,13.6,9.6575,1.40823194408491,0.0938129963557538,"NFATC4",0.575732063128184,1.02773699259526
"MA1515.1","MA1515.1",23,5558,18.4,13.895,1.32421734436848,0.0951585700726247,"KLF2",0.575732063128184,1.02155209263555
"MA0738.1","MA0738.1",14,3058,11.2,7.645,1.46500981033355,0.0963912267363243,"HIC2",0.575732063128184,1.01596249258465
"MA1509.1","MA1509.1",4,555,3.2,1.3875,2.30630630630631,0.0967296331419294,"IRF6",0.575732063128184,1.01444045933446
"MA0880.1","MA0880.1",8,1494,6.4,3.735,1.71352074966533,0.0967942691349739,"Dlx3",0.575732063128184,1.01415035505457
"MA0860.1","MA0860.1",12,2527,9.6,6.3175,1.5195884447962,0.097241608517629,"Rarg(var.2)",0.575732063128184,1.01214786590694
"MA0650.2","MA0650.2",12,2538,9.6,6.345,1.51300236406619,0.0995899802731697,"HOXA13",0.584267039815791,1.00178435365429
"MA0687.1","MA0687.1",21,5023,16.8,12.5575,1.33784590881943,0.10024957251531,"SPIC",0.584267039815791,0.998917470624367
"MA0108.2","MA0108.2",9,1790,7.2,4.475,1.60893854748603,0.108533600187411,"TBP",0.625347127908124,0.964435790691282
"MA1528.1","MA1528.1",15,3398,12,8.495,1.41259564449676,0.109529601996538,"NFIX(var.2)",0.625347127908124,0.960468490446392
"MA0672.1","MA0672.1",10,2057,8,5.1425,1.55566358774915,0.110498691729188,"NKX2-3",0.625347127908124,0.956642863862654
"MA0814.2","MA0814.2",18,4242,14.4,10.605,1.35785007072136,0.111310614761118,"TFAP2C(var.2)",0.625347127908124,0.953463418662885
"MA0117.2","MA0117.2",13,2862,10.4,7.155,1.45352900069881,0.111679215305936,"Mafb",0.625347127908124,0.952027646202819
"MA0697.1","MA0697.1",11,2328,8.8,5.82,1.51202749140893,0.112327768283765,"ZIC3",0.625347127908124,0.949512869547323
"MA1479.1","MA1479.1",11,2339,8.8,5.8475,1.50491663103891,0.115033955926349,"DMRTC2",0.630817911551363,0.939173944909664
"MA0119.1","MA0119.1",15,3426,12,8.565,1.40105078809107,0.115183451352691,"NFIC::TLX1",0.630817911551363,0.938609912427298
"MA0477.2","MA0477.2",20,4838,16,12.095,1.32286068623398,0.116650837062899,"FOSL1",0.630817911551363,0.933112140449366
"MA1151.1","MA1151.1",11,2350,8.8,5.875,1.49787234042553,0.117777697977847,"RORC",0.630817911551363,0.928936938429395
"MA0768.1","MA0768.1",17,3999,13.6,9.9975,1.36034008502126,0.118384058468084,"LEF1",0.630817911551363,0.926706775530906
"MA1517.1","MA1517.1",17,3999,13.6,9.9975,1.36034008502126,0.118384058468084,"KLF6",0.630817911551363,0.926706775530906
"MA1531.1","MA1531.1",11,2356,8.8,5.89,1.49405772495756,0.119290070570225,"NR1D1",0.63113753649211,0.923395704494182
"MA0041.1","MA0041.1",27,6891,21.6,17.2275,1.25380931649978,0.120985523928544,"Foxd3",0.635600005990802,0.917266590460859
"MA0101.1","MA0101.1",11,2368,8.8,5.92,1.48648648648649,0.122348141869072,"REL",0.638263733107188,0.912402621997819
"MA1116.1","MA1116.1",21,5192,16.8,12.98,1.29429892141757,0.1287194777165,"RBPJ",0.66182501016466,0.890355731069546
"MA0124.2","MA0124.2",8,1601,6.4,4.0025,1.59900062460962,0.129066850048941,"Nkx3-1",0.66182501016466,0.889185289023493
"MA0846.1","MA0846.1",23,5795,18.4,14.4875,1.27006039689387,0.133029450363021,"FOXC2",0.66182501016466,0.876052203286362
"MA1644.1","MA1644.1",11,2411,8.8,6.0275,1.45997511406056,0.133668357378413,"NFYC",0.66182501016466,0.873971388866525
"MA0057.1","MA0057.1",18,4360,14.4,10.9,1.32110091743119,0.1339144712511,"MZF1(var.2)",0.66182501016466,0.873172489120109
"MA1643.1","MA1643.1",20,4942,16,12.355,1.29502225819506,0.135804256819297,"NFIB",0.66182501016466,0.867086616770121
"MA1106.1","MA1106.1",5,867,4,2.1675,1.84544405997693,0.136054547710039,"HIF1A",0.66182501016466,0.866286937071536
"MA1594.1","MA1594.1",11,2421,8.8,6.0525,1.45394465097067,0.136381368106656,"ZNF382",0.66182501016466,0.865244957254113
"MA1656.1","MA1656.1",17,4088,13.6,10.22,1.3307240704501,0.136412627497161,"ZNF449",0.66182501016466,0.865145425878186
"MA0592.3","MA0592.3",12,2699,9.6,6.7475,1.42274916635791,0.137871970748238,"ESRRA",0.66182501016466,0.860524016541071
"MA0680.1","MA0680.1",6,1117,4.8,2.7925,1.71888988361683,0.137997454261346,"PAX7",0.66182501016466,0.860128925268674
"MA0810.1","MA0810.1",12,2701,9.6,6.7525,1.42169566827101,0.138392912470814,"TFAP2A(var.2)",0.66182501016466,0.858886150873722
"MA1602.1","MA1602.1",5,872,4,2.18,1.8348623853211,0.13839772330521,"ZSCAN29",0.66182501016466,0.85887105412866
"MA0065.2","MA0065.2",22,5542,17.6,13.855,1.27029953085529,0.13989615532349,"Pparg::Rxra",0.66472950236512,0.854194220781486
"MA1637.1","MA1637.1",16,3842,12.8,9.605,1.33263925039042,0.144566015846794,"EBF3",0.677427116249122,0.839933787711198
"MA0823.1","MA0823.1",6,1133,4.8,2.8325,1.6946160635481,0.144646389124133,"HEY1",0.677427116249122,0.839692403378164
"MA1569.1","MA1569.1",8,1652,6.4,4.13,1.54963680387409,0.146213191999723,"TFAP2E",0.677427116249122,0.835013441644781
"MA0146.2","MA0146.2",22,5581,17.6,13.9525,1.26142268410679,0.147289628293572,"Zfx",0.677427116249122,0.831827833832578
"MA1599.1","MA1599.1",17,4151,13.6,10.3775,1.31052758371477,0.150095225528622,"ZNF682",0.677427116249122,0.823633122277396
"MA0019.1","MA0019.1",8,1665,6.4,4.1625,1.53753753753754,0.150757795523446,"Ddit3::Cebpa",0.677427116249122,0.821720221706665
"MA0259.1","MA0259.1",4,661,3.2,1.6525,1.93645990922844,0.153170744020357,"ARNT::HIF1A",0.677427116249122,0.814824178070614
"MA1505.1","MA1505.1",5,903,4,2.2575,1.7718715393134,0.153318969885391,"HOXC8",0.677427116249122,0.814404107331807
"MA0483.1","MA0483.1",21,5321,16.8,13.3025,1.26292050366472,0.153476853446052,"Gfi1b",0.677427116249122,0.813957113207269
"MA0631.1","MA0631.1",6,1154,4.8,2.885,1.66377816291161,0.153593904839695,"Six3",0.677427116249122,0.813626018334516
"MA1499.1","MA1499.1",7,1411,5.6,3.5275,1.58752657689582,0.153619005927615,"HOXB4",0.677427116249122,0.813555049546319
"MA1504.1","MA1504.1",7,1411,5.6,3.5275,1.58752657689582,0.153619005927615,"HOXC4",0.677427116249122,0.813555049546319
"MA0871.2","MA0871.2",7,1413,5.6,3.5325,1.58527954706299,0.154396930909514,"TFEC",0.677427116249122,0.811361336787264
"MA0115.1","MA0115.1",10,2217,8,5.5425,1.44339197113216,0.156020396268814,"NR1H2::RXRA",0.677427116249122,0.806818623389271
"MA0159.1","MA0159.1",12,2767,9.6,6.9175,1.38778460426455,0.156189630019905,"RARA::RXRA",0.677427116249122,0.806347803843067
"MA0769.2","MA0769.2",13,3050,10.4,7.625,1.36393442622951,0.157418116722106,"TCF7",0.678254979369359,0.802945287608001
"MA0528.2","MA0528.2",30,8024,24,20.06,1.19641076769691,0.160831747618127,"ZNF263",0.678254979369359,0.79362821893058
"MA0043.3","MA0043.3",11,2508,8.8,6.27,1.40350877192982,0.161232517819669,"HLF",0.678254979369359,0.792547363986036
"MA0467.1","MA0467.1",11,2509,8.8,6.2725,1.40294938222399,0.161530898102746,"Crx",0.678254979369359,0.791744392267609
"MA0093.3","MA0093.3",11,2510,8.8,6.275,1.40239043824701,0.161829561460116,"USF1",0.678254979369359,0.790942142758738
"MA0610.1","MA0610.1",8,1696,6.4,4.24,1.50943396226415,0.161870813238703,"DMRT3",0.678254979369359,0.79083145138297
"MA1105.2","MA1105.2",12,2798,9.6,6.995,1.37240886347391,0.164946609610639,"GRHL2",0.678254979369359,0.782656606717747
"MA1149.1","MA1149.1",11,2522,8.8,6.305,1.39571768437748,0.16543551617446,"RARA::RXRG",0.678254979369359,0.781371249180195
"MA0102.4","MA0102.4",12,2804,9.6,7.01,1.36947218259629,0.166670212993719,"CEBPA",0.678254979369359,0.778142009580338
"MA0465.2","MA0465.2",15,3651,12,9.1275,1.31470829909614,0.166844684097073,"CDX2",0.678254979369359,0.777687626012999
"MA1514.1","MA1514.1",20,5094,16,12.735,1.25638005496663,0.166978936410229,"KLF17",0.678254979369359,0.777338309557553
"MA1463.1","MA1463.1",9,1980,7.2,4.95,1.45454545454545,0.16729077239137,"ARGFX",0.678254979369359,0.776528013670195
"MA1616.1","MA1616.1",17,4232,13.6,10.58,1.28544423440454,0.168783318533899,"Prdm15",0.68060732770967,0.7726704784845
"MA1473.1","MA1473.1",11,2542,8.8,6.355,1.38473642800944,0.171534825349928,"CDX4",0.683780044752687,0.765647695318579
"MA0600.2","MA0600.2",10,2269,8,5.6725,1.41031291317761,0.172606657517349,"RFX2",0.683780044752687,0.762942457361904
"MA0700.2","MA0700.2",9,1997,7.2,4.9925,1.4421632448673,0.173182367739902,"LHX2",0.683780044752687,0.761496327001543
"MA0047.3","MA0047.3",14,3391,11.2,8.4775,1.32114420524919,0.173236499273804,"FOXA2",0.683780044752687,0.761360600983703
"MA0874.1","MA0874.1",6,1215,4.8,3.0375,1.58024691358025,0.180927043289193,"Arx",0.705362274994558,0.742496513994375
"MA1148.1","MA1148.1",12,2856,9.6,7.14,1.34453781512605,0.181989017689069,"PPARA::RXRA",0.705362274994558,0.739954819162974
"MA1633.1","MA1633.1",19,4870,15.2,12.175,1.24845995893224,0.182322055148533,"BACH1",0.705362274994558,0.739160792398563
"MA1625.1","MA1625.1",20,5165,16,12.9125,1.23910939012585,0.182797467107176,"Stat5b",0.705362274994558,0.738029826266289
"MA0081.2","MA0081.2",34,9364,27.2,23.41,1.16189662537377,0.18395647490704,"SPIB",0.705362274994558,0.735284921250039
"MA1420.1","MA1420.1",7,1492,5.6,3.73,1.50134048257373,0.186554293292924,"IRF5",0.705362274994558,0.729194751812266
"MA0685.1","MA0685.1",18,4596,14.4,11.49,1.2532637075718,0.186627788286092,"SP4",0.705362274994558,0.729023690703125
"MA1478.1","MA1478.1",9,2039,7.2,5.0975,1.41245708680726,0.188147994116542,"DMRTA2",0.705362274994558,0.725500407419913
"MA1607.1","MA1607.1",17,4311,13.6,10.7775,1.26188819299467,0.188159106755957,"Foxl2",0.705362274994558,0.725474757316751
"MA0491.2","MA0491.2",17,4312,13.6,10.78,1.26159554730983,0.188411425874017,"JUND",0.705362274994558,0.72489276373225
"MA0893.2","MA0893.2",7,1498,5.6,3.745,1.49532710280374,0.189105167558863,"GSX2",0.705362274994558,0.723296603298614
"MA1601.1","MA1601.1",20,5203,16,13.0075,1.23005958101096,0.191580561930207,"ZNF75D",0.706534595001041,0.717648557233973
"MA0713.1","MA0713.1",11,2612,8.8,6.53,1.34762633996937,0.193734371853518,"PHOX2A",0.706534595001041,0.712793321035987
"MA0793.1","MA0793.1",10,2332,8,5.83,1.37221269296741,0.193788142997929,"POU6F2",0.706534595001041,0.712672798947292
"MA0746.2","MA0746.2",20,5214,16,13.035,1.22746451860376,0.194163378179853,"SP3",0.706534595001041,0.711832680474505
"MA0520.1","MA0520.1",17,4339,13.6,10.8475,1.25374510255819,0.195289154434605,"Stat6",0.706534595001041,0.709321874991682
"MA1481.1","MA1481.1",6,1248,4.8,3.12,1.53846153846154,0.19648460975448,"DRGX",0.706534595001041,0.706671461372349
"MA1634.1","MA1634.1",21,5520,16.8,13.8,1.21739130434783,0.196641206946888,"BATF",0.706534595001041,0.706325468831275
"MA0071.1","MA0071.1",10,2342,8,5.855,1.3663535439795,0.197254588897505,"RORA",0.706534595001041,0.704972884647401
"MA0646.1","MA0646.1",5,989,4,2.4725,1.61779575328615,0.197943338277771,"GCM1",0.706534595001041,0.703459109713177
"MA0901.2","MA0901.2",21,5536,16.8,13.84,1.21387283236994,0.200362114165908,"HOXB13",0.708518438741177,0.698184394402451
"MA0462.2","MA0462.2",21,5540,16.8,13.85,1.2129963898917,0.201297935978482,"BATF::JUN",0.708518438741177,0.696160678155316
"MA0745.2","MA0745.2",12,2932,9.6,7.33,1.30968622100955,0.205557051105503,"SNAI2",0.708518438741177,0.687067621273856
"MA0721.1","MA0721.1",8,1813,6.4,4.5325,1.41202426916713,0.207078368345593,"UNCX",0.708518438741177,0.683865265658971
"MA1579.1","MA1579.1",21,5568,16.8,13.92,1.20689655172414,0.207910698326966,"ZBTB26",0.708518438741177,0.682123162881971
"MA0723.1","MA0723.1",6,1273,4.8,3.1825,1.5082482325216,0.208598913715055,"VAX2",0.708518438741177,0.680687957504818
"MA0912.2","MA0912.2",6,1273,4.8,3.1825,1.5082482325216,0.208598913715055,"HOXD3",0.708518438741177,0.680687957504818
"MA0666.1","MA0666.1",7,1546,5.6,3.865,1.44890038809832,0.210018923530689,"MSX1",0.708518438741177,0.67774157186279
"MA0789.1","MA0789.1",13,3233,10.4,8.0825,1.28673059078256,0.210100706682755,"POU3F4",0.708518438741177,0.67757248682344
"MA0143.4","MA0143.4",11,2662,8.8,6.655,1.32231404958678,0.210362263361404,"SOX2",0.708518438741177,0.677032165106724
"MA0152.1","MA0152.1",43,12293,34.4,30.7325,1.11933620759782,0.212570556604859,"NFATC2",0.708518438741177,0.672496890281094
"MA1555.1","MA1555.1",5,1019,4,2.5475,1.57016683022571,0.214485095541021,"RXRB(var.2)",0.708518438741177,0.668602881330937
"MA1421.1","MA1421.1",15,3828,12,9.57,1.25391849529781,0.214818362487595,"TCF7L1",0.708518438741177,0.667928598269548
"MA0708.1","MA0708.1",7,1557,5.6,3.8925,1.43866409762364,0.214932690373359,"MSX2",0.708518438741177,0.66769752509006
"MA0153.2","MA0153.2",8,1833,6.4,4.5825,1.39661756683033,0.215278952682017,"HNF1B",0.708518438741177,0.666998428053328
"MA0835.2","MA0835.2",21,5599,16.8,13.9975,1.20021432398643,0.215356720026967,"BATF3",0.708518438741177,0.66684157189258
"MA1471.1","MA1471.1",11,2678,8.8,6.695,1.31441374159821,0.215811371481973,"BARX2",0.708518438741177,0.66592567530761
"MA1608.1","MA1608.1",6,1290,4.8,3.225,1.48837209302326,0.216987823870964,"Isl1",0.708518438741177,0.66356463561698
"MA0032.2","MA0032.2",18,4725,14.4,11.8125,1.21904761904762,0.219401273674713,"FOXC1",0.708518438741177,0.658760855574918
"MA0039.4","MA0039.4",29,8030,23.2,20.075,1.15566625155666,0.220314373759562,"KLF4",0.708518438741177,0.656957167666197
"MA0148.4","MA0148.4",14,3556,11.2,8.89,1.25984251968504,0.2204116678232,"FOXA1",0.708518438741177,0.656765419180019
"MA0485.2","MA0485.2",5,1031,4,2.5775,1.55189136760427,0.221224193782291,"HOXC9",0.708518438741177,0.655167378942508
"MA1506.1","MA1506.1",5,1033,4,2.5825,1.54888673765731,0.222353806964474,"HOXD10",0.708518438741177,0.652955430507783
"MA1622.1","MA1622.1",19,5038,15.2,12.595,1.20682810639143,0.223811053485685,"Smad2::Smad3",0.708518438741177,0.650118468525742
"MA0014.3","MA0014.3",5,1036,4,2.59,1.54440154440154,0.224051594464942,"PAX5",0.708518438741177,0.649651961079829
"MA1508.1","MA1508.1",29,8048,23.2,20.12,1.15308151093439,0.224130301923584,"IKZF1",0.708518438741177,0.649499423837252
"MA0779.1","MA0779.1",4,781,3.2,1.9525,1.63892445582586,0.228439744228814,"PAX1",0.708518438741177,0.641228334762199
"MA1557.1","MA1557.1",3,528,2.4,1.32,1.81818181818182,0.22887553755458,"SMAD5",0.708518438741177,0.640400622671837
"MA0786.1","MA0786.1",17,4468,13.6,11.17,1.21754700089526,0.229811964296625,"POU3F1",0.708518438741177,0.638627365148404
"MA0698.1","MA0698.1",17,4469,13.6,11.1725,1.21727455806668,0.230089827283294,"ZBTB18",0.708518438741177,0.638102581906728
"MA0863.1","MA0863.1",7,1593,5.6,3.9825,1.40615191462649,0.231306531164332,"MTF1",0.708518438741177,0.635812104330182
"MA0686.1","MA0686.1",5,1049,4,2.6225,1.52526215443279,0.231454238789294,"SPDEF",0.708518438741177,0.635534861258602
"MA0737.1","MA0737.1",6,1319,4.8,3.2975,1.45564821834723,0.231561723333611,"GLIS3",0.708518438741177,0.635333226977522
"MA1104.2","MA1104.2",11,2725,8.8,6.8125,1.29174311926605,0.232158429307557,"GATA6",0.708518438741177,0.634215543161717
"MA1466.1","MA1466.1",5,1051,4,2.6275,1.52235965746908,0.232599515195392,"ATF6",0.708518438741177,0.633391194801832
"MA0758.1","MA0758.1",7,1596,5.6,3.99,1.40350877192982,0.232690371972639,"E2F7",0.708518438741177,0.633221586140259
"MA1503.1","MA1503.1",5,1056,4,2.64,1.51515151515152,0.235469969494494,"HOXB9",0.712743886049037,0.628064472460569
"MA0526.3","MA0526.3",10,2449,8,6.1225,1.30665577786852,0.235988927418381,"USF2",0.712743886049037,0.627108373614255
"MA0809.2","MA0809.2",14,3620,11.2,9.05,1.23756906077348,0.240115169020354,"TEAD4",0.722281919714452,0.619580402984447
"MA0125.1","MA0125.1",7,1615,5.6,4.0375,1.38699690402477,0.241520187761973,"Nobox",0.723590602692498,0.617046562356782
"MA0070.1","MA0070.1",8,1900,6.4,4.75,1.34736842105263,0.243630400535572,"PBX1",0.72533455869286,0.61326852079663
"MA1541.1","MA1541.1",10,2472,8,6.18,1.29449838187702,0.244677987652469,"NR6A1",0.72533455869286,0.611405100002837
"MA0715.1","MA0715.1",12,3051,9.6,7.6275,1.25860373647984,0.245019180684451,"PROP1",0.72533455869286,0.610799916699307
"MA0141.3","MA0141.3",9,2197,7.2,5.4925,1.31087847064178,0.249140777408856,"ESRRB",0.733197668249174,0.603555184730434
"MA0878.2","MA0878.2",10,2485,8,6.2125,1.28772635814889,0.249641029135778,"CDX1",0.733197668249174,0.602684035724755
"MA1524.1","MA1524.1",7,1636,5.6,4.09,1.36919315403423,0.251405526748812,"MSGN1",0.733949694985642,0.599625179274846
"MA1113.2","MA1113.2",12,3075,9.6,7.6875,1.24878048780488,0.25331893103201,"PBX2",0.733949694985642,0.596332353298591
"MA1498.1","MA1498.1",5,1087,4,2.7175,1.47194112235511,0.253485457061228,"HOXA7",0.733949694985642,0.596046951909478
"MA0469.3","MA0469.3",2,311,1.6,0.7775,2.05787781350482,0.253832468239002,"E2F3",0.733949694985642,0.595452827177612
"MA1472.1","MA1472.1",17,4558,13.6,11.395,1.19350592365072,0.255403312771372,"BHLHA15(var.2)",0.735640429835691,0.592773473912869
"MA0492.1","MA0492.1",12,3084,9.6,7.71,1.24513618677043,0.256458396084908,"JUND(var.2)",0.735838321074391,0.590983078178824
"MA1575.1","MA1575.1",6,1372,4.8,3.43,1.39941690962099,0.25896608067482,"THRB(var.2)",0.739674553779461,0.58675711599768
"MA0490.2","MA0490.2",17,4573,13.6,11.4325,1.18959107806691,0.259778462587425,"JUNB",0.739674553779461,0.585396857755536
"MA1650.1","MA1650.1",9,2228,7.2,5.57,1.29263913824057,0.261860772468217,"ZBTB14",0.741556507690882,0.58192955532266
"MA0841.1","MA0841.1",12,3101,9.6,7.7525,1.23831022250887,0.262427504062189,"NFE2",0.741556507690882,0.58099065010252
"MA0608.1","MA0608.1",6,1384,4.8,3.46,1.38728323699422,0.265293519755583,"Creb3l2",0.745272025500579,0.576273358267817
"MA0147.3","MA0147.3",7,1666,5.6,4.165,1.34453781512605,0.265740427323263,"MYC",0.745272025500579,0.575542370964826
"MA0142.1","MA0142.1",20,5503,16,13.7575,1.16300199890969,0.267995086268203,"Pou5f1::Sox2",0.748780278487188,0.571873168755423
"MA0689.1","MA0689.1",11,2830,8.8,7.075,1.24381625441696,0.270346429814077,"TBX20",0.752531480004857,0.56807936132891
"MA0627.2","MA0627.2",17,4623,13.6,11.5575,1.17672507030067,0.274573485361342,"POU2F3",0.761456580221416,0.561341403432953
"MA1142.1","MA1142.1",16,4329,12.8,10.8225,1.18272118272118,0.276315260173718,"FOSL1::JUND",0.761735969777451,0.558595129465581
"MA0149.1","MA0149.1",38,11077,30.4,27.6925,1.09777015437393,0.278574793703733,"EWSR1-FLI1",0.761735969777451,0.555058182422536
"MA0160.1","MA0160.1",9,2271,7.2,5.6775,1.26816380449141,0.279843990719439,"NR4A2",0.761735969777451,0.553084014558248
"MA1110.1","MA1110.1",7,1697,5.6,4.2425,1.31997642899234,0.280791966702443,"NR1H4",0.761735969777451,0.551615321281215
"MA0048.2","MA0048.2",15,4046,12,10.115,1.18635689569946,0.281402830959263,"NHLH1",0.761735969777451,0.550671537804606
"MA1101.2","MA1101.2",12,3155,9.6,7.8875,1.21711568938193,0.28170858967607,"BACH2",0.761735969777451,0.550199910585953
"MA0105.4","MA0105.4",6,1415,4.8,3.5375,1.35689045936396,0.281821886941791,"NFKB1",0.761735969777451,0.550025281599511
"MA0873.1","MA0873.1",4,864,3.2,2.16,1.48148148148148,0.285059690923819,"HOXD12",0.765196475814359,0.545064190081009
"MA0704.1","MA0704.1",6,1422,4.8,3.555,1.35021097046414,0.285587676945553,"Lhx4",0.765196475814359,0.544260536216626
"MA0655.1","MA0655.1",13,3465,10.4,8.6625,1.2005772005772,0.286519234963895,"JDP2",0.765196475814359,0.542846217123225
"MA0890.1","MA0890.1",6,1425,4.8,3.5625,1.34736842105263,0.287205111565711,"GBX2",0.765196475814359,0.541807834955408
"MA1099.2","MA1099.2",6,1429,4.8,3.5725,1.34359692092372,0.289364897136571,"HES1",0.767054324068289,0.538554154296916
"MA0635.1","MA0635.1",3,602,2.4,1.505,1.59468438538206,0.2909139589067,"BARHL2",0.767054324068289,0.536235439527407
"MA0905.1","MA0905.1",6,1432,4.8,3.58,1.34078212290503,0.290987096127783,"HOXC10",0.767054324068289,0.536126269449675
"MA1629.1","MA1629.1",21,5896,16.8,14.74,1.13975576662144,0.292688455871159,"Zic2",0.768239194317906,0.533594406538959
"MA0089.2","MA0089.2",16,4384,12.8,10.96,1.16788321167883,0.293496206944508,"NFE2L1",0.768239194317906,0.532397507069566
"MA1518.1","MA1518.1",6,1442,4.8,3.605,1.33148404993065,0.296408563943911,"LHX1",0.773149610846704,0.528109252717494
"MA1507.1","MA1507.1",7,1731,5.6,4.3275,1.29404968226459,0.29754574812291,"HOXD4",0.77341159616617,0.526446251347604
"MA0889.1","MA0889.1",5,1167,4,2.9175,1.37103684661525,0.30140333406564,"GBX1",0.780718358378359,0.52085194791289
"MA0780.1","MA0780.1",4,889,3.2,2.2225,1.43982002249719,0.302546637544504,"PAX3",0.780840369715851,0.51920766938494
"MA0004.1","MA0004.1",15,4114,12,10.285,1.16674769081186,0.303543843455223,"Arnt",0.780840369715851,0.517778571160456
"MA1491.1","MA1491.1",10,2626,8,6.565,1.21858339680122,0.305567239046621,"GLI3",0.783062347462945,0.514893209860612
"MA0914.1","MA0914.1",7,1749,5.6,4.3725,1.28073184676958,0.306506977827319,"ISL2",0.783062347462945,0.513559634041471
"MA1512.1","MA1512.1",18,5045,14.4,12.6125,1.14172447968285,0.310699399168154,"KLF11",0.784442924232292,0.507659586584767
"MA0072.1","MA0072.1",9,2348,7.2,5.87,1.22657580919932,0.312891807093802,"RORA(var.2)",0.784442924232292,0.504605808475846
"MA0630.1","MA0630.1",6,1476,4.8,3.69,1.30081300813008,0.314989321319509,"SHOX",0.784442924232292,0.501704169291743
"MA0654.1","MA0654.1",6,1476,4.8,3.69,1.30081300813008,0.314989321319509,"ISX",0.784442924232292,0.501704169291743
"MA0716.1","MA0716.1",6,1476,4.8,3.69,1.30081300813008,0.314989321319509,"PRRX1",0.784442924232292,0.501704169291743
"MA0717.1","MA0717.1",6,1476,4.8,3.69,1.30081300813008,0.314989321319509,"RAX2",0.784442924232292,0.501704169291743
"MA0720.1","MA0720.1",6,1476,4.8,3.69,1.30081300813008,0.314989321319509,"Shox2",0.784442924232292,0.501704169291743
"MA1120.1","MA1120.1",10,2651,8,6.6275,1.2070916635232,0.31582194876938,"SOX13",0.784442924232292,0.500557690989579
"MA0792.1","MA0792.1",13,3552,10.4,8.88,1.17117117117117,0.317307859371014,"POU5F1B",0.784442924232292,0.498519170763784
"MA0643.1","MA0643.1",8,2065,6.4,5.1625,1.23970944309927,0.31808421616093,"Esrrg",0.784442924232292,0.497457880733197
"MA0707.1","MA0707.1",10,2658,8,6.645,1.20391271632807,0.318708236466549,"MNX1",0.784442924232292,0.496606712786854
"MA1649.1","MA1649.1",12,3258,9.6,8.145,1.17863720073665,0.319665749285009,"ZBTB12",0.784442924232292,0.495303893892159
"MA0495.3","MA0495.3",15,4172,12,10.43,1.15052732502397,0.322839932609186,"MAFF",0.7870123419963,0.491012752019326
"MA1154.1","MA1154.1",10,2670,8,6.675,1.19850187265918,0.323670521846155,"ZNF282",0.7870123419963,0.489896851979914
"MA0699.1","MA0699.1",6,1493,4.8,3.7325,1.28600133958473,0.324354164895905,"LBX2",0.7870123419963,0.488980521104507
"MA0659.2","MA0659.2",15,4181,12,10.4525,1.14805070557283,0.325864465830888,"MAFG",0.7870123419963,0.486962994965809
"MA1584.1","MA1584.1",9,2380,7.2,5.95,1.21008403361345,0.32689069042119,"ZIC5",0.7870123419963,0.485597447594233
"MA0740.1","MA0740.1",13,3579,10.4,8.9475,1.16233584800224,0.327042662223664,"KLF14",0.7870123419963,0.485395590581923
"MA0839.1","MA0839.1",5,1212,4,3.03,1.32013201320132,0.328996555195486,"CREB3L1",0.789168585774382,0.482808649367423
"MA0831.2","MA0831.2",4,929,3.2,2.3225,1.3778256189451,0.330766065561824,"TFE3",0.790870143939489,0.480479052611656
"MA0836.2","MA0836.2",9,2392,7.2,5.98,1.20401337792642,0.332173719038464,"CEBPD",0.791698384673144,0.478634731090153
"MA0640.2","MA0640.2",25,7283,20,18.2075,1.09844844157627,0.3356765175424,"ELF3",0.795337241854693,0.474079039027422
"MA0038.2","MA0038.2",12,3310,9.6,8.275,1.16012084592145,0.339310796507493,"GFI1",0.795337241854693,0.469402321348015
"MA1129.1","MA1129.1",4,942,3.2,2.355,1.3588110403397,0.339977708553487,"FOSL1::JUN(var.2)",0.795337241854693,0.46854955757418
"MA0802.1","MA0802.1",10,2710,8,6.775,1.18081180811808,0.340331791358213,"TBR1",0.795337241854693,0.468097480329529
"MA1419.1","MA1419.1",8,2114,6.4,5.285,1.21097445600757,0.341098224292216,"IRF4",0.795337241854693,0.467120541460675
"MA0795.1","MA0795.1",3,661,2.4,1.6525,1.45234493192133,0.341243221022911,"SMAD3",0.795337241854693,0.466935967355101
"MA0628.1","MA0628.1",5,1232,4,3.08,1.2987012987013,0.341352662913695,"POU6F1",0.795337241854693,0.466796704840391
"MA1628.1","MA1628.1",24,7000,19.2,17.5,1.09714285714286,0.34290329322498,"Zic1::Zic2",0.795337241854693,0.464828343923935
"MA0892.1","MA0892.1",7,1824,5.6,4.56,1.2280701754386,0.344385838134531,"GSX1",0.795337241854693,0.462954715948011
"MA0734.2","MA0734.2",10,2720,8,6.8,1.17647058823529,0.344523318290888,"GLI2",0.795337241854693,0.462781378510083
"MA0714.1","MA0714.1",6,1531,4.8,3.8275,1.25408229915088,0.345427970993191,"PITX3",0.795337241854693,0.461642498395208
"MA1136.1","MA1136.1",5,1245,4,3.1125,1.285140562249,0.349405143563271,"FOSB::JUNB(var.2)",0.799672198203294,0.456670706094061
"MA1639.1","MA1639.1",9,2433,7.2,6.0825,1.18372379778052,0.350342490490751,"MEIS1(var.2)",0.799672198203294,0.455507187071166
"MA1600.1","MA1600.1",13,3644,10.4,9.11,1.14160263446762,0.350766787791552,"ZNF684",0.799672198203294,0.454981534353029
"MA1119.1","MA1119.1",11,3039,8.8,7.5975,1.15827574860151,0.351598500014317,"SIX2",0.799672198203294,0.453952986376692
"MA0621.1","MA0621.1",8,2139,6.4,5.3475,1.19682094436653,0.352943505538558,"mix-a",0.800062075893995,0.452294805083546
"MA0897.1","MA0897.1",8,2142,6.4,5.355,1.19514472455649,0.354368819834533,"Hmx2",0.800062075893995,0.450544497759953
"MA0695.1","MA0695.1",5,1254,4,3.135,1.27591706539075,0.354987328580311,"ZBTB7C",0.800062075893995,0.449787148989598
"MA0909.2","MA0909.2",7,1851,5.6,4.6275,1.21015667206915,0.358182998544558,"HOXD13",0.804832882271808,0.445895032148392
"MA1520.1","MA1520.1",8,2153,6.4,5.3825,1.18903855085927,0.359601333306209,"MAF",0.805593377316613,0.444178706687263
"MA0130.1","MA0130.1",50,15241,40,38.1025,1.04979988189751,0.362603680966104,"ZNF354C",0.809792677123765,0.440567791483883
"MA1123.2","MA1123.2",14,3985,11.2,9.9625,1.12421580928482,0.363646845625283,"TWIST1",0.809792677123765,0.439320175268334
"MA0794.1","MA0794.1",4,981,3.2,2.4525,1.30479102956167,0.367654082378819,"PROX1",0.816279599567259,0.434560607321097
"MA0629.1","MA0629.1",6,1575,4.8,3.9375,1.21904761904762,0.369998789258698,"Rhox11",0.819047764946555,0.43179969706578
"MA1530.1","MA1530.1",7,1877,5.6,4.6925,1.1933937133724,0.371521905673397,"NKX6-3",0.819986217847203,0.430015574278627
"MA0652.1","MA0652.1",9,2489,7.2,6.2225,1.15709120128566,0.375392942748972,"IRF8",0.826085944810422,0.425513896216507
"MA0066.1","MA0066.1",8,2194,6.4,5.485,1.16681859617138,0.37917780823617,"PPARG",0.828620889226848,0.421157088112978
"MA0682.2","MA0682.2",5,1293,4,3.2325,1.23743232791957,0.379215777946254,"PITX1",0.828620889226848,0.421113601364453
"MA0100.3","MA0100.3",8,2199,6.4,5.4975,1.16416552978627,0.381571488819591,"MYB",0.828620889226848,0.418424083420028
"MA0800.1","MA0800.1",9,2505,7.2,6.2625,1.1497005988024,0.382586535148008,"EOMES",0.828620889226848,0.417270318714947
"MA0903.1","MA0903.1",6,1599,4.8,3.9975,1.20075046904315,0.383443135288743,"HOXB3",0.828620889226848,0.416299032918226
"MA0842.2","MA0842.2",9,2511,7.2,6.2775,1.14695340501792,0.385287241710271,"NRL",0.828620889226848,0.414215371850135
"MA1548.1","MA1548.1",8,2207,6.4,5.5175,1.15994562754871,0.385403540648418,"PLAGL2",0.828620889226848,0.414084299859583
"MA0069.1","MA0069.1",5,1303,4,3.2575,1.2279355333845,0.38543089619533,"PAX6",0.828620889226848,0.414053475177886
"MA1556.1","MA1556.1",5,1314,4,3.285,1.21765601217656,0.392265225691334,"RXRG(var.2)",0.835058631299242,0.406420190365888
"MA0625.1","MA0625.1",15,4376,12,10.94,1.09689213893967,0.392916896927841,"NFATC3",0.835058631299242,0.405699294464513
"MA0632.2","MA0632.2",6,1618,4.8,4.045,1.18665018541409,0.394093824210806,"TCFL5",0.835058631299242,0.404400370849149
"MA0767.1","MA0767.1",3,724,2.4,1.81,1.32596685082873,0.394730957191081,"GCM2",0.835058631299242,0.403698812266641
"MA1636.1","MA1636.1",11,3146,8.8,7.865,1.11888111888112,0.394854998842635,"CEBPG(var.2)",0.835058631299242,0.403562359471787
"MA0622.1","MA0622.1",4,1024,3.2,2.56,1.25,0.398111013023628,"Mlxip",0.835058631299242,0.399995808275648
"MA0620.3","MA0620.3",5,1324,4,3.31,1.20845921450151,0.398474528569491,"MITF",0.835058631299242,0.399599434506932
"MA0040.1","MA0040.1",13,3773,10.4,9.4325,1.10257089848927,0.398737563198843,"Foxq1",0.835058631299242,0.399312849560712
"MA0494.1","MA0494.1",10,2850,8,7.125,1.12280701754386,0.399680833833621,"Nr1h3::Rxra",0.835058631299242,0.398286677258714
"MA0647.1","MA0647.1",4,1030,3.2,2.575,1.24271844660194,0.402346452382203,"GRHL1",0.835058631299242,0.395399823633971
"MA1651.1","MA1651.1",11,3165,8.8,7.9125,1.11216429699842,0.402593468319148,"ZFP42",0.835058631299242,0.395133275388652
"MA0597.1","MA0597.1",9,2551,7.2,6.3775,1.12896903175225,0.403323781188111,"THAP1",0.835058631299242,0.394346169923258
"MA1573.1","MA1573.1",13,3787,10.4,9.4675,1.09849485080539,0.40399050784468,"THAP11",0.835058631299242,0.393628838946589
"MA0761.2","MA0761.2",22,6592,17.6,16.48,1.06796116504854,0.404096737130062,"ETV1",0.835058631299242,0.393514656244138
"MA0524.2","MA0524.2",8,2249,6.4,5.6225,1.13828368163628,0.405551533604307,"TFAP2C",0.835721893965365,0.391953951963414
"MA0035.4","MA0035.4",7,1947,5.6,4.8675,1.15048793014895,0.407565543433859,"GATA1",0.835721893965365,0.389802539408205
"MA1496.1","MA1496.1",5,1339,4,3.3475,1.1949215832711,0.407778511264602,"HOXA4",0.835721893965365,0.389575664004417
"MA0764.2","MA0764.2",25,7581,20,18.9525,1.0552697533307,0.417760718662076,"ETV4",0.8521529388593,0.379072398415841
"MA0025.2","MA0025.2",10,2893,8,7.2325,1.10611821638438,0.418080396276815,"NFIL3",0.8521529388593,0.378740195971246
"MA1536.1","MA1536.1",6,1674,4.8,4.185,1.14695340501792,0.425444917775573,"NR2C2(var.2)",0.862868177694261,0.371156659914607
"MA0145.3","MA0145.3",3,762,2.4,1.905,1.25984251968504,0.426493165312246,"TFCP2",0.862868177694261,0.370087924147011
"MA0502.2","MA0502.2",9,2603,7.2,6.5075,1.10641567422205,0.426807449824641,"NFYB",0.862868177694261,0.369768008672366
"MA0519.1","MA0519.1",17,5104,13.6,12.76,1.06583072100314,0.428542191182853,"Stat5a::Stat5b",0.864033715195697,0.368006414123809
"MA0472.2","MA0472.2",7,1996,5.6,4.99,1.12224448897796,0.432785409260614,"EGR2",0.870236968486303,0.363727389270287
"MA0162.4","MA0162.4",15,4494,12,11.235,1.06809078771696,0.434347670106076,"EGR1",0.871030542739603,0.362162503753363
"MA0741.1","MA0741.1",20,6073,16,15.1825,1.05384488720566,0.436994991689446,"KLF16",0.872482635369363,0.359523540361618
"MA1583.1","MA1583.1",4,1080,3.2,2.7,1.18518518518519,0.437410865453273,"ZFP57",0.872482635369363,0.359110433123277
"MA0657.1","MA0657.1",7,2008,5.6,5.02,1.11553784860558,0.438946774014518,"KLF13",0.8730726837934,0.357588138421254
"MA0732.1","MA0732.1",10,2950,8,7.375,1.08474576271186,0.442478546517933,"EGR3",0.8730726837934,0.354107781135071
"MA1114.1","MA1114.1",15,4518,12,11.295,1.06241699867198,0.442799462373832,"PBX3",0.8730726837934,0.353792915092817
"MA0607.1","MA0607.1",5,1397,4,3.4925,1.14531138153185,0.443558374206031,"Bhlha15",0.8730726837934,0.353049217033379
"MA0894.1","MA0894.1",5,1397,4,3.4925,1.14531138153185,0.443558374206031,"HESX1",0.8730726837934,0.353049217033379
"MA0493.1","MA0493.1",16,4839,12.8,12.0975,1.05806984914238,0.445083031744173,"Klf1",0.873768267581981,0.351558962357205
"MA1476.1","MA1476.1",5,1402,4,3.505,1.14122681883024,0.446622735487862,"DLX5",0.874489660561535,0.350059172788091
"MA0811.1","MA0811.1",8,2345,6.4,5.8625,1.09168443496802,0.451564459045101,"TFAP2B",0.881408458334882,0.345280247101373
"MA0751.1","MA0751.1",8,2347,6.4,5.8675,1.09075415423945,0.452519355954772,"ZIC4",0.881408458334882,0.34436283965311
"MA0674.1","MA0674.1",8,2356,6.4,5.89,1.08658743633277,0.456813360358703,"NKX6-1",0.884352339771407,0.340261202824357
"MA0095.2","MA0095.2",11,3299,8.8,8.2475,1.06698999696878,0.457270618745094,"YY1",0.884352339771407,0.339826702679693
"MA0619.1","MA0619.1",15,4560,12,11.4,1.05263157894737,0.457587135592176,"LIN54",0.884352339771407,0.339526193611589
"MA0150.2","MA0150.2",13,3934,10.4,9.835,1.0574478901881,0.459305876391933,"Nfe2l2",0.885380319866621,0.337897998152152
"MA0496.3","MA0496.3",19,5837,15.2,14.5925,1.04163097481583,0.461933423869814,"MAFK",0.888150345894023,0.335420612602868
"MA0161.2","MA0161.2",15,4578,12,11.445,1.04849279161206,0.463919459144555,"NFIC",0.889675877948169,0.333557410577034
"MA0596.1","MA0596.1",9,2694,7.2,6.735,1.06904231625835,0.467773197594062,"SREBF2",0.892003643208443,0.329964665960965
"MA1140.2","MA1140.2",4,1125,3.2,2.8125,1.13777777777778,0.4684829227687,"JUNB(var.2)",0.892003643208443,0.329306235475228
"MA0131.2","MA0131.2",4,1127,3.2,2.8175,1.1357586512866,0.46985060352208,"HINFP",0.892003643208443,0.328040210957955
"MA0135.1","MA0135.1",12,3651,9.6,9.1275,1.05176663927691,0.471833250028769,"Lhx3",0.892003643208443,0.326211457695437
"MA0513.1","MA0513.1",17,5240,13.6,13.1,1.0381679389313,0.473765198817396,"SMAD2::SMAD3::SMAD4",0.892003643208443,0.324436844239394
"MA0755.1","MA0755.1",2,510,1.6,1.275,1.25490196078431,0.474577583513147,"CUX2",0.892003643208443,0.323692779364493
"MA0521.1","MA0521.1",23,7147,18.4,17.8675,1.02980271442563,0.474609233079913,"Tcf12",0.892003643208443,0.323663817242463
"MA0753.2","MA0753.2",13,3975,10.4,9.9375,1.04654088050314,0.474698989750338,"ZNF740",0.892003643208443,0.323581692541848
"MA0056.2","MA0056.2",10,3031,8,7.5775,1.05575717584955,0.477001921323354,"MZF1",0.89407897815885,0.321479871654959
"MA0003.4","MA0003.4",14,4312,11.2,10.78,1.03896103896104,0.482017935115083,"TFAP2A",0.896866497797864,0.316936802058659
"MA0488.1","MA0488.1",11,3364,8.8,8.41,1.04637336504162,0.48365785250919,"JUN",0.896866497797864,0.315461756771592
"MA0624.1","MA0624.1",14,4317,11.2,10.7925,1.03775770210795,0.483825426969505,"NFATC1",0.896866497797864,0.315311311454977
"MA0111.1","MA0111.1",8,2416,6.4,6.04,1.05960264900662,0.485282625399326,"Spz1",0.896866497797864,0.314005257475722
"MA1511.1","MA1511.1",15,4640,12,11.6,1.03448275862069,0.485679832757473,"KLF10",0.896866497797864,0.313649929683203
"MA1593.1","MA1593.1",16,4958,12.8,12.395,1.03267446551029,0.485702500147905,"ZNF317",0.896866497797864,0.313629660995475
"MA0782.2","MA0782.2",13,4011,10.4,10.0275,1.03714784343057,0.488168716262227,"PKNOX1",0.898486680602726,0.311430055295749
"MA0701.2","MA0701.2",6,1789,4.8,4.4725,1.07322526551146,0.488988729657784,"LHX9",0.898486680602726,0.310701150495684
"MA0910.2","MA0910.2",5,1476,4,3.69,1.0840108401084,0.491434621707329,"HOXD8",0.898759056919016,0.308534250609726
"MA0752.1","MA0752.1",6,1796,4.8,4.49,1.06904231625835,0.492795848365307,"ZNF410",0.898759056919016,0.30733295960912
"MA1470.1","MA1470.1",4,1162,3.2,2.905,1.10154905335628,0.493574326101521,"BACH2(var.2)",0.898759056919016,0.306647438769031
"MA0601.1","MA0601.1",11,3396,8.8,8.49,1.03651354534747,0.496567680577176,"Arid3b",0.898759056919016,0.304021550193771
"MA1497.1","MA1497.1",4,1169,3.2,2.9225,1.09495295124038,0.49826813485028,"HOXA6",0.898759056919016,0.302536885859626
"MA0661.1","MA0661.1",5,1493,4,3.7325,1.07166778298727,0.501557789885574,"MEOX1",0.898759056919016,0.299679020006547
"MA0819.1","MA0819.1",3,858,2.4,2.145,1.11888111888112,0.503846645598252,"CLOCK",0.898759056919016,0.297701628445353
"MA0075.3","MA0075.3",6,1817,4.8,4.5425,1.05668684645019,0.504163077196067,"PRRX2",0.898759056919016,0.29742896341398
"MA0104.4","MA0104.4",4,1179,3.2,2.9475,1.08566581849025,0.504942102002549,"MYCN",0.898759056919016,0.296758416381011
"MA1540.1","MA1540.1",9,2781,7.2,6.9525,1.03559870550162,0.506459978454638,"NR5A1",0.898759056919016,0.295454867822037
"MA0718.1","MA0718.1",5,1503,4,3.7575,1.0645375914837,0.50747780087239,"RAX",0.898759056919016,0.294582950793051
"MA0787.1","MA0787.1",14,4383,11.2,10.9575,1.02213096052932,0.507586694875163,"POU3F2",0.898759056919016,0.294489770379597
"MA0799.1","MA0799.1",8,2466,6.4,6.165,1.03811841038118,0.508732313583123,"RFX4",0.898759056919016,0.293510676040477
"MA0626.1","MA0626.1",5,1506,4,3.765,1.06241699867198,0.509248583896588,"Npas2",0.898759056919016,0.293070169999379
"MA0644.1","MA0644.1",5,1506,4,3.765,1.06241699867198,0.509248583896588,"ESX1",0.898759056919016,0.293070169999379
"MA1502.1","MA1502.1",4,1189,3.2,2.9725,1.07653490328007,0.511577875342196,"HOXB8",0.898759056919016,0.291088246102241
"MA1559.1","MA1559.1",10,3119,8,7.7975,1.0259698621353,0.514055713377444,"SNAI3",0.898759056919016,0.288989809601685
"MA0731.1","MA0731.1",9,2808,7.2,7.02,1.02564102564103,0.518317878910841,"BCL6B",0.898759056919016,0.285403810303049
"MA1560.1","MA1560.1",3,877,2.4,2.1925,1.09464082098062,0.518540161441006,"SOHLH2",0.898759056919016,0.285217601441284
"MA0861.1","MA0861.1",4,1200,3.2,3,1.06666666666667,0.518831621732484,"TP73",0.898759056919016,0.28497356241561
"MA1102.2","MA1102.2",15,4736,12,11.84,1.01351351351351,0.519102732566288,"CTCFL",0.898759056919016,0.28474668498103
"MA0525.2","MA0525.2",3,879,2.4,2.1975,1.09215017064846,0.52007349591377,"TP63",0.898759056919016,0.283935278260728
"MA0884.1","MA0884.1",7,2170,5.6,5.425,1.03225806451613,0.52073781294967,"DUXA",0.898759056919016,0.283380885241269
"MA0642.1","MA0642.1",4,1205,3.2,3.0125,1.06224066390042,0.522112567688686,"EN2",0.898759056919016,0.282235852829975
"MA1131.1","MA1131.1",6,1853,4.8,4.6325,1.03615758229897,0.523443421023835,"FOSL2::JUN(var.2)",0.898759056919016,0.281130254319584
"MA0722.1","MA0722.1",6,1854,4.8,4.635,1.03559870550162,0.523974991278803,"VAX1",0.898759056919016,0.280689440895674
"MA0116.1","MA0116.1",7,2177,5.6,5.4425,1.02893890675241,0.524188431350987,"Znf423",0.898759056919016,0.280512568005729
"MA0508.3","MA0508.3",23,7319,18.4,18.2975,1.00560185817735,0.524619012301871,"PRDM1",0.898759056919016,0.280155974538322
"MA0046.2","MA0046.2",8,2502,6.4,6.255,1.02318145483613,0.525418687705056,"HNF1A",0.898759056919016,0.279494484608852
"MA1580.1","MA1580.1",6,1857,4.8,4.6425,1.03392568659128,0.525568347273316,"ZBTB32",0.898759056919016,0.279370798354054
"MA0770.1","MA0770.1",9,2829,7.2,7.0725,1.01802757158006,0.527481441362867,"HSF2",0.898759056919016,0.277792815756307
"MA1500.1","MA1500.1",6,1861,4.8,4.6525,1.03170338527673,0.527689633955132,"HOXB6",0.898759056919016,0.277621437110167
"MA0667.1","MA0667.1",9,2837,7.2,7.0925,1.01515685583363,0.530957719947762,"MYF6",0.902265282644716,0.274940060320496
"MA0845.1","MA0845.1",13,4138,10.4,10.345,1.00531657805703,0.535127321063193,"FOXB1",0.9051275013292,0.27154287544308
"MA1576.1","MA1576.1",8,2524,6.4,6.31,1.01426307448494,0.535522381380917,"THRB(var.3)",0.9051275013292,0.271222373745089
"MA0832.1","MA0832.1",10,3186,8,7.965,1.00439422473321,0.541777583049729,"Tcf21",0.9051275013292,0.266178968588959
"MA0898.1","MA0898.1",7,2213,5.6,5.5325,1.0122006326254,0.541791066112642,"Hmx3",0.9051275013292,0.266168160561564
"MA1534.1","MA1534.1",6,1892,4.8,4.73,1.01479915433404,0.544001253195153,"NR1I3",0.9051275013292,0.264400099832863
"MA0688.1","MA0688.1",8,2543,6.4,6.3575,1.00668501769564,0.5441861890671,"TBX2",0.9051275013292,0.264252484401281
"MA1139.1","MA1139.1",4,1240,3.2,3.1,1.03225806451613,0.544782011798269,"FOSL2::JUNB(var.2)",0.9051275013292,0.263777240863489
"MA0702.2","MA0702.2",5,1569,4,3.9225,1.01975780752071,0.545829407029465,"LMX1A",0.9051275013292,0.262943070046505
"MA1100.2","MA1100.2",14,4494,11.2,11.235,0.996884735202492,0.546979903142756,"ASCL1",0.9051275013292,0.262028630000283
"MA0899.1","MA0899.1",10,3200,8,8,1,0.547504253303125,"HOXA10",0.9051275013292,0.2616125026451
"MA0834.1","MA0834.1",4,1247,3.2,3.1175,1.02646351242983,0.549251041947608,"ATF7",0.9051275013292,0.260229110535504
"MA0706.1","MA0706.1",6,1903,4.8,4.7575,1.00893326326852,0.549732189785675,"MEOX2",0.9051275013292,0.259848832004641
"MA1485.1","MA1485.1",10,3206,8,8.015,0.99812850904554,0.549950921827103,"FERD3L",0.9051275013292,0.259676065652486
"MA0656.1","MA0656.1",5,1579,4,3.9475,1.01329955668144,0.551521507917932,"JDP2(var.2)",0.9051275013292,0.258437546527617
"MA1577.1","MA1577.1",4,1253,3.2,3.1325,1.02154828411812,0.553063805784652,"TLX2",0.9051275013292,0.257224762182326
"MA0073.1","MA0073.1",24,7741,19.2,19.3525,0.992119881152306,0.553229916811764,"RREB1",0.9051275013292,0.257094342743931
"MA0679.2","MA0679.2",10,3220,8,8.05,0.993788819875776,0.555641478451675,"ONECUT1",0.9051275013292,0.255205341785576
"MA1561.1","MA1561.1",3,927,2.4,2.3175,1.03559870550162,0.5560707010872,"SOX12",0.9051275013292,0.25486998694318
"MA1630.1","MA1630.1",18,5815,14.4,14.5375,0.990541702493551,0.556177655236132,"Znf281",0.9051275013292,0.25478646315719
"MA0471.2","MA0471.2",17,5495,13.6,13.7375,0.989990900818926,0.557252994755041,"E2F6",0.9051275013292,0.253947588882549
"MA0603.1","MA0603.1",4,1261,3.2,3.1525,1.01506740681998,0.558121515564922,"Arntl",0.9051275013292,0.253271235123527
"MA0830.2","MA0830.2",13,4213,10.4,10.5325,0.987419890814147,0.562277303447823,"TCF4",0.9083629759495,0.250049446610296
"MA1127.1","MA1127.1",5,1601,4,4.0025,0.999375390381012,0.563924877913538,"FOSB::JUN",0.9083629759495,0.248778745804896
"MA0122.3","MA0122.3",7,2260,5.6,5.65,0.991150442477876,0.564377888769032,"Nkx3-2",0.9083629759495,0.248430009399803
"MA0675.1","MA0675.1",7,2264,5.6,5.66,0.989399293286219,0.566277967713298,"NKX6-2",0.9083629759495,0.246970335224394
"MA0062.3","MA0062.3",21,6828,16.8,17.07,0.984182776801406,0.56908133901752,"GABPA",0.9083629759495,0.24482565528887
"MA0820.1","MA0820.1",8,2599,6.4,6.4975,0.984994228549442,0.569354893896764,"FIGLA",0.9083629759495,0.244616942014634
"MA1155.1","MA1155.1",13,4234,10.4,10.585,0.982522437411431,0.569781944567323,"ZSCAN4",0.9083629759495,0.244291316941082
"MA0088.2","MA0088.2",9,2928,7.2,7.32,0.983606557377049,0.569857738263225,"ZNF143",0.9083629759495,0.244233549939041
"MA0778.1","MA0778.1",4,1284,3.2,3.21,0.996884735202492,0.572493153390607,"NFKB2",0.910618107525357,0.242229702808964
"MA1654.1","MA1654.1",15,4908,12,12.27,0.97799511002445,0.577550803645804,"ZNF16",0.916708296850574,0.238409807500584
"MA0138.2","MA0138.2",12,3933,9.6,9.8325,0.976353928299008,0.578930276363546,"REST",0.916946892074746,0.237373737505591
"MA1620.1","MA1620.1",9,2956,7.2,7.39,0.974289580514208,0.581561605376842,"Ptf1a(var.3)",0.91916304578628,0.23540427326901
"MA1126.1","MA1126.1",5,1638,4,4.095,0.976800976800977,0.584397427300482,"FOS::JUN(var.2)",0.921692348342832,0.233291704633127
"MA0870.1","MA0870.1",6,1978,4.8,4.945,0.970677451971689,0.587931769624311,"Sox1",0.924228418031424,0.230673071534435
"MA0857.1","MA0857.1",9,2976,7.2,7.44,0.967741935483871,0.589836933323348,"Rarb",0.924228418031424,0.229268037080358
"MA0710.1","MA0710.1",5,1648,4,4.12,0.970873786407767,0.589843520663085,"NOTO",0.924228418031424,0.229263186876578
"MA1553.1","MA1553.1",3,979,2.4,2.4475,0.980592441266598,0.59322370926632,"RARG(var.3)",0.924228418031424,0.226781499926587
"MA0662.1","MA0662.1",5,1655,4,4.1375,0.966767371601208,0.593633098607287,"MIXL1",0.924228418031424,0.226481892530642
"MA0724.1","MA0724.1",3,981,2.4,2.4525,0.978593272171254,0.594612590666052,"VENTX",0.924228418031424,0.225765899034718
"MA1549.1","MA1549.1",7,2330,5.6,5.825,0.96137339055794,0.597082779916146,"POU6F1(var.2)",0.924228418031424,0.223965453847926
"MA0132.2","MA0132.2",4,1327,3.2,3.3175,0.964581763376036,0.598659921625147,"PDX1",0.924228418031424,0.222819815513345
"MA0804.1","MA0804.1",3,988,2.4,2.47,0.97165991902834,0.599449806491264,"TBX19",0.924228418031424,0.222247175661847
"MA1467.1","MA1467.1",16,5304,12.8,13.26,0.965309200603318,0.600136480668107,"ATOH1(var.2)",0.924228418031424,0.221749972848455
"MA0017.2","MA0017.2",9,3004,7.2,7.51,0.958721704394141,0.601298304687663,"NR2F1",0.924228418031424,0.22091002061123
"MA0107.1","MA0107.1",8,2673,6.4,6.6825,0.957725402169847,0.601671281883303,"RELA",0.924228418031424,0.22064071713932
"MA0733.1","MA0733.1",9,3006,7.2,7.515,0.958083832335329,0.602111275017791,"EGR4",0.924228418031424,0.220323240203311
"MA1145.1","MA1145.1",5,1676,4,4.19,0.954653937947494,0.604887640767846,"FOSL2::JUND(var.2)",0.925122514044685,0.218325289027383
"MA1132.1","MA1132.1",10,3345,8,8.3625,0.956651718983557,0.605173977015826,"JUN::JUNB",0.925122514044685,0.218119755271151
"MA0906.1","MA0906.1",3,1001,2.4,2.5025,0.959040959040959,0.608334097385042,"HOXC12",0.928038348377476,0.215857840464321
"MA0865.1","MA0865.1",6,2022,4.8,5.055,0.949554896142433,0.609569424537484,"E2F8",0.928038348377476,0.214976824948758
"MA0825.1","MA0825.1",4,1348,3.2,3.37,0.949554896142433,0.611092872480664,"MNT",0.928462897903412,0.213892781671057
"MA0694.1","MA0694.1",3,1013,2.4,2.5325,0.947680157946693,0.616419703482367,"ZBTB7B",0.933167002324566,0.21012348777175
"MA0665.1","MA0665.1",12,4039,9.6,10.0975,0.950730378806635,0.616992729411586,"MSC",0.933167002324566,0.209719953624834
"MA1521.1","MA1521.1",6,2040,4.8,5.1,0.941176470588235,0.618244129071949,"MAFA",0.933167002324566,0.208839999064946
"MA0638.1","MA0638.1",3,1020,2.4,2.55,0.941176470588235,0.621084837759122,"CREB3",0.933167002324566,0.206849072844165
"MA0673.1","MA0673.1",6,2050,4.8,5.125,0.936585365853658,0.623017570218312,"NKX2-8",0.933167002324566,0.205499705281025
"MA0510.2","MA0510.2",7,2395,5.6,5.9875,0.935281837160752,0.626332033357774,"RFX5",0.933167002324566,0.203195376012641
"MA1545.1","MA1545.1",1,314,0.8,0.785,1.01910828025478,0.627179367751069,"OVOL2",0.933167002324566,0.202608237025219
"MA0883.1","MA0883.1",4,1377,3.2,3.4425,0.929557007988381,0.627875462945002,"Dmbx1",0.933167002324566,0.202126488618362
"MA0517.1","MA0517.1",26,8676,20.8,21.69,0.958967266021208,0.630125993745952,"STAT1::STAT2",0.933167002324566,0.200572604645175
"MA1495.1","MA1495.1",2,681,1.6,1.7025,0.939794419970632,0.630462111724143,"HOXA1",0.933167002324566,0.200341007684958
"MA0612.2","MA0612.2",2,681,1.6,1.7025,0.939794419970632,0.630462111724143,"EMX1",0.933167002324566,0.200341007684958
"MA0900.2","MA0900.2",2,681,1.6,1.7025,0.939794419970632,0.630462111724143,"HOXA2",0.933167002324566,0.200341007684958
"MA0904.2","MA0904.2",2,681,1.6,1.7025,0.939794419970632,0.630462111724143,"HOXB5",0.933167002324566,0.200341007684958
"MA0002.2","MA0002.2",15,5082,12,12.705,0.944510035419126,0.633859627746042,"RUNX1",0.933167002324566,0.198006908750947
"MA1133.1","MA1133.1",4,1388,3.2,3.47,0.922190201729107,0.634121726701668,"JUN::JUNB(var.2)",0.933167002324566,0.197827366470829
"MA0908.1","MA0908.1",3,1040,2.4,2.6,0.923076923076923,0.634203311231307,"HOXD11",0.933167002324566,0.197771494813297
"MA1596.1","MA1596.1",27,9029,21.6,22.5725,0.956916602060029,0.63696949400933,"ZNF460",0.935392209706615,0.195881366566786
"MA0776.1","MA0776.1",1,326,0.8,0.815,0.98159509202454,0.641031078347293,"MYBL1",0.939507238599373,0.193120914587972
"MA1552.1","MA1552.1",3,1056,2.4,2.64,0.909090909090909,0.644472142499386,"RARB(var.3)",0.942698467263808,0.190795850413402
"MA0690.1","MA0690.1",7,2444,5.6,6.11,0.916530278232406,0.647605551117081,"TBX21",0.944499274639283,0.188689437236168
"MA0859.1","MA0859.1",8,2785,6.4,6.9625,0.919210053859964,0.648235427098275,"Rarg",0.944499274639283,0.188267237770248
"MA0854.1","MA0854.1",4,1416,3.2,3.54,0.903954802259887,0.649719527625038,"Alx1",0.944816311127249,0.187274080114189
"MA1647.1","MA1647.1",17,5817,13.6,14.5425,0.935189960460719,0.655904402049635,"PRDM4",0.948914677351576,0.183159454355702
"MA0468.1","MA0468.1",8,2808,6.4,7.02,0.911680911680912,0.657415251521357,"DUX4",0.948914677351576,0.182160224844091
"MA0888.1","MA0888.1",3,1078,2.4,2.695,0.890538033395176,0.658261787186352,"EVX2",0.948914677351576,0.181601355443836
"MA1544.1","MA1544.1",1,342,0.8,0.855,0.935672514619883,0.658708884773688,"OVOL1",0.948914677351576,0.181306478683638
"MA1468.1","MA1468.1",6,2128,4.8,5.32,0.902255639097744,0.659083241166604,"ATOH7",0.948914677351576,0.181059731238602
"MA0068.2","MA0068.2",3,1083,2.4,2.7075,0.886426592797784,0.661342343790595,"PAX4",0.948914677351576,0.179573669817011
"MA0516.2","MA0516.2",17,5842,13.6,14.605,0.93118794933242,0.663105951909676,"SP2",0.948914677351576,0.178417073927942
"MA0636.1","MA0636.1",2,724,1.6,1.81,0.883977900552486,0.663582619458911,"BHLHE41",0.948914677351576,0.178104997530044
"MA0605.2","MA0605.2",4,1448,3.2,3.62,0.883977900552486,0.667007576465659,"ATF3",0.948914677351576,0.175869232952206
"MA0887.1","MA0887.1",3,1095,2.4,2.7375,0.876712328767123,0.66865477332646,"EVX1",0.948914677351576,0.174798050748064
"MA0633.1","MA0633.1",6,2150,4.8,5.375,0.893023255813953,0.668869142090593,"Twist2",0.948914677351576,0.174658839521888
"MA1484.1","MA1484.1",4,1453,3.2,3.6325,0.88093599449415,0.669656464309034,"ETS2",0.948914677351576,0.174147934489145
"MA0090.3","MA0090.3",10,3524,8,8.81,0.908059023836549,0.671300542138357,"TEAD1",0.948914677351576,0.173083002081276
"MA0063.2","MA0063.2",6,2158,4.8,5.395,0.889712696941613,0.672384364591408,"NKX2-5",0.948914677351576,0.172382394058598
"MA0158.2","MA0158.2",3,1103,2.4,2.7575,0.870353581142339,0.673466242184922,"HOXA5",0.948914677351576,0.171684168612479
"MA0696.1","MA0696.1",7,2507,5.6,6.2675,0.893498205025928,0.673916058782352,"ZIC1",0.948914677351576,0.171394194678207
"MA0840.1","MA0840.1",4,1462,3.2,3.655,0.875512995896033,0.674388594113035,"Creb5",0.948914677351576,0.171089783513295
"MA0879.1","MA0879.1",4,1464,3.2,3.66,0.87431693989071,0.675433905728803,"Dlx1",0.948914677351576,0.170417142247646
"MA0058.3","MA0058.3",4,1470,3.2,3.675,0.870748299319728,0.678556133335391,"MAX",0.950012566329826,0.168414219648407
"MA1547.1","MA1547.1",9,3205,7.2,8.0125,0.898595943837754,0.678787497216441,"PITX2",0.950012566329826,0.168266165676571
"MA0501.1","MA0501.1",12,4227,9.6,10.5675,0.908445706174592,0.680287519080565,"MAF::NFE2",0.950012566329826,0.167307496765674
"MA0703.2","MA0703.2",6,2180,4.8,5.45,0.880733944954128,0.681930974637355,"LMX1B",0.950012566329826,0.16625958260337
"MA1125.1","MA1125.1",31,10532,24.8,26.33,0.941891378655526,0.683749836958065,"ZNF384",0.950012566329826,0.165102764217154
"MA0649.1","MA0649.1",3,1126,2.4,2.815,0.852575488454707,0.687016380275959,"HEY2",0.950012566329826,0.163032908095248
"MA0886.1","MA0886.1",3,1126,2.4,2.815,0.852575488454707,0.687016380275959,"EMX2",0.950012566329826,0.163032908095248
"MA0784.1","MA0784.1",13,4586,10.4,11.465,0.907108591365024,0.687099401222674,"POU1F1",0.950012566329826,0.162980429927731
"MA1592.1","MA1592.1",7,2544,5.6,6.36,0.880503144654088,0.688801114600424,"ZNF274",0.950012566329826,0.161906158789561
"MA0653.1","MA0653.1",10,3575,8,8.9375,0.895104895104895,0.688950131882622,"IRF9",0.950012566329826,0.16181221239135
"MA1564.1","MA1564.1",15,5280,12,13.2,0.909090909090909,0.693341028340913,"SP9",0.954303334210925,0.159053099736538
"MA0059.1","MA0059.1",4,1506,3.2,3.765,0.849933598937583,0.696856407422468,"MAX::MYC",0.957375469497534,0.156856702373513
"MA0772.1","MA0772.1",13,4639,10.4,11.5975,0.896744988143997,0.703115461167138,"IRF7",0.958469198377762,0.152973352035141
"MA1621.1","MA1621.1",8,2931,6.4,7.3275,0.873422040259297,0.704121818064579,"Rbpjl",0.958469198377762,0.152352198334427
"MA0816.1","MA0816.1",16,5658,12.8,14.145,0.904913396960057,0.705102490406698,"Ascl2",0.958469198377762,0.151747751401561
"MA0037.3","MA0037.3",6,2237,4.8,5.5925,0.858292355833706,0.705833613095135,"GATA3",0.958469198377762,0.151297663581405
"MA0078.1","MA0078.1",7,2592,5.6,6.48,0.864197530864198,0.707468355788911,"Sox17",0.958469198377762,0.150292980840573
"MA0658.1","MA0658.1",3,1163,2.4,2.9075,0.825451418744626,0.707936287927004,"LHX6",0.958469198377762,0.150005825709657
"MA0618.1","MA0618.1",5,1891,4,4.7275,0.846113167636171,0.709416765699304,"LBX1",0.958469198377762,0.149098552028929
"MA0479.1","MA0479.1",8,2947,6.4,7.3675,0.868680013573125,0.709892152550112,"FOXH1",0.958469198377762,0.148807624675284
"MA0829.2","MA0829.2",5,1895,4,4.7375,0.844327176781003,0.711167250013964,"SREBF1(var.2)",0.958469198377762,0.148028251286588
"MA1108.2","MA1108.2",8,2959,6.4,7.3975,0.865157147685029,0.71417269142351,"MXI1",0.958469198377762,0.146196760403145
"MA1153.1","MA1153.1",9,3308,7.2,8.27,0.870616686819831,0.714864689812263,"Smad4",0.958469198377762,0.145776154043706
"MA1493.1","MA1493.1",3,1179,2.4,2.9475,0.814249363867684,0.716649263229396,"HES6",0.958469198377762,0.144693341281097
"MA0877.2","MA0877.2",1,403,0.8,1.0075,0.794044665012407,0.718532434329348,"BARHL1",0.958469198377762,0.143553623170207
"MA0719.1","MA0719.1",4,1553,3.2,3.8825,0.824211204121056,0.719627679406843,"RHOXF1",0.958469198377762,0.142892140514833
"MA0891.1","MA0891.1",3,1185,2.4,2.9625,0.810126582278481,0.719865055775716,"GSC2",0.958469198377762,0.142748907769643
"MA0648.1","MA0648.1",3,1188,2.4,2.97,0.808080808080808,0.721462437968845,"GSC",0.958469198377762,0.141786274975906
"MA0788.1","MA0788.1",13,4704,10.4,11.76,0.884353741496599,0.722092176999685,"POU3F3",0.958469198377762,0.141407360038229
"MA1587.1","MA1587.1",17,6060,13.6,15.15,0.897689768976898,0.722517938688532,"ZNF135",0.958469198377762,0.141151365766255
"MA0103.3","MA0103.3",10,3678,8,9.195,0.870038064165307,0.72284774541341,"ZEB1",0.958469198377762,0.14095316922019
"MA0606.1","MA0606.1",16,5726,12.8,14.315,0.89416695773664,0.723348738185899,"NFAT5",0.958469198377762,0.140652271786492
"MA1624.1","MA1624.1",13,4718,10.4,11.795,0.881729546417974,0.726081434234486,"Stat5a",0.960048504503905,0.139014667928934
"MA0676.1","MA0676.1",8,2996,6.4,7.49,0.854472630173565,0.727114483974137,"Nr2e1",0.960048504503905,0.138397204211323
"MA1122.1","MA1122.1",6,2300,4.8,5.75,0.834782608695652,0.730833902001666,"TFDP1",0.960273597630857,0.13618131475307
"MA1558.1","MA1558.1",10,3705,8,9.2625,0.863697705802969,0.731335687167897,"SNAI1",0.960273597630857,0.135883233683727
"MA0757.1","MA0757.1",7,2658,5.6,6.645,0.842738901429646,0.731927069777738,"ONECUT3",0.960273597630857,0.135532190486718
"MA1562.1","MA1562.1",5,1945,4,4.8625,0.822622107969152,0.732433883447664,"SOX14",0.960273597630857,0.135231572816593
"MA0500.2","MA0500.2",12,4403,9.6,11.0075,0.872132636838519,0.733861912078448,"MYOG",0.960281438696554,0.134385651888059
"MA0106.3","MA0106.3",3,1214,2.4,3.035,0.790774299835255,0.735014345168542,"TP53",0.960281438696554,0.133704184770575
"MA0735.1","MA0735.1",2,840,1.6,2.1,0.761904761904762,0.741158752396061,"GLIS1",0.961765312684318,0.130088758410405
"MA0739.1","MA0739.1",7,2687,5.6,6.7175,0.833643468552289,0.742226446142403,"Hic1",0.961765312684318,0.129463575439818
"MA0781.1","MA0781.1",2,842,1.6,2.105,0.760095011876485,0.742352564973133,"PAX9",0.961765312684318,0.129389786558294
"MA0709.1","MA0709.1",4,1603,3.2,4.0075,0.798502807236432,0.742461897868916,"Msx3",0.961765312684318,0.129325828838858
"MA1474.1","MA1474.1",3,1229,2.4,3.0725,0.781122864117168,0.74259627360076,"CREB3L4",0.961765312684318,0.12924723442401
"MA0828.1","MA0828.1",2,845,1.6,2.1125,0.757396449704142,0.744134540200863,"SREBF2(var.2)",0.962087291143576,0.128348536518092
"MA1588.1","MA1588.1",8,3056,6.4,7.64,0.837696335078534,0.747270492170643,"ZNF136",0.964470219998789,0.12652216660035
"MA0693.2","MA0693.2",5,1987,4,4.9675,0.805234021137393,0.749418789510879,"VDR",0.965572395466521,0.125275422426375
"MA1645.1","MA1645.1",9,3427,7.2,8.5675,0.840385176539247,0.753226486140726,"NKX2-2",0.966930508485896,0.123074417037579
"MA0853.1","MA0853.1",3,1257,2.4,3.1425,0.763723150357995,0.756292292808775,"Alx4",0.966930508485896,0.121310325371015
"MA0651.1","MA0651.1",2,866,1.6,2.165,0.739030023094688,0.75631766064682,"HOXC11",0.966930508485896,0.121295758347895
"MA0896.1","MA0896.1",4,1637,3.2,4.0925,0.781918142944411,0.757177676832028,"Hmx1",0.966930508485896,0.120802198421367
"MA0464.2","MA0464.2",2,873,1.6,2.1825,0.733104238258877,0.760267096786111,"BHLHE40",0.966930508485896,0.119033804717038
"MA0844.1","MA0844.1",2,875,1.6,2.1875,0.731428571428571,0.761385388138478,"XBP1",0.966930508485896,0.118395462052412
"MA1635.1","MA1635.1",11,4163,8.8,10.4075,0.845544078789334,0.763707059160681,"BHLHE22(var.2)",0.966930508485896,0.117073195071931
"MA0766.2","MA0766.2",4,1653,3.2,4.1325,0.774349667271627,0.763877958815713,"GATA5",0.966930508485896,0.116976021066457
"MA0907.1","MA0907.1",4,1656,3.2,4.14,0.772946859903382,0.765118362841042,"HOXC13",0.966930508485896,0.116271374843207
"MA0052.4","MA0052.4",24,8610,19.2,21.525,0.89198606271777,0.768217989752239,"MEF2A",0.966930508485896,0.114515526956512
"MA0507.1","MA0507.1",13,4879,10.4,12.1975,0.852633736421398,0.769392912339862,"POU2F2",0.966930508485896,0.113851818738672
"MA0024.3","MA0024.3",1,468,0.8,1.17,0.683760683760684,0.770859851471612,"E2F1",0.966930508485896,0.113024573006281
"MA0463.2","MA0463.2",6,2410,4.8,6.025,0.796680497925311,0.770881284717563,"BCL6",0.966930508485896,0.11301249790466
"MA0801.1","MA0801.1",6,2414,4.8,6.035,0.795360397680199,0.772251444799652,"MGA",0.966930508485896,0.112241270507341
"MA0803.1","MA0803.1",6,2414,4.8,6.035,0.795360397680199,0.772251444799652,"TBX15",0.966930508485896,0.112241270507341
"MA1538.1","MA1538.1",3,1292,2.4,3.23,0.743034055727554,0.772589864150812,"NR2F1(var.3)",0.966930508485896,0.112050993799595
"MA0837.1","MA0837.1",2,900,1.6,2.25,0.711111111111111,0.774990210110336,"CEBPE",0.966930508485896,0.110703783586482
"MA0027.2","MA0027.2",3,1298,2.4,3.245,0.73959938366718,0.775293520080625,"EN1",0.966930508485896,0.110533845857641
"MA1501.1","MA1501.1",3,1299,2.4,3.2475,0.739030023094688,0.775741590756894,"HOXB7",0.966930508485896,0.110282923584819
"MA0798.2","MA0798.2",9,3505,7.2,8.7625,0.821683309557775,0.776395944481303,"RFX3",0.966930508485896,0.109916741823077
"MA0808.1","MA0808.1",7,2795,5.6,6.9875,0.801431127012522,0.778167933088351,"TEAD3",0.96752213013985,0.108926669664016
"MA0466.2","MA0466.2",2,911,1.6,2.2775,0.702524698133919,0.780760767821667,"CEBPB",0.969130670207926,0.107482017506621
"MA0029.1","MA0029.1",8,3177,6.4,7.9425,0.805791627321372,0.784770244640876,"Mecom",0.972489372927066,0.105257472031342
"MA0838.1","MA0838.1",2,923,1.6,2.3075,0.693391115926327,0.786909012388571,"CEBPG",0.973522592440919,0.104075480731143
"MA0151.1","MA0151.1",24,8725,19.2,21.8125,0.880229226361032,0.791041777598361,"Arid3a",0.977015175643009,0.101800579332526
"MA0604.1","MA0604.1",1,508,0.8,1.27,0.62992125984252,0.798136648759396,"Atf1",0.981999671329211,0.0979227468427729
"MA1655.1","MA1655.1",9,3584,7.2,8.96,0.803571428571429,0.798264896488302,"ZNF341",0.981999671329211,0.0978529683070829
"MA0482.2","MA0482.2",6,2496,4.8,6.24,0.769230769230769,0.799026542220953,"GATA4",0.981999671329211,0.0974387939668096
"MA0092.1","MA0092.1",7,2880,5.6,7.2,0.777777777777778,0.803798670224473,"Hand1::Tcf3",0.983770433514463,0.0948527166245153
"MA0009.2","MA0009.2",2,960,1.6,2.4,0.666666666666667,0.804928800817303,"TBXT",0.983770433514463,0.0942425330230414
"MA0036.3","MA0036.3",5,2142,4,5.355,0.746965452847806,0.805266367285171,"GATA2",0.983770433514463,0.0940604392504073
"MA1519.1","MA1519.1",3,1370,2.4,3.425,0.700729927007299,0.805742271953535,"LHX5",0.983770433514463,0.0938038512069167
"MA0705.1","MA0705.1",4,1781,3.2,4.4525,0.718697361033127,0.812453292567832,"Lhx8",0.987551637722216,0.0902015969498544
"MA0763.1","MA0763.1",3,1393,2.4,3.4825,0.689160086145011,0.814716921460367,"ETV3",0.987551637722216,0.0889932634112852
"MA1632.1","MA1632.1",8,3287,6.4,8.2175,0.778825676909036,0.815236070610089,"ATF2",0.987551637722216,0.0887166129560514
"MA1529.1","MA1529.1",8,3295,6.4,8.2375,0.776934749620637,0.8173194681343,"NHLH2",0.987551637722216,0.0876081562841814
"MA1554.1","MA1554.1",2,990,1.6,2.475,0.646464646464647,0.818541064847028,"RFX7",0.987551637722216,0.0869595278719544
"MA0595.1","MA0595.1",6,2562,4.8,6.405,0.749414519906323,0.818791150981982,"SREBF1",0.987551637722216,0.0868268595860613
"MA0109.1","MA0109.1",3,1408,2.4,3.52,0.681818181818182,0.820380996270536,"HLTF",0.987551637722216,0.0859844084090245
"MA0725.1","MA0725.1",3,1409,2.4,3.5225,0.681334279630944,0.820753371833477,"VSX1",0.987551637722216,0.0857873244187074
"MA0726.1","MA0726.1",3,1409,2.4,3.5225,0.681334279630944,0.820753371833477,"VSX2",0.987551637722216,0.0857873244187074
"MA0895.1","MA0895.1",2,1007,1.6,2.5175,0.635551142005958,0.825875085341182,"HMBOX1",0.990783876712078,0.0830856353061292
"MA0637.1","MA0637.1",1,555,0.8,1.3875,0.576576576576577,0.826095940100419,"CENPB",0.990783876712078,0.0829695121994489
"MA0616.2","MA0616.2",2,1013,1.6,2.5325,0.631786771964462,0.828399878542484,"HES2",0.991882575464718,0.0817599734535402
"MA0805.1","MA0805.1",7,2981,5.6,7.4525,0.751425696075143,0.831292163006821,"TBX1",0.991882575464718,0.0802463137828836
"MA0083.3","MA0083.3",2,1020,1.6,2.55,0.627450980392157,0.831304173619673,"SRF",0.991882575464718,0.0802400390873717
"MA1585.1","MA1585.1",3,1441,2.4,3.6025,0.666204024982651,0.832330418553503,"ZKSCAN1",0.991882575464718,0.0797042332433799
"MA0660.1","MA0660.1",12,4806,9.6,12.015,0.799001248439451,0.833685057246378,"MEF2B",0.991912364762038,0.0789979826142776
"MA0503.1","MA0503.1",8,3381,6.4,8.4525,0.757172434191068,0.838610517086592,"Nkx2-5(var.2)",0.995233331398134,0.0764396953738629
"MA0762.1","MA0762.1",4,1870,3.2,4.675,0.684491978609626,0.841230121500328,"ETV2",0.995233331398134,0.0750851851450447
"MA1118.1","MA1118.1",5,2263,4,5.6575,0.70702607158639,0.841723076877475,"SIX1",0.995233331398134,0.0748307659414107
"MA1623.1","MA1623.1",31,11374,24.8,28.435,0.872164585897661,0.841812643582067,"Stat2",0.995233331398134,0.0747845556648711
"MA0743.2","MA0743.2",5,2272,4,5.68,0.704225352112676,0.844198873870145,"SCRT1",0.996475253017608,0.0735552315138873
"MA1542.1","MA1542.1",2,1065,1.6,2.6625,0.60093896713615,0.848947135077898,"OSR1",0.998655624323592,0.0711193529348229
"MA1648.1","MA1648.1",10,4161,8,10.4025,0.769045902427301,0.849114701690181,"TCF12(var.2)",0.998655624323592,0.0710336396189398
"MA0902.2","MA0902.2",2,1068,1.6,2.67,0.599250936329588,0.850062093090457,"HOXB2",0.998655624323592,0.0705493499308484
"MA1121.1","MA1121.1",7,3072,5.6,7.68,0.729166666666667,0.853420225315351,"TEAD2",1,0.0688370689541295
"MA0164.1","MA0164.1",5,2311,4,5.7775,0.692340977931631,0.854566129915734,"Nr2e3",1,0.068254324112078
"MA1570.1","MA1570.1",3,1512,2.4,3.78,0.634920634920635,0.855764071856416,"TFAP4(var.2)",1,0.0676459507593579
"MA0843.1","MA0843.1",2,1093,1.6,2.7325,0.585544373284538,0.859068402595101,"TEF",1,0.0659722544611013
"MA1143.1","MA1143.1",2,1094,1.6,2.735,0.585009140767825,0.859418253573575,"FOSL1::JUND(var.2)",1,0.0657954263769339
"MA1618.1","MA1618.1",11,4579,8.8,11.4475,0.768726796243721,0.859920114979744,"Ptf1a",1,0.0655418920528524
"MA0691.1","MA0691.1",7,3132,5.6,7.83,0.715197956577267,0.866704921960195,"TFAP4",1,0.0621287370993652
"MA0506.1","MA0506.1",5,2360,4,5.9,0.677966101694915,0.866782612887864,"NRF1",1,0.0620898089380432
"MA1565.1","MA1565.1",10,4252,8,10.63,0.752587017873942,0.867020608357385,"TBX18",1,0.0619705795831617
"MA1566.1","MA1566.1",6,2754,4.8,6.885,0.697167755991285,0.867750327527637,"TBX3",1,0.0616052137344315
"MA0744.2","MA0744.2",5,2372,4,5.93,0.674536256323777,0.8696411782421,"SCRT2",1,0.0606599042254499
"MA1631.1","MA1631.1",12,5003,9.6,12.5075,0.767539476314211,0.871016172748734,"ASCL1(var.2)",1,0.0599737810769238
"MA0018.4","MA0018.4",7,3156,5.6,7.89,0.709759188846641,0.871739722632959,"CREB1",1,0.0596131640324045
"MA1464.1","MA1464.1",2,1134,1.6,2.835,0.564373897707231,0.872782307160752,"ARNT2",1,0.0590940662468654
"MA0875.1","MA0875.1",2,1142,1.6,2.855,0.560420315236427,0.87531206780816,"BARX1",1,0.0578370839324135
"MA0748.2","MA0748.2",3,1585,2.4,3.9625,0.605678233438486,0.876853050792225,"YY2",1,0.0570731826629172
"MA1563.1","MA1563.1",3,1591,2.4,3.9775,0.603394091766185,0.878459921353435,"SOX18",1,0.0562780478648746
"MA1539.1","MA1539.1",2,1155,1.6,2.8875,0.554112554112554,0.87932511301002,"NR2F6(var.3)",1,0.0558505234688403
"MA0806.1","MA0806.1",4,2028,3.2,5.07,0.631163708086785,0.883278182186444,"TBX4",1,0.0539024969185325
"MA0807.1","MA0807.1",4,2028,3.2,5.07,0.631163708086785,0.883278182186444,"TBX5",1,0.0539024969185325
"MA1619.1","MA1619.1",8,3597,6.4,8.9925,0.71170419794273,0.883623022015267,"Ptf1a(var.2)",1,0.0537329774950993
"MA0775.1","MA0775.1",7,3233,5.6,8.0825,0.692854933498299,0.886859707217383,"MEIS3",1,0.0521450759971721
"MA0760.1","MA0760.1",3,1624,2.4,4.06,0.591133004926108,0.886972463808535,"ERF",1,0.052089862695484
"MA0765.2","MA0765.2",4,2049,3.2,5.1225,0.624694973157638,0.888076582428937,"ETV5",1,0.0515495816400772
"MA0812.1","MA0812.1",5,2463,4,6.1575,0.649614291514413,0.889695297982755,"TFAP2B(var.2)",1,0.05075870466107
"MA0140.2","MA0140.2",4,2071,3.2,5.1775,0.618058908739739,0.892920129605985,"GATA1::TAL1",1,0.04918738637764
"MA0609.2","MA0609.2",2,1207,1.6,3.0175,0.530240265120133,0.894221989187584,"CREM",1,0.0485546549047882
"MA0756.1","MA0756.1",3,1657,2.4,4.1425,0.579360289680145,0.894954051695624,"ONECUT2",1,0.0481992614520178
"MA0747.1","MA0747.1",13,5532,10.4,13.83,0.751988430947216,0.896812694673307,"SP8",1,0.0472982527909313
"MA0509.2","MA0509.2",8,3678,6.4,9.195,0.696030451332246,0.897627012754859,"RFX1",1,0.0469040864423548
"MA0051.1","MA0051.1",8,3680,6.4,9.2,0.695652173913044,0.89795440856351,"IRF2",1,0.0467457130119074
"MA1652.1","MA1652.1",20,8051,16,20.1275,0.794932306545771,0.899773620703351,"ZKSCAN5",1,0.0458667435008664
"MA0728.1","MA0728.1",6,2914,4.8,7.285,0.658888126286891,0.899774385352622,"Nr2f6(var.2)",1,0.0458663744271238
"MA1578.1","MA1578.1",3,1692,2.4,4.23,0.567375886524823,0.902868569060088,"VEZF1",1,0.044375465507439
"MA0712.2","MA0712.2",4,2125,3.2,5.3125,0.602352941176471,0.904045845890942,"OTX2",1,0.0438095450638041
"MA0598.3","MA0598.3",16,6708,12.8,16.77,0.763267740011926,0.908698843229832,"EHF",1,0.041580024802352
"MA0773.1","MA0773.1",13,5662,10.4,14.155,0.734722712822324,0.913767312818157,"MEF2D",1,0.0391643815359569
"MA0729.1","MA0729.1",5,2601,4,6.5025,0.615148019992311,0.915084398399455,"RARA",1,0.038538849027736
"MA0486.2","MA0486.2",5,2604,4,6.51,0.614439324116743,0.915574920438669,"HSF1",1,0.0383061120921537
"MA1480.1","MA1480.1",2,1296,1.6,3.24,0.493827160493827,0.91584414562589,"DPRX",1,0.0381784263907122
"MA0522.3","MA0522.3",9,4222,7.2,10.555,0.682141165324491,0.920948019474056,"TCF3",1,0.0357648817387229
"MA0796.1","MA0796.1",4,2243,3.2,5.6075,0.570664288898796,0.924898969823959,"TGIF1",1,0.0339057042818207
"MA1641.1","MA1641.1",7,3510,5.6,8.775,0.638176638176638,0.929583124163095,"MYF5",1,0.0317117691505732
"MA1418.1","MA1418.1",11,5088,8.8,12.72,0.691823899371069,0.932952119813825,"IRF3",1,0.0301406441787177
"MA0499.2","MA0499.2",8,3967,6.4,9.9175,0.645323922359466,0.93671238060601,"MYOD1",1,0.0283937396254553
"MA1107.2","MA1107.2",18,7712,14.4,19.28,0.746887966804979,0.937393745725952,"KLF9",1,0.0280779484110384
"MA0681.2","MA0681.2",12,5520,9.6,13.8,0.695652173913043,0.9383747267523,"PHOX2B",1,0.0276236975888433
"MA0911.1","MA0911.1",1,892,0.8,2.23,0.358744394618834,0.940601067708906,"Hoxa11",1,0.0265945326069253
"MA0668.1","MA0668.1",1,893,0.8,2.2325,0.358342665173572,0.940790923148621,"NEUROD2",1,0.0265068813673024
"MA0156.2","MA0156.2",2,1438,1.6,3.595,0.445062586926287,0.942007677641121,"FEV",1,0.025945557564251
"MA0885.1","MA0885.1",2,1456,1.6,3.64,0.43956043956044,0.944715007408318,"Dlx2",1,0.0246991855405317
"MA0498.2","MA0498.2",4,2405,3.2,6.0125,0.532224532224532,0.946947393504576,"MEIS1",1,0.0236741470213025
"MA0664.1","MA0664.1",1,929,0.8,2.3225,0.344456404736276,0.94723912250182,"MLXIPL",1,0.0235403731889528
"MA0692.1","MA0692.1",2,1488,1.6,3.72,0.43010752688172,0.949235942192564,"TFEB",1,0.0226258258693923
"MA1568.1","MA1568.1",2,1493,1.6,3.7325,0.42866711319491,0.949909961734533,"TCF21(var.2)",1,0.0223175578427421
"MA1475.1","MA1475.1",1,946,0.8,2.365,0.338266384778013,0.950036965043075,"CREB3L4(var.2)",1,0.0222594963933532
"MA0634.1","MA0634.1",3,1993,2.4,4.9825,0.481685900652283,0.951733193901258,"ALX3",1,0.0214847833976385
"MA0663.1","MA0663.1",1,972,0.8,2.43,0.329218106995885,0.954033855917427,"MLX",1,0.02043621316045
"MA0050.2","MA0050.2",32,12857,25.6,32.1425,0.796453293925488,0.954322779774166,"IRF1",1,0.0203047093992725
"MA0006.1","MA0006.1",12,5725,9.6,14.3125,0.670742358078603,0.955255087727245,"Ahr::Arnt",1,0.0198806405634123
"MA0822.1","MA0822.1",1,982,0.8,2.455,0.325865580448065,0.95548519928577,"HES7",1,0.0197760358913366
"MA0474.2","MA0474.2",2,1572,1.6,3.93,0.407124681933842,0.959497135767586,"ERG",1,0.0179563173560125
"MA0475.2","MA0475.2",2,1574,1.6,3.935,0.406607369758577,0.959715604340551,"FLI1",1,0.0178574437979799
"MA0818.1","MA0818.1",1,1019,0.8,2.5475,0.314033366045142,0.960470725383325,"BHLHE22",1,0.0175158676562538
"MA0771.1","MA0771.1",4,2539,3.2,6.3475,0.504135486411973,0.960560766563378,"HSF4",1,0.0174751557909527
"MA1147.1","MA1147.1",1,1020,0.8,2.55,0.313725490196078,0.960597483530297,"NR4A2::RXRA",1,0.0174585554134189
"MA0821.1","MA0821.1",1,1031,0.8,2.5775,0.310378273520854,0.96196548776003,"HES5",1,0.0168405087774087
"MA0527.1","MA0527.1",1,1073,0.8,2.6825,0.298229263746505,0.966768979048032,"ZBTB33",1,0.0146772933537586
"MA0645.1","MA0645.1",4,2626,3.2,6.565,0.487433358720487,0.967600667580057,"ETV6",1,0.0143038406757686
"MA0639.1","MA0639.1",1,1082,0.8,2.705,0.295748613678373,0.967717216295088,"DBP",1,0.0142515325104863
"MA0473.3","MA0473.3",14,6702,11.2,16.755,0.668457176962101,0.96837035506331,"ELF1",1,0.0139585141802073
"MA0678.1","MA0678.1",1,1138,0.8,2.845,0.281195079086116,0.973042767776978,"OLIG2",1,0.0118680709327218
"MA1146.1","MA1146.1",1,1197,0.8,2.9925,0.267335004177109,0.977712422290967,"NR1H4::RXRA",1,0.00978886686679718
"MA1638.1","MA1638.1",8,4608,6.4,11.52,0.555555555555556,0.980672264813903,"HAND2",1,0.00847610716005355
"MA0669.1","MA0669.1",2,1871,1.6,4.6775,0.34206306787814,0.982224299470215,"NEUROG2",1,0.00778932596160445
"MA0827.1","MA0827.1",1,1279,0.8,3.1975,0.250195465207193,0.982898413117199,"OLIG3",1,0.0074913660971447
"MA0091.1","MA0091.1",6,3817,4.8,9.5425,0.503012837306785,0.983097670492211,"TAL1::TCF3",1,0.00740333298307716
"MA0136.2","MA0136.2",4,2905,3.2,7.2625,0.440619621342513,0.983097763339287,"ELF5",1,0.00740329196683617
"MA0783.1","MA0783.1",4,2923,3.2,7.3075,0.437906260691071,0.983808755489702,"PKNOX2",1,0.00708931671880601
"MA0497.1","MA0497.1",17,8263,13.6,20.6575,0.658356529105652,0.98421594848594,"MEF2C",1,0.00690960182650629
"MA0759.1","MA0759.1",1,1414,0.8,3.535,0.226308345120226,0.988955882041403,"ELK3",1,0.00482308212712712
"MA0461.2","MA0461.2",1,1423,0.8,3.5575,0.22487702037948,0.989273771942476,"Atoh1",1,0.00468350497459666
"MA0028.2","MA0028.2",1,1459,0.8,3.6475,0.21932830705963,0.990457078973327,"ELK1",1,0.00416433968012571
"MA0774.1","MA0774.1",2,2159,1.6,5.3975,0.296433534043539,0.99215751911771,"MEIS2",1,0.00341937194579803
"MA1571.1","MA1571.1",1,1529,0.8,3.8225,0.209287115761936,0.992399640299718,"TGIF2LX",1,0.00331340181203704
"MA1109.1","MA1109.1",9,5607,7.2,14.0175,0.513643659711075,0.994019321150941,"NEUROD1",1,0.00260517396517461
"MA0750.2","MA0750.2",3,2859,2.4,7.1475,0.335781741867786,0.994720755674701,"ZBTB7A",1,0.00229882004867543
"MA0098.3","MA0098.3",1,1646,0.8,4.115,0.194410692588092,0.994809427592515,"ETS1",1,0.00226010766827945
"MA1567.1","MA1567.1",2,2368,1.6,5.92,0.27027027027027,0.995725948312718,"TBX6",1,0.00186017514331051
"MA1642.1","MA1642.1",8,5489,6.4,13.7225,0.466387320094735,0.996996689555209,"NEUROG2(var.2)",1,0.00130628372474569
"MA1483.1","MA1483.1",1,1827,0.8,4.5675,0.175150519978106,0.997129207527905,"ELF2",1,0.00124856236977655
"MA0139.1","MA0139.1",16,9047,12.8,22.6175,0.565933458605063,0.998141486894166,"CTCF",1,0.000807892958994363
"MA0797.1","MA0797.1",1,2210,0.8,5.525,0.144796380090498,0.999187765982357,"TGIF2",1,0.000352892086763803
"MA0076.2","MA0076.2",1,2380,0.8,5.95,0.134453781512605,0.999538134818813,"ELK4",1,0.000200631835569521
"MA0067.1","MA0067.1",0,680,0,1.7,0,1,"Pax2",1,0
"MA0615.1","MA0615.1",0,392,0,0.98,0,1,"Gmeb1",1,0
"MA0641.1","MA0641.1",0,2069,0,5.1725,0,1,"ELF4",1,0
"MA0711.1","MA0711.1",0,291,0,0.7275,0,1,"OTX1",1,0
"MA0749.1","MA0749.1",0,205,0,0.5125,0,1,"ZBED1",1,0
"MA0754.1","MA0754.1",0,505,0,1.2625,0,1,"CUX1",1,0
"MA0777.1","MA0777.1",0,332,0,0.83,0,1,"MYBL2",1,0
"MA0511.2","MA0511.2",0,1205,0,3.0125,0,1,"RUNX2",1,0
"MA0817.1","MA0817.1",0,1186,0,2.965,0,1,"BHLHE23",1,0
"MA0826.1","MA0826.1",0,1005,0,2.5125,0,1,"OLIG1",1,0
"MA0862.1","MA0862.1",0,295,0,0.7375,0,1,"GMEB2",1,0
"MA1546.1","MA1546.1",0,604,0,1.51,0,1,"PAX3(var.2)",1,0
"MA1572.1","MA1572.1",0,1403,0,3.5075,0,1,"TGIF2LY",1,0
"MA0864.2","MA0864.2",0,743,0,1.8575,0,1,"E2F2",1,0
"MA0470.2","MA0470.2",0,540,0,1.35,0,1,"E2F4",1,0
"MA0594.2","MA0594.2",0,248,0,0.62,0,1,"HOXA9",1,0
"MA0623.2","MA0623.2",0,1035,0,2.5875,0,1,"NEUROG1",1,0
